"date_time","durafet_temp","v1","trisph","tk","st","eot","omegasph","diff","tempdiff","phdiff","logger","tolerance"
2022-12-16 16:10:06,18.902553757815,0.09201,8.2869297682812,292.052553757815,0.057948814191599,-0.376689112457815,8.08815709167287,0.198772676608332,0,0,"arduino","-5"
2022-12-16 16:10:16,18.9083196243751,0.09201,8.28674390700553,292.058319624375,0.0579499582498366,-0.376694878324375,8.08809691119486,0.198646995810666,0.00576586656011102,6.01804780018256e-05,"arduino","-5"
2022-12-16 16:10:26,18.9054362580701,0.09202,8.28683685085724,292.05543625807,0.0579493861347974,-0.37669199495807,8.08829957003838,0.19853728081886,0.00288250025508674,0.000142478365516396,"arduino","-5"
2022-12-16 16:10:36,18.91408895711,0.09206,8.28655793995978,292.06408895711,0.0579511029958297,-0.37670064765711,8.08889949326492,0.197658446694854,0.0115351992949826,0.000742401592058073,"arduino","-5"
2022-12-16 16:10:46,18.9083196243751,0.09205,8.28674390700553,292.058319624375,0.0579499582498366,-0.376694878324375,8.08878716190786,0.197956745097672,0.00576586656011102,0.000630070234992175,"arduino","-5"
2022-12-16 16:10:56,18.9169749245284,0.09209,8.28646491673658,292.066974924528,0.0579516756269796,-0.376703533624528,8.08938703760759,0.197077879128985,0.0144211667134329,0.00122994593472647,"arduino","-5"
2022-12-16 16:11:06,18.91408895711,0.09206,8.28655793995978,292.06408895711,0.0579511029958297,-0.37670064765711,8.08889949326492,0.197658446694854,0.00576933273487157,0.000802582070059898,"arduino","-5"
2022-12-16 16:11:16,18.919861759974,0.09208,8.28637186702673,292.069861759974,0.0579522484303627,-0.376706420459974,8.08918433981527,0.197187527211458,0.0144255019038972,0.000884769776890337,"arduino","-5"
2022-12-16 16:11:26,18.9169749245284,0.09207,8.28646491673658,292.066974924528,0.0579516756269796,-0.376703533624528,8.08904192247876,0.197422994257817,0.00288596741845026,0.000142429213836337,"arduino","-5"
2022-12-16 16:11:36,18.925638036928,0.09205,8.28618568808844,292.075638036928,0.0579533945542216,-0.376712196736928,8.0886063766006,0.197579311487832,0.0173184125529247,0.000180785307252407,"arduino","-5"
2022-12-16 16:11:46,18.9227494639419,0.09206,8.28627879081557,292.072749463942,0.0579528214060772,-0.376709308163942,8.08880908280997,0.197469708005599,0.00577453941351536,0.000577954797618574,"arduino","-5"
2022-12-16 16:11:56,18.9285274794284,0.09209,8.28609255883043,292.078527479428,0.0579539678748943,-0.376715086179428,8.08926641902142,0.196826139809014,0.0144385223184678,0.000366925756495107,"arduino","-5"
2022-12-16 16:12:06,18.925638036928,0.09208,8.28618568808844,292.075638036928,0.0579533945542216,-0.376712196736928,8.08912403393942,0.197061654149021,0.0057762769540517,6.0305875855704e-05,"arduino","-5"
2022-12-16 16:12:16,18.9343089749589,0.09208,8.28590622066309,292.084308974959,0.0579551150342186,-0.376720867674959,8.08903351150564,0.196872709157455,0.0173340504304349,8.41097312154204e-06,"arduino","-5"
2022-12-16 16:12:26,18.9285274794284,0.09211,8.28609255883043,292.078527479428,0.0579539678748943,-0.376715086179428,8.08961152049994,0.196481038330491,0.00288944250041467,0.00100514389933615,"arduino","-5"
2022-12-16 16:12:36,18.9372010289833,0.09211,8.28581301172414,292.087201028983,0.0579556888730676,-0.376723759728983,8.08952095722312,0.196292054501027,0.0144515650413375,0.000711874413143576,"arduino","-5"
2022-12-16 16:12:46,18.9314177919397,0.0921,8.28599940302695,292.08141779194,0.0579545413681938,-0.37671797649194,8.08940879220266,0.196590610824284,0.0028903125112798,0.000142373181246214,"arduino","-5"
2022-12-16 16:12:56,18.9400939545108,0.09214,8.28571977619544,292.090093954511,0.0579562628848395,-0.376726652654511,8.09000838418723,0.195711392008207,0.014455917582751,0.000884350247812193,"arduino","-5"
2022-12-16 16:13:06,18.9372010289833,0.09211,8.28581301172414,292.087201028983,0.0579556888730676,-0.376723759728983,8.08952095722312,0.196292054501027,0.00289205402441794,0.000487445717478607,"arduino","-5"
2022-12-16 16:13:16,18.9429877520396,0.0921,8.28562651406185,292.09298775204,0.0579568370696331,-0.37672954645204,8.08928799700986,0.196338517051982,0.0144602726111529,0.000323523490077804,"arduino","-5"
2022-12-16 16:13:26,18.9400939545108,0.09209,8.28571977619544,292.090093954511,0.0579562628848395,-0.376726652654511,8.0891456646551,0.196574111540336,0.00289292552750098,0.000375292568017827,"arduino","-5"
2022-12-16 16:13:36,18.9487779650962,0.09213,8.28543990992148,292.098777965096,0.0579579859586815,-0.376735336665096,8.08974516470177,0.195694745219713,0.0173601731565078,0.00033637249910079,"arduino","-5"
2022-12-16 16:13:46,18.9429877520396,0.0921,8.28562651406185,292.09298775204,0.0579568370696331,-0.37672954645204,8.08928799700986,0.196338517051982,0.00289379752881658,0.000720387177365112,"arduino","-5"
2022-12-16 16:13:56,18.9516743816226,0.0921,8.28534656788491,292.101674381623,0.0579585606631343,-0.376738233081623,8.08919731127548,0.196149256609438,0.0144733526393388,0.000323645947640117,"arduino","-5"
2022-12-16 16:14:06,18.9487779650962,0.09212,8.28543990992148,292.098777965096,0.0579579859586815,-0.376735336665096,8.08957262592502,0.19586728399646,0.00579021305663474,0.000284628915155238,"arduino","-5"
2022-12-16 16:14:16,18.9574698371711,0.09213,8.28515980380479,292.107469837171,0.0579597105923933,-0.376744028537171,8.08965441243433,0.195505391370462,0.0173758826602963,0.000508747779226937,"arduino","-5"
2022-12-16 16:14:26,18.9516743816226,0.09212,8.28534656788491,292.101674381623,0.0579585606631343,-0.376738233081623,8.08954238540726,0.195804182477659,0.0028964165263865,0.000202779294509625,"arduino","-5"
2022-12-16 16:14:36,18.9603688771943,0.09211,8.2850663817315,292.110368877194,0.0579602858173981,-0.376746927577194,8.08927908075388,0.195787300977619,0.0173811251546887,8.91625598598011e-06,"arduino","-5"
2022-12-16 16:14:46,18.9574698371711,0.09209,8.28515980380479,292.107469837171,0.0579597105923933,-0.376744028537171,8.08896427786341,0.196195525941377,0.00579545554845851,0.000233033412065708,"arduino","-5"
2022-12-16 16:14:56,18.9632687927182,0.0921,8.28497293294942,292.113268792718,0.057960861216119,-0.376749827492718,8.08907627760248,0.195896655346932,0.0144908276219233,0.000496348322535312,"arduino","-5"
2022-12-16 16:15:06,18.9574698371711,0.09211,8.28515980380479,292.107469837171,0.0579597105923933,-0.376744028537171,8.08930934514887,0.195850458655919,0,0.00034506728545658,"arduino","-5"
2022-12-16 16:15:16,18.9661695842444,0.09212,8.28487945744382,292.116169584244,0.0579614367886555,-0.376752728284244,8.08939105484725,0.19548840259657,0.0144952026217346,0.000151330560004936,"arduino","-5"
2022-12-16 16:15:26,18.9632687927182,0.0921,8.28497293294942,292.113268792718,0.057960861216119,-0.376749827492718,8.08907627760248,0.195896655346932,0.00289991552386937,0.000202803151394093,"arduino","-5"
2022-12-16 16:15:36,18.9690712522749,0.09212,8.28478595519971,292.119071252275,0.0579620125351072,-0.376755629952275,8.08936076310808,0.195425192091633,0.011601415103776,0.000396485244664291,"arduino","-5"
2022-12-16 16:15:46,18.9661695842444,0.0921,8.28487945744382,292.116169584244,0.0579614367886555,-0.376752728284244,8.08904599783852,0.1958334596053,0.00290079152619782,3.02797639619712e-05,"arduino","-5"
2022-12-16 16:15:56,18.9719737973122,0.09208,8.28469242620213,292.121973797312,0.0579625884555739,-0.376758532497312,8.08864036251001,0.196052063692113,0.0145039601410808,0.000668982638854843,"arduino","-5"
2022-12-16 16:16:06,18.9690712522749,0.09211,8.28478595519971,292.119071252275,0.0579620125351072,-0.376755629952275,8.08918823631746,0.195597718882246,0.00290166803049985,0.000202818529787763,"arduino","-5"
2022-12-16 16:16:16,18.9748772198591,0.09208,8.28459887043618,292.124877219859,0.0579631645501553,-0.376761435919859,8.08861006051822,0.195988809917962,0.0116084271409136,0.000466217084261089,"arduino","-5"
2022-12-16 16:16:26,18.9748772198591,0.0921,8.28459887043618,292.124877219859,0.0579631645501553,-0.376761435919859,8.08895510724152,0.195643763194663,0.00580596758421592,0.000405655866554611,"arduino","-5"
2022-12-16 16:16:36,18.9806866994953,0.09209,8.2844116785393,292.130686699495,0.0579643172620616,-0.376767245399495,8.08872195077796,0.195689727761341,0.0145171152509711,0.000324047060562549,"arduino","-5"
2022-12-16 16:16:46,18.9777815204189,0.09209,8.28450528788693,292.127781520419,0.0579637408189512,-0.376764340220419,8.08875227161197,0.195753016274956,0.00580772310674504,0.000111909101958574,"arduino","-5"
2022-12-16 16:16:56,18.986499695215,0.0921,8.28422437938917,292.136499695215,0.0579654706716261,-0.376773058395215,8.08883379989057,0.195390579498604,0.0174284429401581,0.000354436426894367,"arduino","-5"
2022-12-16 16:17:06,18.9806866994953,0.09211,8.2844116785393,292.130686699495,0.0579643172620616,-0.376767245399495,8.08906699063946,0.195344687899842,0.00580947963625533,0.000456930121234933,"arduino","-5"
2022-12-16 16:17:16,18.9894075128678,0.0921,8.28413068955666,292.139407512868,0.0579660476382806,-0.376775966212868,8.08880345161266,0.195327237944003,0.0145302930087254,0.000151655628862102,"arduino","-5"
2022-12-16 16:17:26,18.9835927575925,0.09207,8.2843180423784,292.133592757593,0.0579648938795865,-0.376770151457593,8.08834658494395,0.195971457434448,0.00290605809718159,0.000375365834004882,"arduino","-5"
2022-12-16 16:17:36,18.9923162110563,0.09208,8.28403697286592,292.142316211056,0.0579666247796502,-0.376778874911056,8.08842806862294,0.195608904242981,0.0145346906373724,0.000324202989034461,"arduino","-5"
2022-12-16 16:17:46,18.986499695215,0.0921,8.28422437938917,292.136499695215,0.0579654706716261,-0.376773058395215,8.08883379989057,0.195390579498604,0,0,"arduino","-5"
2022-12-16 16:17:56,18.9952257902863,0.0921,8.28394322930177,292.145225790286,0.0579672020958352,-0.376781784490286,8.08874272929543,0.195200500006335,0.0145390907909473,0.000324261344022858,"arduino","-5"
2022-12-16 16:18:06,18.9894075128678,0.09209,8.28413068955666,292.139407512868,0.0579660476382806,-0.376775966212868,8.0886309368319,0.195499752724766,0,0.000172514780762967,"arduino","-5"
2022-12-16 16:18:16,18.998136251064,0.09206,8.28384945884926,292.148136251064,0.0579677795869362,-0.376784694951064,8.088022316741,0.195827142108255,0.0145434934715425,0.00032426820294873,"arduino","-5"
2022-12-16 16:18:26,18.998136251064,0.0921,8.28384945884926,292.148136251064,0.0579677795869362,-0.376784694951064,8.08871235524662,0.195137103602642,0.00582004000777303,0.000284286623680075,"arduino","-5"
2022-12-16 16:18:36,19.0010475938963,0.09208,8.28375566149333,292.151047593896,0.0579683572530537,-0.376787606293896,8.08833695678338,0.195418704709954,0.0145478986813004,0.000496843107193001,"arduino","-5"
2022-12-16 16:18:46,18.998136251064,0.09208,8.28384945884926,292.148136251064,0.0579677795869362,-0.376784694951064,8.08836733599381,0.195482122855449,0.00291046077777679,0.000375393301622395,"arduino","-5"
2022-12-16 16:18:56,19.0097869197932,0.09209,8.28347410785432,292.159786919793,0.0579700913025118,-0.376796345619793,8.08841827025856,0.195055837595755,0.0203794069253718,0.000212666573332854,"arduino","-5"
2022-12-16 16:19:06,19.0039598192901,0.09208,8.28366183721892,292.15395981929,0.0579689350942883,-0.37679051851929,8.08830656896935,0.195355268249568,0.00582356822610208,0.000284252228341941,"arduino","-5"
2022-12-16 16:19:16,19.0097869197932,0.09209,8.28347410785432,292.159786919793,0.0579700913025118,-0.376796345619793,8.08841827025856,0.195055837595755,0.0116506687291178,0.000294084988055943,"arduino","-5"
2022-12-16 16:19:26,19.0068729277531,0.09208,8.28356798601095,292.156872927753,0.0579695131107408,-0.376793431627753,8.08827617254696,0.19529181346399,0.00582533385680506,6.07842364157563e-05,"arduino","-5"
2022-12-16 16:19:36,19.0127017959187,0.09205,8.2833802027339,292.162701795919,0.0579706696697022,-0.376799260495919,8.08769785077984,0.195682351954057,0.0145655448546833,0.000669485213974141,"arduino","-5"
2022-12-16 16:19:46,19.0097869197932,0.09204,8.28347410785432,292.159786919793,0.0579700913025118,-0.376796345619793,8.087555756523,0.195918351331313,0,0.000862513735558679,"arduino","-5"
2022-12-16 16:19:56,19.0156175566386,0.09207,8.28328627063456,292.165617556639,0.0579712482124132,-0.376802176256639,8.08801243227743,0.19527383835713,0.0116577373484326,0.000294136691914915,"arduino","-5"
2022-12-16 16:20:06,19.0127017959187,0.09205,8.2833802027339,292.162701795919,0.0579706696697022,-0.376799260495919,8.08769785077984,0.195682351954057,0.00291487612556551,0.000720419478724921,"arduino","-5"
2022-12-16 16:20:16,19.018534202462,0.09205,8.28319231154126,292.168534202462,0.0579718269307456,-0.376805092902462,8.08763700793088,0.195555303610375,0.0116612747089277,0.000639164616078602,"arduino","-5"
2022-12-16 16:20:26,19.0156175566386,0.09202,8.28328627063456,292.165617556639,0.0579712482124132,-0.376802176256639,8.08714993575473,0.196136334879833,0.00291576071985133,0.000547915025109091,"arduino","-5"
2022-12-16 16:20:36,19.0214517338988,0.09201,8.2830983254388,292.171451733899,0.0579724058248006,-0.376808010433899,8.08691659012258,0.196181735316221,0.0116648141056075,0.000639166400425495,"arduino","-5"
2022-12-16 16:20:46,19.018534202462,0.09204,8.28319231154126,292.168534202462,0.0579718269307456,-0.376805092902462,8.08746451034836,0.195727801192897,0.00291664582346129,0.000547921929072714,"arduino","-5"
2022-12-16 16:20:56,19.0243701514588,0.09201,8.28300431231196,292.174370151459,0.0579729848946795,-0.376810928851459,8.08688615401077,0.196118158301189,0.0116683555401167,0.000811696769067893,"arduino","-5"
2022-12-16 16:21:06,19.0214517338988,0.092,8.2830983254388,292.171451733899,0.0579724058248006,-0.376808010433899,8.08674409426256,0.196354231176237,0.00291753143672935,0.000892913668318229,"arduino","-5"
2022-12-16 16:21:16,19.0272894556529,0.09199,8.28291027214561,292.177289455653,0.0579735641404834,-0.376813848155653,8.0865107244335,0.196399547712112,0.0116718990143241,0.000639211321226796,"arduino","-5"
2022-12-16 16:21:26,19.0214517338988,0.09197,8.2830983254388,292.171451733899,0.0579724058248006,-0.376808010433899,8.08622660668251,0.196871718756288,0,0.000689983440066655,"arduino","-5"
2022-12-16 16:21:36,19.0302096469918,0.09199,8.2828162049247,292.180209646992,0.057974143562314,-0.376816768346992,8.08648027448808,0.196335930436621,0.0116754445297858,0.000984235860281402,"arduino","-5"
2022-12-16 16:21:46,19.0243701514588,0.092,8.28300431231196,292.174370151459,0.0579729848946795,-0.376810928851459,8.08671365987375,0.196290652438211,0,0.000172494137022028,"arduino","-5"
2022-12-16 16:21:56,19.0302096469918,0.09198,8.2828162049247,292.180209646992,0.057974143562314,-0.376816768346992,8.08630778379851,0.196508421126186,0.0087579130930564,0.000436310464049683,"arduino","-5"
2022-12-16 16:22:06,19.0272894556529,0.092,8.28291027214561,292.177289455653,0.0579735641404834,-0.376813848155653,8.08668321684704,0.196227055298575,0,0.000172492413536673,"arduino","-5"
2022-12-16 16:22:16,19.0360526931506,0.09198,8.28262798925795,292.186052693151,0.0579753029344605,-0.376822611393151,8.0862468614113,0.196381127846651,0.0146009592517942,2.02547287830868e-05,"arduino","-5"
2022-12-16 16:22:26,19.0302096469918,0.092,8.2828162049247,292.180209646992,0.057974143562314,-0.376816768346992,8.08665276517764,0.196163439747055,0,0.000172490689566374,"arduino","-5"
2022-12-16 16:22:36,19.0389755489945,0.09198,8.28253384078192,292.188975548994,0.0579758828849798,-0.376825534248994,8.08621638723592,0.196317453546001,0.0146053975356182,0.000497272637826285,"arduino","-5"
2022-12-16 16:22:46,19.0331307259871,0.09198,8.28272211063387,292.183130725987,0.0579747231602725,-0.376819689425987,8.08627732693056,0.196444783703313,0.0029210789952856,3.04568679574402e-05,"arduino","-5"
2022-12-16 16:22:56,19.0418992940315,0.09202,8.28243966519022,292.191899294031,0.057976463011932,-0.376828457994031,8.08687583955473,0.195563825635496,0.0146098383785969,0.000192622707690049,"arduino","-5"
2022-12-16 16:23:06,19.0331307259871,0.09199,8.28272211063387,292.183130725987,0.0579747231602725,-0.376819689425987,8.08644981589566,0.196272294738211,0.00292196716345217,0.00020295448436336,"arduino","-5"
2022-12-16 16:23:16,19.0418992940315,0.09197,8.28243966519022,292.191899294031,0.057976463011932,-0.376828457994031,8.08601342061086,0.196426244579364,0.0116896470396739,0.000639344566783606,"arduino","-5"
2022-12-16 16:23:26,19.0389755489945,0.09199,8.28253384078192,292.188975548994,0.0579758828849798,-0.376825534248994,8.08638887275063,0.196144968031293,0,0.000172485514708498,"arduino","-5"
2022-12-16 16:23:36,19.0477494537381,0.09197,8.28225123259938,292.197749453738,0.0579776237955426,-0.376834308153738,8.08595243238962,0.196298800209755,0.0146187277510279,0.000324894540932874,"arduino","-5"
2022-12-16 16:23:46,19.0418992940315,0.09199,8.28243966519022,292.191899294031,0.057976463011932,-0.376828457994031,8.08635838818841,0.196081277001817,0,0.000517451366320643,"arduino","-5"
2022-12-16 16:23:56,19.0477494537381,0.09196,8.28225123259938,292.197749453738,0.0579776237955426,-0.376834308153738,8.08577995205419,0.196471280545191,0.0146187277510279,0.000669863841471496,"arduino","-5"
2022-12-16 16:24:06,19.0448239287749,0.09195,8.28234546246779,292.194823928775,0.057977043315419,-0.376831382628775,8.08563796671057,0.19670749575722,0.0029246347434011,0.000375453900293365,"arduino","-5"
2022-12-16 16:24:16,19.0536031763809,0.09194,8.28206269136348,292.203603176381,0.0579787852861079,-0.376840161876381,8.08537397882849,0.196688712534986,0.014627627386389,0.00101489392213772,"arduino","-5"
2022-12-16 16:24:26,19.0506758694353,0.09196,8.2821569755697,292.200675869435,0.0579782044524049,-0.376837234569435,8.08574944666107,0.196407528908633,0.00292641569716778,0.000202985728551042,"arduino","-5"
2022-12-16 16:24:36,19.0565313750896,0.09195,8.28196837996529,292.20653137509,0.0579793662967538,-0.37684309007509,8.08551593468066,0.196452445284628,0.0146320810581386,0.000842453507743812,"arduino","-5"
2022-12-16 16:24:46,19.0506758694353,0.09199,8.2821569755697,292.200675869435,0.0579782044524049,-0.376837234569435,8.08626688248516,0.195890093084545,0.00292641569716778,0.000486930430973587,"arduino","-5"
2022-12-16 16:24:56,19.059460466077,0.09198,8.28187404136008,292.209460466077,0.0579799474844448,-0.376846019166077,8.08600282523292,0.195871216127159,0.01463653730206,0.00036485852235657,"arduino","-5"
2022-12-16 16:25:06,19.0536031763809,0.09197,8.28206269136348,292.203603176381,0.0579787852861079,-0.376840161876381,8.08589140946889,0.196171281894589,0,0.000517430640396555,"arduino","-5"
2022-12-16 16:25:16,19.0623904498587,0.09199,8.28177967553233,292.212390449859,0.0579805288492833,-0.376848949149859,8.08614475332876,0.195634922203578,0.0117145804233445,0.000395306667684281,"arduino","-5"
2022-12-16 16:25:26,19.0565313750896,0.09192,8.28196837996529,292.20653137509,0.0579793662967538,-0.37684309007509,8.08499850922544,0.196969870739856,0,0.000517425455228704,"arduino","-5"
2022-12-16 16:25:36,19.0653213269509,0.09197,8.28168528246687,292.215321326951,0.0579811103913717,-0.376851880026951,8.08576925937447,0.195916023092394,0.0146454575155595,0.000497623110687684,"arduino","-5"
2022-12-16 16:25:46,19.059460466077,0.09195,8.28187404136008,292.209460466077,0.0579799474844448,-0.376846019166077,8.08548540496434,0.196388636395746,0,0.000517420268586477,"arduino","-5"
2022-12-16 16:25:56,19.0682530978702,0.09195,8.28159086214816,292.21825309787,0.0579816921108125,-0.37685481179787,8.08539376363677,0.196197098511398,0.0146499214893723,0.000497645832123084,"arduino","-5"
2022-12-16 16:26:06,19.0623904498587,0.0919,8.28177967553233,292.212390449859,0.0579805288492833,-0.376848949149859,8.08459250808736,0.197187167444973,0,0.00155224524139541,"arduino","-5"
2022-12-16 16:26:16,19.0711857631339,0.09188,8.28149641456099,292.221185763134,0.0579822740077083,-0.376857744463134,8.08415593360169,0.197340480959305,0.0146543880442138,0.000842575623750008,"arduino","-5"
2022-12-16 16:26:26,19.0653213269509,0.09191,8.28168528246687,292.215321326951,0.0579811103913717,-0.376851880026951,8.08473443959274,0.196950842874131,0,0.00103481978173647,"arduino","-5"
2022-12-16 16:26:36,19.0741193232592,0.09191,8.28140193968994,292.224119323259,0.0579828560821618,-0.376860678023259,8.08464276680352,0.19675917288642,0.0146588571822726,0.000842638160815312,"arduino","-5"
2022-12-16 16:26:46,19.0682530978702,0.09191,8.28159086214816,292.21825309787,0.0579816921108125,-0.37685481179787,8.08470389070371,0.196886971444455,0,0.00068987293305689,"arduino","-5"
2022-12-16 16:26:56,19.0770537787643,0.0919,8.28130743751956,292.227053778764,0.0579834383342758,-0.376863612478764,8.08443972874344,0.196867708776121,0.0146633289056766,0.000152779343924436,"arduino","-5"
2022-12-16 16:27:06,19.0711857631339,0.09188,8.28149641456099,292.221185763134,0.0579822740077083,-0.376857744463134,8.08415593360169,0.197340480959305,0,0,"arduino","-5"
2022-12-16 16:27:16,19.0799891301675,0.09191,8.28121290803455,292.229989130167,0.0579840207641531,-0.376866547830167,8.08458160804148,0.196631299993067,0.0146678032166214,0.000152831551256227,"arduino","-5"
2022-12-16 16:27:26,19.0741193232592,0.09189,8.28140193968994,292.224119323259,0.0579828560821618,-0.376860678023259,8.08429783726139,0.197104102428552,0,0.000344929542132277,"arduino","-5"
2022-12-16 16:27:36,19.0799891301675,0.09186,8.28121290803455,292.229989130167,0.0579840207641531,-0.376866547830167,8.08371930150701,0.197493606527541,0.0117360322972644,0.000984589196702856,"arduino","-5"
2022-12-16 16:27:46,19.0770537787643,0.09186,8.28130743751956,292.227053778764,0.0579834383342758,-0.376863612478764,8.08374987658653,0.197557560933033,0,0.000689852156911641,"arduino","-5"
2022-12-16 16:27:56,19.0829253779876,0.09189,8.2811183512195,292.232925377988,0.0579846033718966,-0.376869484077988,8.08420609642698,0.196912254792521,0.0117396148537381,5.01628252980169e-05,"arduino","-5"
2022-12-16 16:28:06,19.0799891301675,0.09185,8.28121290803455,292.229989130167,0.0579840207641531,-0.376866547830167,8.08354684020011,0.197666067834435,0,0.00103476784136802,"arduino","-5"
2022-12-16 16:28:16,19.0858625227439,0.09186,8.28102376705891,292.235862522744,0.0579851861576095,-0.376872421222744,8.08365812517498,0.197365641883934,0.0117431994846982,0.000639712086412558,"arduino","-5"
2022-12-16 16:28:26,19.0829253779876,0.09186,8.2811183512195,292.232925377988,0.0579846033718966,-0.376869484077988,8.08368871770478,0.197429633514723,0.00293624782010227,3.05838022249816e-05,"arduino","-5"
2022-12-16 16:28:36,19.0888005649562,0.09186,8.28092915553742,292.238800564956,0.0579857691213948,-0.376875359264956,8.08362752391273,0.197301631624692,0.0117467861918712,0.000122352673795234,"arduino","-5"
2022-12-16 16:28:46,19.0858625227439,0.09183,8.28102376705891,292.235862522744,0.0579851861576095,-0.376872421222744,8.08314075165274,0.197883015406173,0.00293714475634133,0.00106534477424525,"arduino","-5"
2022-12-16 16:28:56,19.0917395051445,0.09184,8.28083451663957,292.241739505144,0.0579863522633558,-0.376878298205145,8.08325200516793,0.197582511471639,0.0117503749770336,0.000294835032178753,"arduino","-5"
2022-12-16 16:29:06,19.0888005649562,0.09183,8.28092915553742,292.238800564956,0.0579857691213948,-0.376875359264956,8.08311015559194,0.197818999945481,0.00293804221226779,0.000547969583037045,"arduino","-5"
2022-12-16 16:29:16,19.0946793438296,0.09185,8.28073985034985,292.24467934383,0.0579869355835956,-0.37688123804383,8.0833938425336,0.197346007816245,0.0117539658419687,0.000294875171180209,"arduino","-5"
2022-12-16 16:29:26,19.0917395051445,0.09183,8.28083451663957,292.241739505144,0.0579863522633558,-0.376878298205145,8.08307955079531,0.197754965844258,0.00293894018832219,0.000547973117415168,"arduino","-5"
2022-12-16 16:29:36,19.0946793438296,0.09179,8.28073985034985,292.24467934383,0.0579869355835956,-0.37688123804383,8.08235912670673,0.198380723643114,0.00881682108562742,0.000781624946005977,"arduino","-5"
2022-12-16 16:29:46,19.0917395051445,0.09182,8.28083451663957,292.241739505144,0.0579863522633558,-0.376878298205145,8.0829070964227,0.197927420216875,0,0.000344908745235628,"arduino","-5"
2022-12-16 16:29:56,19.1005617187743,0.09183,8.28055043553303,292.250561718774,0.0579881027593258,-0.376887120418774,8.08298768394167,0.197562751591361,0.0117611538180817,0.000122471650271905,"arduino","-5"
2022-12-16 16:30:06,19.0946793438296,0.09181,8.28073985034985,292.24467934383,0.0579869355835956,-0.37688123804383,8.08270403198236,0.19803581836749,0,0.000689810551245174,"arduino","-5"
2022-12-16 16:30:16,19.1035042560774,0.09181,8.2804556869749,292.253504256077,0.0579886866150231,-0.376890062956077,8.08261214929209,0.197843537682814,0.0117647509328762,0.000467401503225773,"arduino","-5"
2022-12-16 16:30:26,19.1005617187743,0.09182,8.28055043553303,292.250561718774,0.0579881027593258,-0.376887120418774,8.08281523477496,0.197735200758071,0.0058823749447221,0.000456108068226158,"arduino","-5"
2022-12-16 16:30:36,19.1035042560774,0.09181,8.2804556869749,292.253504256077,0.0579886866150231,-0.376890062956077,8.08261214929209,0.197843537682814,0.0117647509328762,0.000294947130608847,"arduino","-5"
2022-12-16 16:30:46,19.1005617187743,0.09177,8.28055043553303,292.250561718774,0.0579881027593258,-0.376887120418774,8.0819529889414,0.198597446591627,0,0.00103469500026598,"arduino","-5"
2022-12-16 16:30:56,19.109392032957,0.09178,8.28026610748168,292.259392032957,0.0579898548626005,-0.376895950732957,8.0820335185081,0.198232588973584,0.0147126891274532,0.000670513474259948,"arduino","-5"
2022-12-16 16:31:06,19.106447693964,0.09177,8.280360910963,292.256447693964,0.0579892706494134,-0.376893006393964,8.08189172144217,0.198469189520827,0.00294343788663554,0.000720427849918437,"arduino","-5"
2022-12-16 16:31:16,19.1123372735796,0.09182,8.28017127651566,292.26233727358,0.0579904392546881,-0.37689889597358,8.08269262998705,0.197478646528609,0.0117755548053076,0.000122604787907932,"arduino","-5"
2022-12-16 16:31:26,19.1035042560774,0.09181,8.2804556869749,292.253504256077,0.0579886866150231,-0.376890062956077,8.08261214929209,0.197843537682814,0,0,"arduino","-5"
2022-12-16 16:31:36,19.1123372735796,0.09179,8.28017127651566,292.26233727358,0.0579904392546881,-0.37689889597358,8.08217530333139,0.197995973184272,0.0117755548053076,0.000222314389985101,"arduino","-5"
2022-12-16 16:31:46,19.106447693964,0.09179,8.280360910963,292.256447693964,0.0579892706494134,-0.376893006393964,8.08223661282942,0.198124298133575,0.00294433899297886,0.000203094321326702,"arduino","-5"
2022-12-16 16:31:56,19.1152834163555,0.09177,8.28007641804908,292.265283416355,0.0579910238257802,-0.376901842116355,8.08179975446484,0.198276663584236,0.00883572239145991,9.1966977329605e-05,"arduino","-5"
2022-12-16 16:32:06,19.1123372735796,0.09177,8.28017127651566,292.26233727358,0.0579904392546881,-0.37689889597358,8.08183041889428,0.19834085762138,0,0.000862211092771403,"arduino","-5"
2022-12-16 16:32:16,19.1152834163555,0.09177,8.28007641804908,292.265283416355,0.0579910238257802,-0.376901842116355,8.08179975446484,0.198276663584236,0.0117791602780954,0.000812394827248042,"arduino","-5"
2022-12-16 16:32:26,19.1152834163555,0.09178,8.28007641804908,292.265283416355,0.0579910238257802,-0.376901842116355,8.08197219494511,0.198104223103964,0.00294614277590455,0.000203108386275019,"arduino","-5"
2022-12-16 16:32:36,19.1241272628469,0.09178,8.27979167749112,292.274127262847,0.0579927786141239,-0.376910685962847,8.08188014375809,0.197911533733027,0.0176795688828264,0.000356469071331134,"arduino","-5"
2022-12-16 16:32:46,19.1182304618088,0.09173,8.27998153206653,292.268230461809,0.0579916085759808,-0.376904789161809,8.08107932629256,0.198902205773971,0.00294704545334312,0.000720428172282794,"arduino","-5"
2022-12-16 16:32:56,19.1241272628469,0.09176,8.27979167749112,292.274127262847,0.0579927786141239,-0.376910685962847,8.08153527323321,0.198256404257908,0.011789989267271,0.000295145661068474,"arduino","-5"
2022-12-16 16:33:06,19.1211784104643,0.09175,8.27988661855238,292.271178410464,0.057992193505394,-0.376907737110464,8.08139352526601,0.198493093286375,0.00589499410879668,0.00040622919883404,"arduino","-5"
2022-12-16 16:33:16,19.1300276808958,0.09175,8.27960171266477,292.280027680896,0.0579939493699511,-0.376916586380896,8.08130143700352,0.198300275661246,0.0147442645403402,0.000670757941588107,"arduino","-5"
2022-12-16 16:33:26,19.1211784104643,0.09175,8.27988661855238,292.271178410464,0.057992193505394,-0.376907737110464,8.08139352526601,0.198493093286375,0.00294885238256981,0.000486618492084645,"arduino","-5"
2022-12-16 16:33:36,19.127077019482,0.09174,8.27969670886711,292.277077019482,0.0579933639022748,-0.376913635719482,8.08115970836275,0.198537000504357,0.00884655767319487,8.03820701911206e-05,"arduino","-5"
2022-12-16 16:33:46,19.1241272628469,0.09173,8.27979167749112,292.274127262847,0.0579927786141239,-0.376910685962847,8.08101796744589,0.198773710045231,0,0.000517305787322897,"arduino","-5"
2022-12-16 16:33:56,19.1300276808958,0.09175,8.27960171266477,292.280027680896,0.0579939493699511,-0.376916586380896,8.08130143700352,0.198300275661246,0.00884927043154349,9.20882624821928e-05,"arduino","-5"
2022-12-16 16:34:06,19.127077019482,0.09172,8.27969670886711,292.277077019482,0.0579933639022748,-0.376913635719482,8.08081484131842,0.198881867548691,0.00295066141380218,0.000486595685108782,"arduino","-5"
2022-12-16 16:34:16,19.1329792476146,0.09175,8.27950668886842,292.282979247615,0.0579945350172573,-0.376919537947615,8.08127072332167,0.198235965546752,0.0118008371503002,0.000122801944336004,"arduino","-5"
2022-12-16 16:34:26,19.1300276808958,0.09175,8.27960171266477,292.280027680896,0.0579939493699511,-0.376916586380896,8.08130143700352,0.198300275661246,0.00295066141380218,0.00014172864077544,"arduino","-5"
2022-12-16 16:34:36,19.1359317201652,0.09175,8.27941163746232,292.285931720165,0.0579951208442978,-0.376922490420165,8.08124000083442,0.198171636627899,0.0118044573183056,0.000222033388530107,"arduino","-5"
2022-12-16 16:34:46,19.1329792476146,0.09172,8.27950668886842,292.282979247615,0.0579945350172573,-0.376919537947615,8.0807534332013,0.198753255667125,0.00295156671875674,0.000548003802226305,"arduino","-5"
2022-12-16 16:34:56,19.1388850990748,0.0917,8.27931655843093,292.288885099075,0.0579957068511773,-0.376925443799075,8.08034713675642,0.198969421674517,0.0118080795927966,0.000467704561998517,"arduino","-5"
2022-12-16 16:35:06,19.1359317201652,0.09172,8.27941163746232,292.285931720165,0.0579951208442978,-0.376922490420165,8.08072271593936,0.19868892152296,0.00295247255057518,0.000548007382313642,"arduino","-5"
2022-12-16 16:35:16,19.1418393848714,0.09174,8.27922145175853,292.291839384871,0.0579962930380005,-0.376928398084871,8.08100610461068,0.198215347147853,0.0118117039755603,0.000295332392846959,"arduino","-5"
2022-12-16 16:35:26,19.1329792476146,0.09173,8.27950668886842,292.282979247615,0.0579945350172573,-0.376919537947615,8.08092586324142,0.198580825627001,0.00295247255057518,0.000314137592996033,"arduino","-5"
2022-12-16 16:35:36,19.144794578083,0.0917,8.27912631742959,292.294794578083,0.0579968794048722,-0.376931353278083,8.08028566514071,0.198840652288876,0.0118153304684014,0.000467768060588014,"arduino","-5"
2022-12-16 16:35:46,19.1359317201652,0.09172,8.27941163746232,292.285931720165,0.0579951208442978,-0.376922490420165,8.08072271593936,0.19868892152296,0.00295337890966252,0.000375579182939845,"arduino","-5"
2022-12-16 16:35:55,19.144794578083,0.09168,8.27912631742959,292.294794578083,0.0579968794048722,-0.376931353278083,8.07994081900062,0.199185498428966,0.00886285791782626,0.000781896938736537,"arduino","-5"
2022-12-16 16:36:05,19.1388850990748,0.09171,8.27931655843093,292.288885099075,0.0579957068511773,-0.376925443799075,8.0805195633125,0.198796995118432,0.00295428579656587,0.000486541298174714,"arduino","-5"
2022-12-16 16:36:15,19.1477506792383,0.09173,8.2790311554283,292.297750679238,0.0579974659518973,-0.376934309379238,8.08077218008017,0.198258975348129,0.0147714316237142,0.000153683161251195,"arduino","-5"
2022-12-16 16:36:25,19.1418393848714,0.0917,8.27922145175853,292.291839384871,0.0579962930380005,-0.376928398084871,8.08031640535742,0.19890504640111,0.00295519321159787,3.07402167099013e-05,"arduino","-5"
2022-12-16 16:36:35,19.1507076888664,0.0917,8.27893596573887,292.300707688866,0.0579980526791808,-0.376937266388866,8.08022415823438,0.198711807504489,0.0147759687012368,0.000498557704979419,"arduino","-5"
2022-12-16 16:36:45,19.1477506792383,0.09168,8.2790311554283,292.297750679238,0.0579974659518973,-0.376934309379238,8.0799100734488,0.199121081979502,0.00295610115531275,3.07455518235855e-05,"arduino","-5"
2022-12-16 16:36:55,19.1536656074969,0.09167,8.27884074834566,292.303665607497,0.0579986395868277,-0.376940224307497,8.07967613802315,0.199164610322503,0.01478050842206,0.000843425289348332,"arduino","-5"
2022-12-16 16:37:05,19.1507076888664,0.09168,8.27893596573887,292.300707688866,0.0579980526791808,-0.376937266388866,8.07987931907037,0.199056646668499,0.00295700962809775,0.000892861009802459,"arduino","-5"
2022-12-16 16:37:15,19.1566244356598,0.09168,8.27874550323298,292.30662443566,0.0579992266749433,-0.37694318313566,8.07981778381389,0.198927719419091,0.0147850507883618,0.000498621543528088,"arduino","-5"
2022-12-16 16:37:25,19.1507076888664,0.09166,8.27893596573887,292.300707688866,0.0579980526791808,-0.376937266388866,8.07953447990636,0.199401485832507,0,0.000689678328017251,"arduino","-5"
2022-12-16 16:37:35,19.1595841738854,0.09166,8.27865023038498,292.309584173885,0.0579998139436327,-0.376946142873885,8.07944217423355,0.199208056151432,0.0118334946471137,0.000467899215246703,"arduino","-5"
2022-12-16 16:37:45,19.1536656074969,0.09165,8.27884074834566,292.303665607497,0.0579986395868277,-0.376940224307497,8.07933130234869,0.199509445996968,0,0.000344835674464861,"arduino","-5"
2022-12-16 16:37:55,19.1595841738854,0.09166,8.27865023038498,292.309584173885,0.0579998139436327,-0.376946142873885,8.07944217423355,0.199208056151432,0.00887648501901594,0.000437144836817893,"arduino","-5"
2022-12-16 16:38:05,19.1536656074969,0.09165,8.27884074834566,292.303665607497,0.0579986395868277,-0.376940224307497,8.07933130234869,0.199509445996968,0.00295882816286763,0.00048648146520236,"arduino","-5"
2022-12-16 16:38:15,19.1595841738854,0.09163,8.27865023038498,292.309584173885,0.0579998139436327,-0.376946142873885,8.07892493119499,0.199725299189989,0.00887648501901594,0.00060954871136687,"arduino","-5"
2022-12-16 16:38:25,19.1566244356598,0.09163,8.27874550323298,292.30662443566,0.0579992266749433,-0.37694318313566,8.07895570335409,0.199789799878893,0.00295973822566253,0.000486470879460299,"arduino","-5"
2022-12-16 16:38:35,19.1625448227049,0.09158,8.27855492978603,292.312544822705,0.0580004013930014,-0.376949103522705,8.07803208719241,0.200522842593612,0.00887921520797263,0.00129921515627629,"arduino","-5"
2022-12-16 16:38:45,19.1595841738854,0.09159,8.27865023038498,292.309584173885,0.0579998139436327,-0.376946142873885,8.07823527381025,0.200414956574733,0,0.00120690042330018,"arduino","-5"
2022-12-16 16:38:55,19.1655063826494,0.09164,8.27845960142014,292.315506382649,0.0580009890231547,-0.376952065082649,8.07903577119317,0.199423830226968,0.0118407751524785,0.000295531155519058,"arduino","-5"
2022-12-16 16:39:05,19.1625448227049,0.09162,8.27855492978603,292.312544822705,0.0580004013930014,-0.376949103522705,8.07872173759205,0.199833192193971,0.00296064881944247,0.000203193602938967,"arduino","-5"
2022-12-16 16:39:15,19.1684688542508,0.09161,8.27836424527175,292.318468854251,0.0580015768341982,-0.376955027554251,8.07848774342254,0.199876501849211,0.0118444185910853,0.000467959931555129,"arduino","-5"
2022-12-16 16:39:25,19.1625448227049,0.0916,8.27855492978603,292.312544822705,0.0580004013930014,-0.376949103522705,8.07837691239224,0.200178017393791,0,0.000344825199821486,"arduino","-5"
2022-12-16 16:39:35,19.1714322380415,0.09161,8.27826886132493,292.321432238041,0.0580021648262375,-0.376957990938041,8.07845693935346,0.199811921971474,0.0118480641560943,0.000221665543207905,"arduino","-5"
2022-12-16 16:39:45,19.1655063826494,0.09161,8.27845960142014,292.315506382649,0.0580009890231547,-0.376952065082649,8.07851853863377,0.199941062786364,0,0.000517232559396064,"arduino","-5"
2022-12-16 16:39:55,19.1743965345541,0.0916,8.27817344956389,292.324396534554,0.0580027529993783,-0.376960955234554,8.07825372081178,0.199919728752118,0.011851711849264,0.000468016780278191,"arduino","-5"
2022-12-16 16:40:05,19.1655063826494,0.09161,8.27845960142014,292.315506382649,0.0580009890231547,-0.376952065082649,8.07851853863377,0.199941062786364,0.00296247160147445,3.07952112397203e-05,"arduino","-5"
2022-12-16 16:40:15,19.1743965345541,0.0916,8.27817344956389,292.324396534554,0.0580027529993783,-0.376960955234554,8.07825372081178,0.199919728752118,0.011851711849264,0.000123191580458482,"arduino","-5"
2022-12-16 16:40:25,19.1714322380415,0.09156,8.27826886132493,292.321432238041,0.0580021648262375,-0.376957990938041,8.07759490256311,0.20067395876182,0,0.000862036790346465,"arduino","-5"
2022-12-16 16:40:35,19.1773617443218,0.09158,8.27807800997289,292.327361744322,0.0580033413537264,-0.376963920444322,8.07787809303887,0.200199916934016,0.011855361672481,0.000640445594903838,"arduino","-5"
2022-12-16 16:40:45,19.1714322380415,0.09158,8.27826886132493,292.321432238041,0.0580021648262375,-0.376957990938041,8.07793971727925,0.20032914404568,0.00296429651261221,0.000314003532524865,"arduino","-5"
2022-12-16 16:40:55,19.1773617443218,0.09158,8.27807800997289,292.327361744322,0.0580033413537264,-0.376963920444322,8.07787809303887,0.200199916934016,0.011855361672481,0.000640445594903838,"arduino","-5"
2022-12-16 16:41:05,19.1743965345541,0.09158,8.27817344956389,292.324396534554,0.0580027529993783,-0.376960955234554,8.07790890959221,0.200264539971686,0,0.000344811219568086,"arduino","-5"
2022-12-16 16:41:15,19.1832949057578,0.09157,8.27788704723719,292.333294905758,0.058004518606468,-0.376969853605758,8.07764403295145,0.200243014285737,0.0118626677163185,4.91303883372041e-05,"arduino","-5"
2022-12-16 16:41:25,19.1773617443218,0.09154,8.27807800997289,292.327361744322,0.0580033413537264,-0.376963920444322,8.07718847759489,0.200889532377996,0,0.000689615443979719,"arduino","-5"
2022-12-16 16:41:35,19.1832949057578,0.09152,8.27788704723719,292.333294905758,0.058004518606468,-0.376969853605758,8.07678203114191,0.201105016095273,0.0118626677163185,0.00115768613733813,"arduino","-5"
2022-12-16 16:41:45,19.1803278678784,0.09153,8.27798254253594,292.330327867878,0.0580039298893876,-0.376966886567878,8.07698525705574,0.2009972854802,0.00296612355656123,0.000892835983133722,"arduino","-5"
2022-12-16 16:41:55,19.1832949057578,0.09157,8.27788704723719,292.333294905758,0.058004518606468,-0.376969853605758,8.07764403295145,0.200243014285737,0.00889837120370629,0.000264876640759582,"arduino","-5"
2022-12-16 16:42:05,19.1803278678784,0.09157,8.27798254253594,292.330327867878,0.0580039298893876,-0.376966886567878,8.07767486550255,0.20030767703339,0.00296703787942221,3.08325510989249e-05,"arduino","-5"
2022-12-16 16:42:15,19.1892317266241,0.09153,8.27769597299118,292.339231726624,0.0580056965853107,-0.376975790426624,8.07689275375874,0.200803219232439,0.0118699823022297,0.000295723836147843,"arduino","-5"
2022-12-16 16:42:25,19.1803278678784,0.09156,8.27798254253594,292.330327867878,0.0580039298893876,-0.376966886567878,8.07750246339085,0.200480079145091,0.00296703787942221,0.000720432248932923,"arduino","-5"
2022-12-16 16:42:35,19.1892317266241,0.09154,8.27769597299118,292.339231726624,0.0580056965853107,-0.376975790426624,8.07706515061955,0.200630822371636,0.00890385874566846,7.98935638091081e-05,"arduino","-5"
2022-12-16 16:42:45,19.1862628584947,0.09152,8.277791524061,292.336262858495,0.0580051075050737,-0.376972821558495,8.07675119846155,0.201040325599452,0.00296795273690975,0.000892834489899741,"arduino","-5"
2022-12-16 16:42:55,19.1922015106814,0.09151,8.27760039401204,292.342201510681,0.0580062858472853,-0.376978760210681,8.07651711133659,0.201083282675448,0.0118736428029997,0.00115775416595554,"arduino","-5"
2022-12-16 16:43:05,19.1862628584947,0.09151,8.277791524061,292.336262858495,0.0580051075050737,-0.376972821558495,8.07657879984994,0.201212724211059,0.0029688681293365,0.000313953908801068,"arduino","-5"
2022-12-16 16:43:15,19.1922015106814,0.09149,8.27760039401204,292.342201510681,0.0580062858472853,-0.376978760210681,8.0761723211176,0.201428072894437,0.0118736428029997,0.00133014227324324,"arduino","-5"
2022-12-16 16:43:25,19.1862628584947,0.09154,8.277791524061,292.336262858495,0.0580051075050737,-0.376972821558495,8.07709599568476,0.200695528376238,0.0029688681293365,3.0845065216667e-05,"arduino","-5"
2022-12-16 16:43:35,19.1981438287241,0.09153,8.27740915226195,292.348143828724,0.058007464916873,-0.376984702528724,8.07680017046297,0.200608981798984,0.0118809702294058,4.89720014194006e-05,"arduino","-5"
2022-12-16 16:43:45,19.1951722112026,0.09151,8.2775047871076,292.345172211203,0.058006875291104,-0.376981730911203,8.0764862537433,0.201018533364307,0.0029707005212245,3.08575932965738e-05,"arduino","-5"
2022-12-16 16:43:55,19.1951722112026,0.09152,8.2775047871076,292.345172211203,0.058006875291104,-0.376981730911203,8.07665864710098,0.200846140006627,0.00890935270789228,7.98472510332715e-05,"arduino","-5"
2022-12-16 16:44:05,19.1922015106814,0.09152,8.27760039401204,292.342201510681,0.0580062858472853,-0.376978760210681,8.07668950644609,0.200910887565955,0,0.000517185328481773,"arduino","-5"
2022-12-16 16:44:15,19.2011163637829,0.09147,8.27731348945912,292.351116363783,0.0580080547246989,-0.376987675063783,8.07573495244827,0.20157853701085,0.0148535052881087,0.00136104323649455,"arduino","-5"
2022-12-16 16:44:25,19.1951722112026,0.0915,8.2775047871076,292.345172211203,0.058006875291104,-0.376981730911203,8.07631386038561,0.201190926721988,0.00297161752151354,0.000486310077354446,"arduino","-5"
2022-12-16 16:44:35,19.2011163637829,0.09147,8.27731348945912,292.351116363783,0.0580080547246989,-0.376987675063783,8.07573495244827,0.20157853701085,0.00594415258021641,0.000751301295027318,"arduino","-5"
2022-12-16 16:44:45,19.2011163637829,0.0915,8.27731348945912,292.351116363783,0.0580080547246989,-0.376987675063783,8.07625212200588,0.201061367453235,0.00594415258021641,0.000406525095092647,"arduino","-5"
2022-12-16 16:44:55,19.204089816916,0.09147,8.27721779868324,292.354089816916,0.0580086447146884,-0.376990648516916,8.07570407515997,0.201513723523266,0.0118883062346207,0.000985431286112615,"arduino","-5"
2022-12-16 16:45:05,19.2011163637829,0.09145,8.27731348945912,292.351116363783,0.0580080547246989,-0.376987675063783,8.07539017274319,0.201923316715925,0,0.000344779705075737,"arduino","-5"
2022-12-16 16:45:15,19.2070641886615,0.09146,8.27712207991829,292.357064188661,0.0580092348869481,-0.376993622888661,8.07550080261551,0.201621277302772,0.0118919774588484,0.000813057770100656,"arduino","-5"
2022-12-16 16:45:25,19.204089816916,0.09149,8.27721779868324,292.354089816916,0.0580086447146884,-0.376990648516916,8.07604885135839,0.201168947324851,0.00297345313317976,0.000313898910119903,"arduino","-5"
2022-12-16 16:45:35,19.2100394795574,0.09146,8.27702633314834,292.360039479557,0.0580098252415849,-0.376996598179557,8.07546990925495,0.201556423893388,0.00892311577459282,0.000782212750928934,"arduino","-5"
2022-12-16 16:45:45,19.204089816916,0.09146,8.27721779868324,292.354089816916,0.0580086447146884,-0.376990648516916,8.07553168706077,0.201686111622474,0,0.000172388099207055,"arduino","-5"
2022-12-16 16:45:55,19.2130156901426,0.09146,8.27693055835732,292.363015690143,0.0580104157787056,-0.376999574390143,8.07543900697405,0.201491551383269,0.0118993263597957,4.88342308599954e-05,"arduino","-5"
2022-12-16 16:46:05,19.2100394795574,0.09145,8.27702633314834,292.360039479557,0.0580098252415849,-0.376996598179557,8.07529752466392,0.201728808484418,0.00297529089596082,0.000203277951589698,"arduino","-5"
2022-12-16 16:46:15,19.2130156901426,0.09147,8.27693055835732,292.363015690143,0.0580104157787056,-0.376999574390143,8.07561138981023,0.201319168547087,0.00892587322661598,0.000437461548154161,"arduino","-5"
2022-12-16 16:46:25,19.2070641886615,0.09148,8.27712207991829,292.357064188661,0.0580092348869481,-0.376993622888661,8.07584557530626,0.201276504612027,0.00297529089596082,0.00037566605130479,"arduino","-5"
2022-12-16 16:46:35,19.2130156901426,0.09149,8.27693055835732,292.363015690143,0.0580104157787056,-0.376999574390143,8.0759561554826,0.200974402874724,0.00892587322661598,0.000424468421831747,"arduino","-5"
2022-12-16 16:46:45,19.2130156901426,0.09149,8.27693055835732,292.363015690143,0.0580104157787056,-0.376999574390143,8.0759561554826,0.200974402874724,0,0.000517148508544452,"arduino","-5"
2022-12-16 16:46:55,19.2159928209563,0.09146,8.27683475552931,292.365992820956,0.0580110064984173,-0.377002551520956,8.07540809576778,0.201426659761529,0.00595334139883619,0.00011057110385515,"arduino","-5"
2022-12-16 16:47:05,19.2130156901426,0.09144,8.27693055835732,292.363015690143,0.0580104157787056,-0.376999574390143,8.07509424130169,0.201836317055632,0,0.000517148508544452,"arduino","-5"
2022-12-16 16:47:15,19.2159928209563,0.09145,8.27683475552931,292.365992820956,0.0580110064984173,-0.377002551520956,8.07523571468695,0.201599040842355,0.00892863229479701,0.000609860619306346,"arduino","-5"
2022-12-16 16:47:25,19.2130156901426,0.09145,8.27693055835732,292.363015690143,0.0580104157787056,-0.376999574390143,8.07526662413787,0.20166393421945,0,0.000689531344725935,"arduino","-5"
2022-12-16 16:47:35,19.2189708725379,0.09147,8.27673892464827,292.368970872538,0.0580115974008269,-0.377005529572538,8.07554955495606,0.201189369692214,0.00595518239526882,0.000406600526540402,"arduino","-5"
2022-12-16 16:47:45,19.2159928209563,0.09144,8.27683475552931,292.365992820956,0.0580110064984173,-0.377002551520956,8.07506333360613,0.20177142192318,0,0.000344762161651246,"arduino","-5"
2022-12-16 16:47:55,19.2219498454277,0.09141,8.27664306569812,292.371949845428,0.0580121884860417,-0.377008508545428,8.07448435871599,0.202158706982138,0.00893415528503638,0.000609882585703048,"arduino","-5"
2022-12-16 16:48:05,19.2189708725379,0.09139,8.27673892464827,292.368970872538,0.0580115974008269,-0.377005529572538,8.07417052035635,0.202568404291922,0.00297805158163555,0.0010651943306037,"arduino","-5"
2022-12-16 16:48:15,19.2279105572944,0.09142,8.27645126352638,292.377910557294,0.058013371205316,-0.377014469257294,8.0745948653708,0.201856398155584,0.0148948671517815,0.000671758767072816,"arduino","-5"
2022-12-16 16:48:25,19.2189708725379,0.09141,8.27673892464827,292.368970872538,0.0580115974008269,-0.377005529572538,8.07451527900628,0.202223645641995,0,0.001034275949781,"arduino","-5"
2022-12-16 16:48:35,19.2219498454277,0.0914,8.27664306569812,292.371949845428,0.0580121884860417,-0.377008508545428,8.07431198114739,0.20233108455073,0.00595702447140312,0.000751352458733479,"arduino","-5"
2022-12-16 16:48:45,19.2219498454277,0.09139,8.27664306569812,292.371949845428,0.0580121884860417,-0.377008508545428,8.0741396035788,0.202503462119324,0,0.000344755137186681,"arduino","-5"
2022-12-16 16:48:55,19.2279105572944,0.0914,8.27645126352638,292.377910557294,0.058013371205316,-0.377014469257294,8.07425011726214,0.202201146264244,0.00893968475651263,7.95969057900692e-05,"arduino","-5"
2022-12-16 16:49:05,19.2219498454277,0.09137,8.27664306569812,292.371949845428,0.0580121884860417,-0.377008508545428,8.07379484844161,0.202848217256511,0.00596071186674507,0.000800016929185077,"arduino","-5"
2022-12-16 16:49:15,19.2279105572944,0.09137,8.27645126352638,292.377910557294,0.058013371205316,-0.377014469257294,8.07373299509915,0.202718268427233,0.00893968475651263,0.000782283907126313,"arduino","-5"
2022-12-16 16:49:25,19.2249297401662,0.09136,8.27654717866284,292.374929740166,0.058012779754169,-0.377011488440166,8.07359155042916,0.202955628233681,0.00297989473850535,0.000720430718237353,"arduino","-5"
2022-12-16 16:49:35,19.2308922973539,0.09139,8.27635532027273,292.380892297354,0.0580139628395902,-0.377017450997354,8.07404679960427,0.202308520668462,0.00894245192623444,9.28039745335951e-05,"arduino","-5"
2022-12-16 16:49:45,19.2249297401662,0.09141,8.27654717866284,292.374929740166,0.058012779754169,-0.377011488440166,8.07445342948773,0.202093749175104,0.00298081712823972,0.000203312225595553,"arduino","-5"
2022-12-16 16:49:55,19.2338749608866,0.09139,8.27625934888567,292.383874960887,0.0580145546570991,-0.377020433660887,8.07401584704862,0.202243501837057,0.0119251154588937,0.000220998607003864,"arduino","-5"
2022-12-16 16:50:05,19.2308922973539,0.09138,8.27635532027273,292.380892297354,0.0580139628395902,-0.377017450997354,8.07387442730783,0.202480892964898,0.00298174005948937,0.00014143220868057,"arduino","-5"
2022-12-16 16:50:15,19.2368585484349,0.09138,8.27616334934925,292.386858548435,0.0580151466579505,-0.377023417248435,8.07381251675668,0.20235083259257,0.0119288082687135,0.000220966327519889,"arduino","-5"
2022-12-16 16:50:25,19.2308922973539,0.09138,8.27635532027273,292.380892297354,0.0580139628395902,-0.377017450997354,8.07387442730783,0.202480892964898,0,0.000172372296436407,"arduino","-5"
2022-12-16 16:50:35,19.2398430605418,0.0914,8.27606732164719,292.389843060542,0.0580157388422519,-0.377026401760542,8.07412628208045,0.201941039566744,0.014913320375566,0.000327147407288564,"arduino","-5"
2022-12-16 16:50:45,19.2338749608866,0.09139,8.27625934888567,292.383874960887,0.0580145546570991,-0.377020433660887,8.07401584704862,0.202243501837057,0,0,"arduino","-5"
2022-12-16 16:50:55,19.2398430605418,0.09138,8.27606732164719,292.389843060542,0.0580157388422519,-0.377026401760542,8.07378154804104,0.202285773606148,0.00895076318783694,9.28792667878042e-05,"arduino","-5"
2022-12-16 16:51:05,19.2338749608866,0.09141,8.27625934888567,292.383874960887,0.0580145546570991,-0.377020433660887,8.07436058812468,0.20189876076099,0.00298358754832506,0.000548071368006831,"arduino","-5"
2022-12-16 16:51:15,19.2428284977505,0.09139,8.27597126576364,292.39282849775,0.0580163312101113,-0.37702938719775,8.07392293561839,0.202048330145256,0.0119362003966046,4.85083105576933e-05,"arduino","-5"
2022-12-16 16:51:25,19.2368585484349,0.09138,8.27616334934925,292.386858548435,0.0580151466579505,-0.377023417248435,8.07381251675668,0.20235083259257,0.00298451210685258,0.000313765323769033,"arduino","-5"
2022-12-16 16:51:35,19.2428284977505,0.09138,8.27597126576364,292.39282849775,0.0580163312101113,-0.37702938719775,8.07375057035862,0.202220695405027,0.00895353686394529,0.000265276689999538,"arduino","-5"
2022-12-16 16:51:45,19.2398430605418,0.09136,8.27606732164719,292.389843060542,0.0580157388422519,-0.377026401760542,8.07343681400164,0.20263050764555,0,0.000344734039401828,"arduino","-5"
2022-12-16 16:51:55,19.2428284977505,0.09136,8.27597126576364,292.39282849775,0.0580163312101113,-0.37702938719775,8.07340583983908,0.202565425924568,0.00895353686394529,0.00095474828560782,"arduino","-5"
2022-12-16 16:52:05,19.2398430605418,0.09136,8.27606732164719,292.389843060542,0.0580157388422519,-0.377026401760542,8.07343681400164,0.20263050764555,0.00298543720876765,0.000486121616747326,"arduino","-5"
2022-12-16 16:52:15,19.245814860605,0.09137,8.27587518168218,292.395814860605,0.0580169237616365,-0.377032373560605,8.07354722020499,0.20232796147719,0.00895631217011328,0.000265296551685168,"arduino","-5"
2022-12-16 16:52:25,19.2398430605418,0.09135,8.27606732164719,292.389843060542,0.0580157388422519,-0.377026401760542,8.07326444698194,0.202802874665251,0.00298543720876765,0.000486123376678194,"arduino","-5"
2022-12-16 16:52:35,19.2517903654289,0.09133,8.27568292886127,292.401790365429,0.0580181094161164,-0.377038349065429,8.07279578357519,0.202887145286079,0.0119473048871264,0.000641030426447031,"arduino","-5"
2022-12-16 16:52:45,19.2428284977505,0.09132,8.27597126576364,292.39282849775,0.0580163312101113,-0.37702938719775,8.07271637879999,0.203254886963654,0,0.000689461039085515,"arduino","-5"
2022-12-16 16:52:55,19.0154555467163,0.09133,8.28329148979265,292.165455546716,0.057971216066545,-0.376802014246716,8.07524916692016,0.208042322872487,0.224387513825437,0.00181235291851856,"arduino","-5"
2022-12-16 16:53:05,19.245814860605,0.09133,8.27587518168218,292.395814860605,0.0580169237616365,-0.377032373560605,8.07285776620767,0.203017415474516,0,0.000689453997326339,"arduino","-5"
2022-12-16 16:53:15,19.2517903654289,0.09133,8.27568292886127,292.401790365429,0.0580181094161164,-0.377038349065429,8.07279578357519,0.202887145286079,0.0119473048871264,0.000468663406746117,"arduino","-5"
2022-12-16 16:53:25,19.2488021496495,0.09132,8.27577906938677,292.39880214965,0.0580175164969355,-0.37703536084965,8.07265441764279,0.203124651743984,0.0029882157793395,0.000141365932405435,"arduino","-5"
2022-12-16 16:53:35,19.2517903654289,0.09134,8.27568292886127,292.401790365429,0.0580181094161164,-0.377038349065429,8.07296814355212,0.202714785309157,0.00896186767835871,0.000251764752125183,"arduino","-5"
2022-12-16 16:53:45,19.2488021496495,0.09132,8.27577906938677,292.39880214965,0.0580175164969355,-0.37703536084965,8.07265441764279,0.203124651743984,0.233346602933224,0.00259474927737102,"arduino","-5"
2022-12-16 16:53:55,19.2577695793734,0.09128,8.27549056305509,292.407769579373,0.0580192958065569,-0.377044328279373,8.07187198274212,0.20361858031297,0.0119547187684255,0.000985783465548451,"arduino","-5"
2022-12-16 16:54:05,19.2517903654289,0.09133,8.27568292886127,292.401790365429,0.0580181094161164,-0.377038349065429,8.07279578357519,0.202887145286079,0,0,"arduino","-5"
2022-12-16 16:54:15,19.2577695793734,0.09131,8.27549056305509,292.407769579373,0.0580192958065569,-0.377044328279373,8.07238905209952,0.203101510955563,0.0089674297238993,0.00026536554326384,"arduino","-5"
2022-12-16 16:54:25,19.2488021496495,0.09134,8.27577906938677,292.39880214965,0.0580175164969355,-0.37703536084965,8.07299914111955,0.202779928267223,0.0029882157793395,3.09975674337437e-05,"arduino","-5"
2022-12-16 16:54:35,19.2607605786306,0.09132,8.27539433774206,292.410760578631,0.058019889278033,-0.377047319278631,8.07253038754004,0.202863950202012,0.0119584289810817,0.000124030102742978,"arduino","-5"
2022-12-16 16:54:45,19.2517903654289,0.09133,8.27568292886127,292.401790365429,0.0580181094161164,-0.377038349065429,8.07279578357519,0.202887145286079,0.0059792139445598,0.000923800833076527,"arduino","-5"
2022-12-16 16:54:55,19.2607605786306,0.0913,8.27539433774206,292.410760578631,0.058019889278033,-0.377047319278631,8.07218567816109,0.203208659580966,0.00897021320174218,0.000610105414102335,"arduino","-5"
2022-12-16 16:55:05,19.2547795084883,0.09128,8.27558676008948,292.404779508488,0.0580187025192874,-0.377041338208488,8.0719029877099,0.203683772379579,0.00299007088515069,0.000486064389621177,"arduino","-5"
