Date,Time,J1 (mV),J1 oversampled mean (mV),J1 oversampled mean,J1 oversampled min,J1 oversampled max,J1 oversampled sd,J2+ (mV),J3 (mV),J4+ (mV),J4+ oversampled mean (mV),J4+ oversampled mean,J4+ oversampled min,J4+ oversampled max,J4+ oversampled sd,J4- (mV),J4- oversampled mean (mV),J4- oversampled mean,J4- oversampled min,J4- oversampled max,J4- oversampled sd
4/11/2023,14:55:0,105.78,105.87,3388.00,3381,3397,3.57,34.00,-36.00,32.25,32.25,1032.00,1030,1035,0.98,51.50,51.50,1648.00,1647,1650,0.77
4/11/2023,14:55:15,106.09,105.97,3391.00,3383,3401,3.81,34.00,-36.00,32.22,32.25,1032.00,1030,1036,1.16,51.53,51.53,1649.00,1646,1651,0.82
4/11/2023,14:55:30,106.09,106.06,3394.00,3385,3403,3.66,34.00,-36.00,32.22,32.25,1032.00,1030,1036,1.04,51.50,51.50,1648.00,1647,1650,0.74
4/11/2023,14:55:45,106.19,106.12,3396.00,3387,3405,3.54,34.00,-36.00,32.22,32.25,1032.00,1030,1035,1.20,51.53,51.50,1648.00,1647,1650,1.06
4/11/2023,14:56:0,105.94,106.19,3398.00,3389,3409,3.83,34.00,-36.00,32.25,32.25,1032.00,1030,1036,1.02,51.28,51.50,1648.00,1647,1650,0.85
4/11/2023,14:56:15,106.06,106.22,3399.00,3389,3411,3.83,34.00,-36.00,32.25,32.25,1032.00,1029,1036,1.20,51.53,51.53,1649.00,1647,1651,0.76
4/11/2023,14:56:30,106.12,106.31,3402.00,3394,3411,3.48,34.00,-36.00,32.25,32.25,1032.00,1030,1035,1.00,51.50,51.50,1648.00,1648,1650,0.91
4/11/2023,14:56:45,106.34,106.28,3401.00,3394,3410,3.61,34.00,-36.00,32.25,32.25,1032.00,1031,1035,0.99,51.56,51.50,1648.00,1647,1650,1.13
4/11/2023,14:57:0,106.37,106.34,3403.00,3394,3413,3.75,33.50,-36.00,32.22,32.25,1032.00,1030,1035,1.03,51.53,51.50,1648.00,1648,1650,1.00
4/11/2023,14:57:15,106.25,106.41,3405.00,3397,3415,3.33,34.00,-36.00,32.19,32.25,1032.00,1030,1036,1.23,51.53,51.53,1649.00,1647,1651,0.75
4/11/2023,14:57:30,106.50,106.41,3405.00,3397,3413,3.49,34.00,-36.00,32.25,32.25,1032.00,1030,1036,0.97,51.53,51.50,1648.00,1647,1650,1.03
4/11/2023,14:57:45,106.50,106.44,3406.00,3396,3416,3.69,34.00,-36.00,32.22,32.25,1032.00,1030,1036,1.04,51.53,51.50,1648.00,1648,1650,1.13
4/11/2023,14:58:0,106.25,106.47,3407.00,3399,3416,3.25,34.00,-36.00,32.28,32.25,1032.00,1030,1035,1.07,51.53,51.53,1649.00,1648,1650,0.55
4/11/2023,14:58:15,106.50,106.47,3407.00,3399,3416,3.55,34.00,-36.00,32.22,32.25,1032.00,1030,1036,1.20,51.56,51.53,1649.00,1647,1651,0.97
4/11/2023,14:58:30,106.37,106.47,3407.00,3399,3416,3.73,34.00,-36.00,32.25,32.25,1032.00,1028,1035,1.09,51.50,51.53,1649.00,1648,1650,0.56
4/11/2023,14:58:45,106.41,106.50,3408.00,3400,3416,3.72,34.00,-36.00,32.25,32.25,1032.00,1030,1036,1.20,51.28,51.53,1649.00,1647,1651,1.05
4/11/2023,14:59:0,106.31,106.47,3407.00,3397,3417,3.69,34.00,-36.00,32.25,32.25,1032.00,1030,1035,0.94,51.53,51.53,1649.00,1648,1650,0.59
4/11/2023,14:59:15,106.44,106.50,3408.00,3399,3419,3.78,34.00,-36.00,32.28,32.25,1032.00,1030,1035,0.94,51.53,51.53,1649.00,1647,1651,0.91
4/11/2023,14:59:30,106.62,106.47,3407.00,3398,3417,4.08,34.00,-36.00,32.25,32.25,1032.00,1030,1034,0.91,51.53,51.53,1649.00,1648,1650,0.61
4/11/2023,14:59:45,106.62,106.50,3408.00,3401,3416,3.35,33.50,-36.00,32.25,32.25,1032.00,1029,1036,1.16,51.53,51.53,1649.00,1647,1651,1.10
4/11/2023,15:0:0,106.41,106.53,3409.00,3401,3418,3.60,34.00,-36.00,32.19,32.25,1032.00,1030,1034,0.90,51.53,51.53,1649.00,1648,1651,0.66
4/11/2023,15:0:15,106.59,106.53,3409.00,3398,3419,3.59,34.00,-36.00,32.25,32.25,1032.00,1030,1035,0.96,51.53,51.53,1649.00,1648,1651,0.90
4/11/2023,15:0:30,106.56,106.53,3409.00,3400,3420,4.02,34.00,-36.00,32.22,32.25,1032.00,1030,1035,0.97,51.50,51.53,1649.00,1648,1651,0.64
4/11/2023,15:0:45,106.75,106.53,3409.00,3401,3419,3.69,34.00,-36.00,32.28,32.25,1032.00,1029,1035,1.07,51.50,51.53,1649.00,1647,1651,1.12
4/11/2023,15:1:0,106.37,106.53,3409.00,3401,3418,3.48,34.00,-36.00,32.22,32.25,1032.00,1029,1035,1.06,51.56,51.53,1649.00,1648,1651,0.76
4/11/2023,15:1:15,106.53,106.53,3409.00,3400,3420,3.63,34.00,-36.00,32.22,32.25,1032.00,1030,1035,1.15,51.53,51.53,1649.00,1648,1652,1.19
4/11/2023,15:1:30,106.50,106.56,3410.00,3401,3422,4.07,34.00,-36.00,32.25,32.25,1032.00,1030,1035,0.99,51.28,51.53,1649.00,1648,1651,0.73
4/11/2023,15:1:45,106.31,106.53,3409.00,3402,3417,3.37,34.00,-36.00,32.22,32.25,1032.00,1030,1035,0.99,51.53,51.53,1649.00,1648,1651,0.86
4/11/2023,15:2:0,106.47,106.53,3409.00,3401,3418,3.40,34.00,-36.00,32.22,32.25,1032.00,1030,1035,0.99,51.53,51.53,1649.00,1648,1651,0.74
4/11/2023,15:2:15,106.53,106.56,3410.00,3402,3419,3.39,34.00,-36.00,32.22,32.25,1032.00,1031,1035,0.97,51.56,51.53,1649.00,1648,1651,0.93
4/11/2023,15:2:30,106.53,106.56,3410.00,3403,3418,3.46,34.00,-36.00,32.16,32.25,1032.00,1030,1035,0.97,51.56,51.53,1649.00,1648,1651,0.88
4/11/2023,15:2:45,106.62,106.53,3409.00,3401,3419,3.80,34.00,-36.00,32.22,32.25,1032.00,1030,1035,1.16,51.56,51.56,1650.00,1648,1652,0.79
4/11/2023,15:3:0,106.59,106.53,3409.00,3399,3418,3.70,33.50,-36.00,32.25,32.25,1032.00,1030,1035,1.08,51.53,51.53,1649.00,1649,1651,0.92
4/11/2023,15:3:15,106.47,106.53,3409.00,3401,3417,3.53,34.00,-36.00,32.25,32.25,1032.00,1030,1038,1.34,51.56,51.56,1650.00,1648,1652,0.92
4/11/2023,15:3:30,106.66,106.50,3408.00,3402,3416,3.29,34.00,-36.00,32.22,32.25,1032.00,1030,1035,1.11,51.56,51.53,1649.00,1649,1651,0.98
4/11/2023,15:3:45,106.50,106.50,3408.00,3398,3417,3.90,34.00,-36.00,32.25,32.25,1032.00,1030,1035,1.28,51.53,51.56,1650.00,1648,1652,0.78
4/11/2023,15:4:0,106.44,106.53,3409.00,3402,3417,3.36,33.75,-36.00,32.28,32.25,1032.00,1030,1035,1.15,51.53,51.53,1649.00,1648,1651,0.99
4/11/2023,15:4:15,106.44,106.50,3408.00,3401,3417,3.44,34.00,-36.00,32.34,32.25,1032.00,1031,1036,1.18,51.59,51.56,1650.00,1648,1652,0.87
4/11/2023,15:4:30,106.53,106.53,3409.00,3400,3418,3.55,33.75,-36.00,32.19,32.25,1032.00,1030,1035,1.11,51.56,51.53,1649.00,1649,1651,1.03
4/11/2023,15:4:45,106.47,106.56,3410.00,3402,3419,3.50,34.00,-36.00,32.28,32.28,1033.00,1030,1036,0.91,51.56,51.56,1650.00,1648,1652,0.90
4/11/2023,15:5:0,106.66,106.56,3410.00,3399,3419,3.90,34.00,-36.00,32.22,32.25,1032.00,1030,1035,1.26,51.53,51.53,1649.00,1649,1651,1.04
4/11/2023,15:5:15,106.59,106.53,3409.00,3400,3419,3.62,34.00,-36.00,32.25,32.28,1033.00,1030,1036,0.99,51.38,51.56,1650.00,1648,1652,0.95
4/11/2023,15:5:30,106.44,106.53,3409.00,3401,3417,3.43,34.00,-36.00,32.28,32.25,1032.00,1029,1035,1.27,51.56,51.53,1649.00,1649,1651,1.08
4/11/2023,15:5:45,106.44,106.53,3409.00,3400,3419,3.76,34.00,-36.00,32.25,32.28,1033.00,1030,1035,0.89,51.59,51.56,1650.00,1648,1652,0.95
4/11/2023,15:6:0,106.44,106.53,3409.00,3398,3419,3.94,34.00,-36.00,32.28,32.25,1032.00,1030,1035,1.29,51.53,51.56,1650.00,1649,1651,0.46
4/11/2023,15:6:15,106.34,106.53,3409.00,3400,3419,3.84,33.50,-36.00,32.28,32.28,1033.00,1029,1036,0.95,51.59,51.56,1650.00,1648,1652,0.92
4/11/2023,15:6:30,106.59,106.56,3410.00,3403,3420,3.57,34.00,-36.00,32.25,32.25,1032.00,1030,1036,1.28,51.56,51.56,1650.00,1649,1651,0.51
4/11/2023,15:6:45,106.62,106.53,3409.00,3399,3419,3.80,34.00,-36.00,32.25,32.28,1033.00,1031,1036,0.98,51.59,51.56,1650.00,1647,1652,1.00
4/11/2023,15:7:0,106.56,106.56,3410.00,3399,3422,4.28,34.00,-36.00,32.22,32.25,1032.00,1029,1035,1.33,51.56,51.56,1650.00,1649,1651,0.53
4/11/2023,15:7:15,106.56,106.56,3410.00,3402,3420,3.71,34.00,-36.00,32.19,32.28,1033.00,1031,1035,0.91,51.59,51.56,1650.00,1648,1652,1.03
4/11/2023,15:7:30,106.50,106.56,3410.00,3401,3421,4.22,33.75,-36.00,32.22,32.28,1033.00,1031,1035,0.90,51.50,51.56,1650.00,1649,1651,0.50
4/11/2023,15:7:45,106.37,106.53,3409.00,3400,3419,3.71,34.00,-36.00,32.25,32.28,1033.00,1029,1036,1.06,51.59,51.56,1650.00,1648,1652,0.98
4/11/2023,15:8:0,106.62,106.56,3410.00,3403,3420,3.56,33.75,-36.00,32.22,32.28,1033.00,1030,1036,0.98,51.34,51.56,1650.00,1649,1651,0.55
4/11/2023,15:8:15,106.56,106.53,3409.00,3401,3420,3.75,34.00,-36.00,32.28,32.28,1033.00,1031,1036,1.08,51.59,51.56,1650.00,1648,1652,0.96
4/11/2023,15:8:30,106.75,106.53,3409.00,3401,3418,3.47,34.25,-36.00,32.28,32.28,1033.00,1031,1036,1.03,51.56,51.56,1650.00,1649,1651,0.52
4/11/2023,15:8:45,106.47,106.50,3408.00,3401,3417,3.40,34.00,-36.00,32.28,32.28,1033.00,1031,1036,1.18,51.59,51.56,1650.00,1648,1652,0.92
4/11/2023,15:9:0,106.44,106.56,3410.00,3401,3421,3.73,33.50,-36.00,32.28,32.28,1033.00,1031,1036,0.92,51.56,51.56,1650.00,1649,1652,0.56
4/11/2023,15:9:15,106.59,106.53,3409.00,3400,3420,4.18,34.00,-36.00,32.25,32.28,1033.00,1029,1037,1.25,51.59,51.56,1650.00,1649,1652,1.04
4/11/2023,15:9:30,106.37,106.53,3409.00,3399,3418,3.44,34.00,-36.00,32.28,32.28,1033.00,1031,1036,1.08,51.53,51.56,1650.00,1649,1651,0.54
4/11/2023,15:9:45,106.62,106.50,3408.00,3400,3419,3.96,34.00,-36.00,32.28,32.28,1033.00,1031,1036,1.05,51.53,51.56,1650.00,1649,1652,0.90
4/11/2023,15:10:0,106.56,106.53,3409.00,3396,3420,4.11,34.00,-36.00,32.28,32.28,1033.00,1032,1036,1.13,51.56,51.56,1650.00,1649,1651,0.59
4/11/2023,15:10:15,106.34,106.53,3409.00,3402,3417,3.56,34.00,-36.00,32.28,32.28,1033.00,1031,1036,1.14,51.53,51.56,1650.00,1648,1652,0.98
4/11/2023,15:10:30,106.59,106.53,3409.00,3402,3417,3.39,34.00,-36.00,32.31,32.28,1033.00,1031,1036,1.15,51.56,51.56,1650.00,1649,1652,0.61
4/11/2023,15:10:45,106.56,106.50,3408.00,3398,3420,4.14,34.00,-36.00,32.28,32.28,1033.00,1032,1037,1.23,51.31,51.56,1650.00,1648,1652,0.87
4/11/2023,15:11:0,106.44,106.53,3409.00,3398,3417,3.59,34.00,-36.00,32.28,32.28,1033.00,1031,1036,1.18,51.56,51.56,1650.00,1649,1652,0.58
4/11/2023,15:11:15,106.66,106.50,3408.00,3400,3416,3.55,34.00,-36.00,32.28,32.28,1033.00,1032,1036,0.92,51.56,51.56,1650.00,1648,1652,0.63
4/11/2023,15:11:30,106.53,106.50,3408.00,3400,3418,3.64,34.00,-36.00,32.28,32.28,1033.00,1031,1037,1.20,51.56,51.56,1650.00,1649,1652,0.61
4/11/2023,15:11:45,106.47,106.50,3408.00,3399,3418,3.85,33.50,-36.00,32.28,32.28,1033.00,1030,1037,1.17,51.56,51.56,1650.00,1648,1652,0.76
4/11/2023,15:12:0,106.62,106.53,3409.00,3400,3418,3.72,34.00,-36.00,32.28,32.28,1033.00,1031,1036,1.18,51.56,51.56,1650.00,1649,1652,0.62
4/11/2023,15:12:15,106.47,106.53,3409.00,3400,3420,3.47,34.25,-36.00,32.25,32.28,1033.00,1032,1037,1.25,51.56,51.56,1650.00,1648,1652,0.80
4/11/2023,15:12:30,106.31,106.53,3409.00,3398,3423,3.78,34.00,-36.00,32.28,32.28,1033.00,1032,1036,1.27,51.59,51.56,1650.00,1649,1652,0.65
4/11/2023,15:12:45,106.41,106.53,3409.00,3400,3419,3.79,34.00,-36.00,32.28,32.28,1033.00,1030,1037,1.31,51.56,51.56,1650.00,1648,1652,0.86
4/11/2023,15:13:0,106.47,106.50,3408.00,3398,3419,3.93,34.00,-36.00,32.25,32.31,1034.00,1031,1037,1.06,51.59,51.56,1650.00,1649,1651,0.66
4/11/2023,15:13:15,106.50,106.50,3408.00,3398,3419,3.93,34.00,-36.00,32.25,32.31,1034.00,1032,1036,0.90,51.56,51.56,1650.00,1649,1653,1.03
4/11/2023,15:13:30,106.44,106.53,3409.00,3400,3417,3.46,34.00,-36.00,32.28,32.31,1034.00,1031,1036,0.95,51.34,51.56,1650.00,1649,1651,0.66
4/11/2023,15:13:45,106.59,106.50,3408.00,3401,3418,3.63,34.00,-36.00,32.25,32.28,1033.00,1032,1037,1.32,51.53,51.56,1650.00,1648,1652,0.66
4/11/2023,15:14:0,106.53,106.53,3409.00,3400,3419,3.87,34.00,-36.00,32.31,32.31,1034.00,1031,1037,0.99,51.56,51.56,1650.00,1649,1652,0.64
4/11/2023,15:14:15,106.62,106.53,3409.00,3401,3418,3.37,34.00,-36.00,32.31,32.31,1034.00,1031,1037,1.05,51.56,51.56,1650.00,1649,1653,0.73
4/11/2023,15:14:30,106.41,106.53,3409.00,3399,3418,3.64,33.50,-36.00,32.22,32.31,1034.00,1032,1038,0.98,51.56,51.56,1650.00,1649,1651,0.65
4/11/2023,15:14:45,106.53,106.50,3408.00,3400,3416,3.51,33.75,-36.00,32.28,32.31,1034.00,1032,1037,0.88,51.59,51.56,1650.00,1648,1652,1.13
4/11/2023,15:15:0,106.44,106.50,3408.00,3398,3417,3.57,34.00,-36.00,32.28,32.31,1034.00,1032,1037,1.02,51.56,51.56,1650.00,1649,1651,0.64
4/11/2023,15:15:15,106.62,106.50,3408.00,3399,3417,3.54,34.00,-36.00,32.28,32.31,1034.00,1031,1036,0.92,51.56,51.56,1650.00,1649,1652,0.64
4/11/2023,15:15:30,106.66,106.50,3408.00,3397,3418,3.80,33.75,-36.00,32.28,32.31,1034.00,1032,1037,0.94,51.53,51.56,1650.00,1650,1652,0.72
4/11/2023,15:15:45,106.31,106.50,3408.00,3398,3417,3.48,34.00,-36.00,32.34,32.31,1034.00,1032,1038,1.07,51.59,51.56,1650.00,1648,1652,1.21
4/11/2023,15:16:0,106.53,106.50,3408.00,3398,3418,3.74,34.00,-36.00,32.28,32.31,1034.00,1032,1037,1.04,51.56,51.56,1650.00,1649,1652,0.74
4/11/2023,15:16:15,106.59,106.50,3408.00,3398,3417,3.62,34.00,-36.00,32.28,32.31,1034.00,1031,1037,0.99,51.38,51.56,1650.00,1648,1652,0.78
4/11/2023,15:16:30,106.44,106.50,3408.00,3398,3417,3.51,34.00,-36.00,32.31,32.31,1034.00,1032,1037,1.08,51.56,51.56,1650.00,1649,1651,0.74
4/11/2023,15:16:45,106.37,106.47,3407.00,3400,3416,3.87,34.00,-36.00,32.28,32.31,1034.00,1032,1036,0.94,51.56,51.56,1650.00,1648,1653,1.04
4/11/2023,15:17:0,106.37,106.47,3407.00,3397,3419,4.19,34.00,-36.00,32.34,32.31,1034.00,1032,1037,1.05,51.56,51.56,1650.00,1649,1651,0.74
4/11/2023,15:17:15,106.62,106.50,3408.00,3400,3418,3.84,33.50,-36.00,32.28,32.31,1034.00,1032,1037,1.02,51.53,51.56,1650.00,1649,1653,0.85
4/11/2023,15:17:30,106.69,106.53,3409.00,3399,3418,3.85,34.00,-36.00,32.31,32.31,1034.00,1032,1037,1.19,51.56,51.56,1650.00,1649,1652,0.73
4/11/2023,15:17:45,106.56,106.53,3409.00,3400,3418,3.80,34.00,-36.00,32.25,32.31,1034.00,1032,1038,1.31,51.56,51.56,1650.00,1649,1653,1.12
4/11/2023,15:18:0,106.75,106.56,3410.00,3400,3421,3.75,34.00,-36.00,32.31,32.31,1034.00,1032,1037,1.23,51.59,51.56,1650.00,1649,1652,0.73
4/11/2023,15:18:15,106.50,106.53,3409.00,3401,3419,3.78,34.00,-36.00,32.31,32.31,1034.00,1033,1038,1.25,51.56,51.56,1650.00,1649,1652,0.70
4/11/2023,15:18:30,106.78,106.53,3409.00,3401,3417,3.51,34.00,-36.00,32.25,32.31,1034.00,1032,1037,1.20,51.59,51.56,1650.00,1649,1652,0.75
4/11/2023,15:18:45,106.50,106.53,3409.00,3401,3422,3.74,34.00,-36.00,32.31,32.31,1034.00,1033,1037,1.23,51.59,51.56,1650.00,1649,1653,0.66
4/11/2023,15:19:0,106.44,106.50,3408.00,3397,3417,3.78,34.00,-36.00,32.31,32.31,1034.00,1032,1038,1.29,51.34,51.56,1650.00,1649,1652,0.75
4/11/2023,15:19:15,106.37,106.53,3409.00,3400,3419,3.72,34.00,-36.00,32.28,32.34,1035.00,1032,1038,0.94,51.63,51.59,1651.00,1649,1653,0.74
4/11/2023,15:19:30,106.66,106.47,3407.00,3398,3417,3.66,34.00,-36.00,32.31,32.31,1034.00,1033,1037,1.31,51.56,51.56,1650.00,1650,1652,0.78
4/11/2023,15:19:45,106.31,106.50,3408.00,3398,3416,3.62,34.00,-36.00,32.28,32.34,1035.00,1032,1037,0.98,51.56,51.56,1650.00,1649,1653,1.12
4/11/2023,15:20:0,106.53,106.47,3407.00,3397,3417,3.67,33.50,-36.00,32.31,32.31,1034.00,1032,1038,1.30,51.56,51.56,1650.00,1649,1652,0.82
4/11/2023,15:20:15,106.56,106.50,3408.00,3399,3417,3.57,34.00,-36.00,32.34,32.34,1035.00,1032,1038,0.93,51.59,51.59,1651.00,1649,1653,0.76
4/11/2023,15:20:30,106.50,106.53,3409.00,3401,3419,3.67,33.75,-36.00,32.31,32.34,1035.00,1033,1038,0.93,51.56,51.56,1650.00,1649,1652,0.78
4/11/2023,15:20:45,106.56,106.50,3408.00,3401,3418,3.58,34.00,-36.00,32.41,32.34,1035.00,1034,1038,0.87,51.59,51.56,1650.00,1648,1652,1.21
4/11/2023,15:21:0,106.28,106.50,3408.00,3398,3421,4.15,34.00,-36.00,32.31,32.34,1035.00,1033,1039,0.90,51.56,51.56,1650.00,1649,1652,0.77
4/11/2023,15:21:15,106.50,106.53,3409.00,3398,3420,4.48,34.25,-36.00,32.34,32.34,1035.00,1033,1038,1.06,51.59,51.59,1651.00,1649,1652,0.73
4/11/2023,15:21:30,106.53,106.50,3408.00,3399,3417,3.61,34.00,-36.00,32.34,32.34,1035.00,1033,1037,0.88,51.56,51.56,1650.00,1649,1652,0.84
4/11/2023,15:21:45,106.47,106.47,3407.00,3397,3417,3.83,34.00,-36.00,32.34,32.34,1035.00,1033,1038,0.96,51.38,51.56,1650.00,1649,1652,0.83
4/11/2023,15:22:0,106.41,106.50,3408.00,3400,3419,3.49,33.75,-36.00,32.28,32.34,1035.00,1032,1038,1.00,51.59,51.56,1650.00,1649,1652,0.83
4/11/2023,15:22:15,106.41,106.47,3407.00,3400,3415,3.44,34.25,-36.00,32.38,32.34,1035.00,1033,1038,1.01,51.56,51.56,1650.00,1649,1653,1.11
4/11/2023,15:22:30,106.59,106.50,3408.00,3400,3417,3.46,34.00,-36.00,32.31,32.34,1035.00,1033,1038,0.92,51.59,51.56,1650.00,1649,1652,0.84
4/11/2023,15:22:45,106.37,106.50,3408.00,3397,3419,4.01,33.50,-36.00,32.34,32.34,1035.00,1032,1037,1.01,51.59,51.59,1651.00,1649,1653,0.88
4/11/2023,15:23:0,106.47,106.50,3408.00,3401,3418,3.53,34.00,-36.00,32.34,32.34,1035.00,1033,1038,0.98,51.56,51.56,1650.00,1649,1652,0.85
4/11/2023,15:23:15,106.56,106.47,3407.00,3399,3418,3.77,34.00,-36.00,32.38,32.34,1035.00,1033,1038,1.03,51.59,51.59,1651.00,1648,1653,0.78
4/11/2023,15:23:30,106.62,106.47,3407.00,3396,3418,3.86,34.00,-36.00,32.34,32.34,1035.00,1032,1038,0.92,51.59,51.56,1650.00,1649,1652,0.87
4/11/2023,15:23:45,106.34,106.50,3408.00,3398,3420,3.51,34.00,-36.00,32.34,32.34,1035.00,1032,1038,1.04,51.53,51.56,1650.00,1649,1653,1.30
4/11/2023,15:24:0,106.53,106.50,3408.00,3398,3416,3.44,34.00,-36.00,32.34,32.34,1035.00,1032,1038,0.98,51.56,51.56,1650.00,1650,1652,0.89
4/11/2023,15:24:15,106.44,106.50,3408.00,3399,3418,3.82,34.00,-36.00,32.28,32.34,1035.00,1033,1038,0.96,51.63,51.56,1650.00,1649,1653,1.12
4/11/2023,15:24:30,106.53,106.47,3407.00,3400,3416,3.55,34.25,-36.00,32.38,32.34,1035.00,1033,1038,0.95,51.38,51.56,1650.00,1650,1652,0.87
4/11/2023,15:24:45,106.37,106.47,3407.00,3397,3417,3.89,34.00,-36.00,32.31,32.34,1035.00,1033,1038,1.10,51.59,51.59,1651.00,1649,1653,0.88
4/11/2023,15:25:0,106.53,106.50,3408.00,3400,3416,3.50,34.00,-36.00,32.28,32.34,1035.00,1032,1038,0.98,51.56,51.56,1650.00,1649,1652,0.89
4/11/2023,15:25:15,106.34,106.50,3408.00,3400,3419,3.35,34.00,-36.00,32.31,32.34,1035.00,1033,1038,1.17,51.63,51.59,1651.00,1648,1653,0.88
4/11/2023,15:25:30,106.34,106.47,3407.00,3399,3418,3.85,33.50,-36.00,32.34,32.34,1035.00,1033,1038,0.92,51.56,51.56,1650.00,1650,1652,0.90
4/11/2023,15:25:45,106.37,106.47,3407.00,3400,3416,3.31,34.00,-36.00,32.34,32.34,1035.00,1033,1038,1.05,51.63,51.59,1651.00,1649,1653,0.72
4/11/2023,15:26:0,106.41,106.50,3408.00,3402,3418,3.26,34.00,-36.00,32.28,32.34,1035.00,1032,1038,1.01,51.59,51.56,1650.00,1650,1652,0.89
4/11/2023,15:26:15,106.66,106.50,3408.00,3396,3422,3.98,34.00,-36.00,32.31,32.34,1035.00,1033,1038,1.12,51.56,51.59,1651.00,1649,1653,0.84
4/11/2023,15:26:30,106.56,106.44,3406.00,3397,3416,4.23,33.75,-36.00,32.38,32.34,1035.00,1032,1038,1.06,51.59,51.56,1650.00,1649,1652,0.91
4/11/2023,15:26:45,106.34,106.44,3406.00,3395,3419,4.13,34.00,-36.00,32.34,32.34,1035.00,1032,1039,1.24,51.59,51.59,1651.00,1649,1653,1.00
4/11/2023,15:27:0,106.47,106.53,3409.00,3402,3418,3.59,34.00,-36.00,32.31,32.34,1035.00,1032,1038,1.01,51.59,51.56,1650.00,1650,1652,0.96
4/11/2023,15:27:15,106.56,106.50,3408.00,3399,3417,3.86,34.00,-36.00,32.38,32.34,1035.00,1033,1038,1.16,51.31,51.59,1651.00,1648,1653,0.88
4/11/2023,15:27:30,106.59,106.50,3408.00,3400,3417,3.64,34.00,-36.00,32.31,32.34,1035.00,1032,1038,1.06,51.56,51.56,1650.00,1650,1652,0.87
4/11/2023,15:27:45,106.44,106.47,3407.00,3399,3419,3.82,34.00,-36.00,32.34,32.34,1035.00,1033,1038,1.17,51.56,51.59,1651.00,1649,1653,0.89
4/11/2023,15:28:0,106.41,106.47,3407.00,3399,3416,3.60,34.00,-36.00,32.34,32.34,1035.00,1033,1038,1.01,51.59,51.56,1650.00,1649,1652,0.91
4/11/2023,15:28:15,106.59,106.50,3408.00,3397,3418,3.74,33.50,-36.00,32.34,32.38,1036.00,1033,1039,0.92,51.63,51.59,1651.00,1649,1653,0.87
4/11/2023,15:28:30,106.47,106.47,3407.00,3397,3419,3.98,34.00,-36.00,32.28,32.34,1035.00,1033,1039,1.19,51.56,51.56,1650.00,1650,1652,0.93
4/11/2023,15:28:45,106.37,106.50,3408.00,3400,3418,3.67,34.00,-36.00,32.31,32.34,1035.00,1032,1039,1.27,51.63,51.56,1650.00,1649,1653,1.31
4/11/2023,15:29:0,106.59,106.50,3408.00,3400,3418,3.69,34.00,-36.00,32.34,32.34,1035.00,1033,1038,1.27,51.56,51.56,1650.00,1650,1652,0.94
4/11/2023,15:29:15,106.59,106.47,3407.00,3400,3418,3.49,34.00,-36.00,32.38,32.38,1036.00,1034,1039,1.00,51.63,51.59,1651.00,1649,1653,0.87
4/11/2023,15:29:30,106.37,106.50,3408.00,3400,3418,3.75,34.00,-36.00,32.34,32.34,1035.00,1034,1038,1.27,51.56,51.56,1650.00,1649,1652,0.94
4/11/2023,15:29:45,106.56,106.47,3407.00,3399,3416,3.50,34.00,-36.00,32.34,32.38,1036.00,1034,1038,0.90,51.59,51.56,1650.00,1649,1652,0.98
4/11/2023,15:30:0,106.56,106.47,3407.00,3398,3417,3.64,34.00,-36.00,32.34,32.34,1035.00,1033,1038,1.26,51.38,51.56,1650.00,1650,1652,0.94
4/11/2023,15:30:15,106.56,106.44,3406.00,3398,3415,3.62,34.00,-36.00,32.31,32.38,1036.00,1034,1039,0.88,51.63,51.59,1651.00,1649,1653,0.76
4/11/2023,15:30:30,106.53,106.44,3406.00,3398,3416,3.61,34.00,-36.00,32.31,32.34,1035.00,1034,1039,1.30,51.59,51.56,1650.00,1650,1652,0.93
4/11/2023,15:30:45,106.66,106.47,3407.00,3399,3414,3.32,34.00,-36.00,32.38,32.38,1036.00,1034,1039,1.01,51.53,51.59,1651.00,1649,1653,0.90
4/11/2023,15:31:0,106.56,106.47,3407.00,3399,3417,3.47,33.50,-36.00,32.31,32.34,1035.00,1032,1038,1.28,51.59,51.56,1650.00,1650,1652,0.94
4/11/2023,15:31:15,106.53,106.47,3407.00,3400,3417,3.69,34.00,-36.00,32.31,32.38,1036.00,1033,1039,0.94,51.59,51.59,1651.00,1649,1653,0.91
4/11/2023,15:31:30,106.50,106.47,3407.00,3398,3416,3.53,34.00,-36.00,32.34,32.38,1036.00,1033,1038,0.98,51.56,51.56,1650.00,1650,1652,0.97
4/11/2023,15:31:45,106.47,106.47,3407.00,3398,3416,3.78,34.00,-36.00,32.34,32.38,1036.00,1033,1039,0.92,51.56,51.56,1650.00,1649,1653,1.10
4/11/2023,15:32:0,106.28,106.47,3407.00,3398,3415,3.71,34.00,-36.00,32.28,32.38,1036.00,1034,1039,0.90,51.56,51.56,1650.00,1650,1652,0.99
4/11/2023,15:32:15,106.28,106.47,3407.00,3400,3415,3.34,34.00,-36.00,32.31,32.38,1036.00,1032,1038,0.96,51.56,51.56,1650.00,1649,1653,0.89
4/11/2023,15:32:30,106.56,106.50,3408.00,3398,3418,3.77,34.00,-36.00,32.34,32.38,1036.00,1033,1039,0.93,51.59,51.56,1650.00,1650,1652,0.99
4/11/2023,15:32:45,106.56,106.47,3407.00,3399,3417,3.53,34.00,-36.00,32.31,32.38,1036.00,1033,1038,0.87,51.38,51.56,1650.00,1649,1653,1.03
4/11/2023,15:33:0,106.44,106.50,3408.00,3400,3416,3.70,34.00,-36.00,32.28,32.38,1036.00,1034,1039,0.94,51.56,51.56,1650.00,1649,1652,0.94
4/11/2023,15:33:15,106.34,106.47,3407.00,3397,3414,3.43,34.00,-36.00,32.38,32.38,1036.00,1032,1040,1.14,51.59,51.56,1650.00,1649,1653,1.31
4/11/2023,15:33:30,106.59,106.47,3407.00,3398,3415,3.54,34.00,-36.00,32.34,32.38,1036.00,1034,1039,0.98,51.56,51.56,1650.00,1650,1652,0.95
4/11/2023,15:33:45,106.56,106.47,3407.00,3398,3416,3.44,33.50,-36.00,32.38,32.38,1036.00,1034,1039,1.13,51.63,51.59,1651.00,1649,1653,0.88
4/11/2023,15:34:0,106.41,106.44,3406.00,3397,3417,3.80,34.00,-36.00,32.34,32.38,1036.00,1034,1039,1.10,51.59,51.56,1650.00,1650,1652,0.96
4/11/2023,15:34:15,106.50,106.50,3408.00,3401,3416,3.26,34.00,-36.00,32.38,32.38,1036.00,1032,1039,1.21,51.59,51.59,1651.00,1649,1653,0.89
4/11/2023,15:34:30,106.59,106.47,3407.00,3397,3417,3.79,34.00,-36.00,32.34,32.38,1036.00,1034,1039,1.06,51.59,51.56,1650.00,1650,1652,0.97
4/11/2023,15:34:45,106.34,106.47,3407.00,3397,3416,3.64,34.00,-36.00,32.38,32.38,1036.00,1034,1040,1.28,51.53,51.59,1651.00,1649,1653,0.90
4/11/2023,15:35:0,106.41,106.47,3407.00,3396,3417,4.07,34.00,-36.00,32.34,32.38,1036.00,1034,1039,1.15,51.59,51.56,1650.00,1650,1652,0.95
4/11/2023,15:35:15,106.50,106.47,3407.00,3400,3415,3.34,34.00,-36.00,32.34,32.38,1036.00,1034,1039,1.09,51.56,51.56,1650.00,1649,1653,0.99
4/11/2023,15:35:30,106.47,106.44,3406.00,3397,3417,4.00,34.00,-36.00,32.34,32.38,1036.00,1034,1039,1.19,51.38,51.56,1650.00,1650,1652,0.99
4/11/2023,15:35:45,106.50,106.47,3407.00,3399,3416,3.21,34.00,-36.00,32.34,32.38,1036.00,1034,1040,1.37,51.63,51.59,1651.00,1649,1653,0.85
4/11/2023,15:36:0,106.62,106.47,3407.00,3399,3417,3.69,34.00,-36.00,32.34,32.38,1036.00,1033,1039,1.29,51.59,51.56,1650.00,1649,1652,0.97
4/11/2023,15:36:15,106.34,106.44,3406.00,3399,3415,3.30,34.00,-36.00,32.41,32.41,1037.00,1033,1039,0.95,51.63,51.59,1651.00,1648,1653,0.87
4/11/2023,15:36:30,106.44,106.47,3407.00,3398,3416,3.62,33.50,-36.00,32.38,32.38,1036.00,1034,1040,1.26,51.59,51.56,1650.00,1650,1652,1.00
4/11/2023,15:36:45,106.69,106.44,3406.00,3398,3415,3.66,34.00,-36.00,32.38,32.41,1037.00,1034,1039,0.87,51.59,51.59,1651.00,1649,1653,0.92
4/11/2023,15:37:0,106.41,106.44,3406.00,3397,3416,3.68,34.00,-36.00,32.38,32.38,1036.00,1034,1040,1.24,51.59,51.56,1650.00,1650,1652,1.02
4/11/2023,15:37:15,106.44,106.47,3407.00,3396,3417,3.82,34.00,-36.00,32.41,32.38,1036.00,1033,1039,1.34,51.56,51.59,1651.00,1649,1653,0.93
4/11/2023,15:37:30,106.56,106.44,3406.00,3400,3414,3.45,34.00,-36.00,32.34,32.38,1036.00,1033,1039,1.19,51.56,51.56,1650.00,1650,1652,1.00
4/11/2023,15:37:45,106.41,106.41,3405.00,3396,3414,3.75,34.00,-36.00,32.38,32.41,1037.00,1035,1041,0.99,51.56,51.59,1651.00,1648,1653,0.98
4/11/2023,15:38:0,106.41,106.47,3407.00,3399,3418,3.73,34.00,-36.00,32.44,32.38,1036.00,1034,1039,1.20,51.59,51.56,1650.00,1649,1652,1.01
4/11/2023,15:38:15,106.50,106.47,3407.00,3398,3416,3.48,34.00,-36.00,32.38,32.38,1036.00,1034,1039,1.23,51.38,51.59,1651.00,1649,1653,1.00
4/11/2023,15:38:30,106.34,106.50,3408.00,3398,3418,3.63,34.00,-36.00,32.34,32.38,1036.00,1034,1039,1.16,51.56,51.56,1650.00,1650,1652,0.99
4/11/2023,15:38:45,106.66,106.50,3408.00,3399,3416,3.46,34.00,-36.00,32.44,32.38,1036.00,1034,1040,1.33,51.59,51.59,1651.00,1649,1653,0.90
4/11/2023,15:39:0,106.34,106.47,3407.00,3395,3419,4.18,34.00,-36.00,32.34,32.38,1036.00,1034,1039,1.19,51.56,51.56,1650.00,1650,1652,1.04
4/11/2023,15:39:15,106.44,106.44,3406.00,3399,3415,3.47,33.50,-36.00,32.31,32.38,1036.00,1035,1039,1.31,51.53,51.59,1651.00,1649,1653,0.94
4/11/2023,15:39:30,106.56,106.47,3407.00,3398,3416,3.61,34.25,-36.00,32.38,32.38,1036.00,1033,1040,1.31,51.56,51.56,1650.00,1649,1652,0.99
4/11/2023,15:39:45,106.37,106.44,3406.00,3395,3417,4.19,34.00,-36.00,32.38,32.41,1037.00,1033,1039,1.01,51.56,51.59,1651.00,1649,1653,0.92
4/11/2023,15:40:0,106.53,106.44,3406.00,3399,3415,3.71,34.00,-36.00,32.34,32.38,1036.00,1034,1039,1.09,51.59,51.56,1650.00,1650,1652,1.07
4/11/2023,15:40:15,106.31,106.44,3406.00,3398,3415,3.38,34.00,-36.00,32.38,32.38,1036.00,1033,1039,1.27,51.63,51.59,1651.00,1649,1653,0.92
4/11/2023,15:40:30,106.59,106.44,3406.00,3397,3419,4.23,34.00,-36.00,32.34,32.38,1036.00,1035,1039,1.16,51.59,51.56,1650.00,1650,1652,1.01
4/11/2023,15:40:45,106.44,106.44,3406.00,3399,3414,3.32,34.00,-36.00,32.38,32.38,1036.00,1034,1040,1.27,51.56,51.59,1651.00,1649,1653,0.88
4/11/2023,15:41:0,106.50,106.41,3405.00,3397,3416,3.83,34.00,-36.00,32.34,32.38,1036.00,1034,1039,1.12,51.38,51.56,1650.00,1650,1652,0.98
4/11/2023,15:41:15,106.19,106.41,3405.00,3396,3415,3.87,34.00,-36.00,32.38,32.38,1036.00,1033,1039,1.23,51.63,51.59,1651.00,1649,1653,0.90
4/11/2023,15:41:30,106.47,106.44,3406.00,3397,3415,3.69,34.00,-36.00,32.31,32.38,1036.00,1034,1040,1.01,51.59,51.56,1650.00,1650,1652,0.99
4/11/2023,15:41:45,106.66,106.44,3406.00,3398,3414,3.59,34.00,-36.00,32.38,32.38,1036.00,1034,1039,1.23,51.59,51.59,1651.00,1648,1653,0.78
4/11/2023,15:42:0,106.59,106.47,3407.00,3398,3416,3.43,33.50,-36.00,32.34,32.38,1036.00,1033,1039,1.05,51.59,51.56,1650.00,1650,1652,1.07
4/11/2023,15:42:15,106.47,106.44,3406.00,3399,3416,3.69,34.00,-36.00,32.41,32.38,1036.00,1034,1039,1.08,51.63,51.59,1651.00,1649,1653,0.94
4/11/2023,15:42:30,106.50,106.44,3406.00,3395,3414,3.49,34.00,-36.00,32.34,32.38,1036.00,1034,1038,0.99,51.56,51.56,1650.00,1650,1652,1.10
4/11/2023,15:42:45,106.31,106.41,3405.00,3398,3413,3.36,34.00,-36.00,32.34,32.38,1036.00,1033,1039,1.02,51.63,51.59,1651.00,1649,1653,0.99
4/11/2023,15:43:0,106.56,106.41,3405.00,3397,3414,3.46,34.00,-36.00,32.38,32.38,1036.00,1034,1039,0.96,51.59,51.56,1650.00,1650,1652,1.03
4/11/2023,15:43:15,106.31,106.41,3405.00,3397,3414,3.52,34.00,-36.00,32.34,32.38,1036.00,1034,1039,1.03,51.63,51.59,1651.00,1650,1653,0.75
4/11/2023,15:43:30,106.50,106.37,3404.00,3397,3414,3.54,34.00,-36.00,32.31,32.38,1036.00,1034,1039,1.01,51.59,51.59,1651.00,1649,1652,0.52
4/11/2023,15:43:45,106.62,106.44,3406.00,3398,3414,3.39,34.00,-36.00,32.38,32.38,1036.00,1035,1039,0.99,51.44,51.59,1651.00,1650,1653,0.72
4/11/2023,15:44:0,106.37,106.44,3406.00,3398,3416,3.69,34.00,-36.00,32.31,32.38,1036.00,1033,1038,0.92,51.59,51.56,1650.00,1650,1652,1.07
4/11/2023,15:44:15,106.37,106.37,3404.00,3396,3415,3.71,34.00,-36.00,32.38,32.38,1036.00,1033,1039,1.04,51.63,51.59,1651.00,1650,1653,0.82
4/11/2023,15:44:30,106.16,106.37,3404.00,3395,3413,3.68,34.00,-36.00,32.28,32.38,1036.00,1033,1039,1.03,51.59,51.56,1650.00,1649,1652,1.10
4/11/2023,15:44:45,106.31,106.37,3404.00,3395,3414,3.68,33.50,-36.00,32.34,32.38,1036.00,1034,1039,0.98,51.63,51.59,1651.00,1649,1653,0.95
4/11/2023,15:45:0,106.31,106.34,3403.00,3397,3413,3.51,34.25,-36.00,32.34,32.38,1036.00,1033,1038,0.90,51.59,51.56,1650.00,1650,1652,0.98
4/11/2023,15:45:15,106.44,106.37,3404.00,3395,3414,3.74,34.00,-36.00,32.34,32.38,1036.00,1034,1038,0.89,51.59,51.59,1651.00,1649,1653,0.87
4/11/2023,15:45:30,106.34,106.37,3404.00,3394,3415,4.19,34.00,-36.00,32.38,32.38,1036.00,1034,1040,0.89,51.56,51.59,1651.00,1650,1653,0.58
4/11/2023,15:45:45,106.28,106.41,3405.00,3395,3416,3.92,34.00,-36.00,32.38,32.38,1036.00,1033,1039,1.13,51.63,51.59,1651.00,1649,1653,0.97
4/11/2023,15:46:0,106.41,106.41,3405.00,3396,3415,3.56,34.00,-36.00,32.38,32.38,1036.00,1034,1039,0.98,51.59,51.56,1650.00,1650,1652,1.09
4/11/2023,15:46:15,106.44,106.41,3405.00,3398,3413,3.30,34.00,-36.00,32.38,32.38,1036.00,1033,1039,0.92,51.56,51.59,1651.00,1649,1653,0.91
4/11/2023,15:46:30,106.50,106.37,3404.00,3395,3413,3.81,34.00,-36.00,32.28,32.38,1036.00,1033,1039,0.96,51.41,51.56,1650.00,1649,1652,1.09
4/11/2023,15:46:45,106.47,106.41,3405.00,3397,3415,3.57,34.25,-36.00,32.38,32.38,1036.00,1034,1038,0.88,51.56,51.59,1651.00,1649,1653,0.60
4/11/2023,15:47:0,106.34,106.41,3405.00,3396,3418,3.93,34.00,-36.00,32.34,32.38,1036.00,1034,1039,0.95,51.59,51.59,1651.00,1649,1652,0.48
4/11/2023,15:47:15,106.34,106.41,3405.00,3397,3413,3.42,34.00,-36.00,32.38,32.38,1036.00,1034,1039,0.97,51.59,51.59,1651.00,1650,1653,0.67
4/11/2023,15:47:30,106.37,106.41,3405.00,3395,3416,4.02,33.75,-36.00,32.38,32.38,1036.00,1034,1038,0.90,51.59,51.56,1650.00,1650,1652,1.07
4/11/2023,15:47:45,106.28,106.37,3404.00,3395,3413,3.85,34.00,-36.00,32.38,32.38,1036.00,1034,1039,1.09,51.63,51.59,1651.00,1649,1653,0.78
4/11/2023,15:48:0,106.31,106.41,3405.00,3399,3413,3.33,33.75,-36.00,32.31,32.38,1036.00,1033,1039,1.05,51.56,51.59,1651.00,1650,1652,0.50
4/11/2023,15:48:15,106.31,106.44,3406.00,3397,3415,3.68,33.75,-36.00,32.34,32.38,1036.00,1034,1039,1.17,51.59,51.59,1651.00,1649,1653,0.85
4/11/2023,15:48:30,106.53,106.41,3405.00,3398,3413,3.29,34.00,-36.00,32.34,32.38,1036.00,1033,1039,1.06,51.59,51.56,1650.00,1650,1652,1.05
4/11/2023,15:48:45,106.22,106.41,3405.00,3398,3415,3.76,34.25,-36.00,32.38,32.38,1036.00,1035,1039,1.18,51.59,51.59,1651.00,1649,1653,0.85
4/11/2023,15:49:0,106.44,106.41,3405.00,3396,3415,3.79,34.25,-36.00,32.31,32.38,1036.00,1033,1039,1.08,51.59,51.56,1650.00,1649,1652,1.10
4/11/2023,15:49:15,106.50,106.47,3407.00,3398,3419,3.94,34.25,-36.00,32.16,32.38,1036.00,1034,1038,0.98,51.56,51.56,1650.00,1649,1652,1.01
4/11/2023,15:49:30,106.19,106.44,3406.00,3397,3416,3.91,34.25,-36.00,32.34,32.38,1036.00,1034,1039,1.08,51.56,51.59,1651.00,1650,1653,0.49
4/11/2023,15:49:45,106.59,106.44,3406.00,3397,3414,3.24,34.00,-36.00,32.38,32.38,1036.00,1034,1040,1.11,51.59,51.56,1650.00,1649,1653,0.99
4/11/2023,15:50:0,106.50,106.37,3404.00,3397,3414,3.66,34.00,-36.00,32.34,32.38,1036.00,1034,1039,1.11,51.59,51.56,1650.00,1650,1652,1.10
4/11/2023,15:50:15,106.47,106.37,3404.00,3396,3411,3.33,33.75,-36.00,32.34,32.38,1036.00,1034,1041,1.29,51.56,51.56,1650.00,1648,1654,1.10
4/11/2023,15:50:30,106.31,106.41,3405.00,3397,3414,3.47,34.00,-36.00,32.34,32.38,1036.00,1034,1039,1.13,51.59,51.59,1651.00,1650,1652,0.50
4/11/2023,15:50:45,106.50,106.41,3405.00,3397,3414,3.61,34.00,-36.00,32.34,32.38,1036.00,1034,1039,0.94,51.59,51.56,1650.00,1649,1653,1.26
4/11/2023,15:51:0,106.50,106.41,3405.00,3397,3415,3.74,34.00,-36.00,32.38,32.38,1036.00,1034,1039,1.01,51.59,51.59,1651.00,1650,1652,0.46
4/11/2023,15:51:15,106.37,106.41,3405.00,3397,3414,3.68,34.00,-36.00,32.31,32.38,1036.00,1033,1039,1.01,51.56,51.56,1650.00,1649,1653,1.20
4/11/2023,15:51:30,106.19,106.41,3405.00,3395,3415,3.66,34.00,-36.00,32.41,32.38,1036.00,1034,1039,1.02,51.59,51.59,1651.00,1650,1652,0.48
4/11/2023,15:51:45,106.53,106.41,3405.00,3398,3414,3.38,34.00,-36.00,32.38,32.38,1036.00,1035,1039,0.90,51.59,51.56,1650.00,1649,1652,1.02
4/11/2023,15:52:0,106.50,106.41,3405.00,3394,3414,3.79,34.00,-36.00,32.22,32.38,1036.00,1034,1039,1.03,51.56,51.59,1651.00,1650,1652,0.46
4/11/2023,15:52:15,106.53,106.37,3404.00,3396,3411,3.53,34.00,-36.00,32.34,32.38,1036.00,1034,1039,1.02,51.56,51.56,1650.00,1649,1653,0.97
4/11/2023,15:52:30,106.34,106.37,3404.00,3396,3415,3.85,34.00,-36.00,32.34,32.38,1036.00,1034,1039,1.16,51.63,51.59,1651.00,1650,1652,0.50
4/11/2023,15:52:45,106.59,106.37,3404.00,3396,3415,3.69,34.00,-36.00,32.38,32.38,1036.00,1034,1038,0.99,51.56,51.56,1650.00,1649,1653,1.12
4/11/2023,15:53:0,106.69,106.37,3404.00,3394,3414,4.17,33.50,-36.00,32.34,32.38,1036.00,1034,1039,1.08,51.59,51.59,1651.00,1650,1652,0.50
4/11/2023,15:53:15,106.47,106.34,3403.00,3397,3413,3.63,34.00,-36.00,32.38,32.38,1036.00,1034,1040,1.03,51.59,51.56,1650.00,1650,1653,1.00
4/11/2023,15:53:30,106.53,106.41,3405.00,3394,3413,3.66,34.00,-36.00,32.34,32.38,1036.00,1035,1039,1.16,51.56,51.59,1651.00,1650,1653,0.50
4/11/2023,15:53:45,106.25,106.37,3404.00,3394,3416,4.41,34.00,-36.00,32.34,32.38,1036.00,1033,1039,1.21,51.56,51.56,1650.00,1649,1653,1.23
4/11/2023,15:54:0,106.25,106.37,3404.00,3395,3413,3.63,34.00,-36.00,32.38,32.38,1036.00,1034,1039,1.26,51.56,51.59,1651.00,1650,1653,0.49
4/11/2023,15:54:15,106.53,106.41,3405.00,3395,3415,3.94,34.00,-36.00,32.38,32.38,1036.00,1034,1040,1.38,51.56,51.56,1650.00,1649,1653,1.17
4/11/2023,15:54:30,106.28,106.41,3405.00,3397,3418,3.51,34.25,-36.00,32.38,32.38,1036.00,1035,1040,1.26,51.56,51.59,1651.00,1650,1652,0.50
4/11/2023,15:54:45,106.37,106.37,3404.00,3397,3414,3.64,34.00,-35.75,32.16,32.38,1036.00,1034,1039,1.09,51.63,51.56,1650.00,1649,1653,1.05
4/11/2023,15:55:0,106.44,106.34,3403.00,3395,3414,3.89,34.00,-36.00,32.34,32.38,1036.00,1034,1039,1.35,51.56,51.59,1651.00,1650,1652,0.53
4/11/2023,15:55:15,106.44,106.34,3403.00,3396,3413,3.63,34.25,-36.00,32.34,32.38,1036.00,1034,1040,1.20,51.63,51.56,1650.00,1649,1653,1.28
4/11/2023,15:55:30,106.50,106.37,3404.00,3395,3412,3.74,34.00,-36.00,32.34,32.31,1034.00,969,1040,5.65,51.56,51.56,1650.00,1649,1652,0.92
4/11/2023,15:55:45,107.28,107.06,3426.00,3389,3457,7.51,33.50,-36.00,32.31,32.41,1037.00,1034,1042,1.17,51.56,51.56,1650.00,1649,1653,1.24
4/11/2023,15:56:0,-176.78,-150.28,-4809.00,-5649,-4085,449.01,34.00,-36.00,1023.97,1023.97,32767.00,32767,32767,0.00,51.59,51.56,1650.00,1649,1652,1.10
4/11/2023,15:56:15,437.44,299.37,9580.00,890,16811,2896.31,34.00,-36.00,32.28,32.25,1032.00,1030,1035,0.96,51.56,51.56,1650.00,1649,1653,0.94
4/11/2023,15:56:30,81.19,74.59,2387.00,152,5034,391.10,34.00,-36.00,32.22,32.25,1032.00,1030,1035,1.00,51.38,51.59,1651.00,1650,1652,0.48
4/11/2023,15:56:45,72.84,73.16,2341.00,2331,2351,4.16,34.00,-36.00,32.25,32.25,1032.00,1030,1035,0.91,51.56,51.56,1650.00,1650,1653,1.02
4/11/2023,15:57:0,73.91,74.19,2374.00,2364,2388,4.49,34.00,-36.00,32.25,32.25,1032.00,1029,1035,1.09,51.59,51.59,1651.00,1650,1652,0.45
4/11/2023,15:57:15,74.09,74.25,2376.00,2360,2392,4.58,34.00,-36.00,32.25,32.25,1032.00,1030,1036,0.98,51.56,51.56,1650.00,1649,1653,1.21
4/11/2023,15:57:30,74.53,74.37,2380.00,2368,2392,4.50,34.00,-36.00,32.16,32.25,1032.00,1030,1035,0.98,51.63,51.59,1651.00,1650,1652,0.54
4/11/2023,15:57:45,74.28,74.47,2383.00,2374,2394,4.23,34.00,-36.00,32.22,32.25,1032.00,1031,1034,0.87,51.59,51.59,1651.00,1650,1652,0.50
4/11/2023,15:58:0,74.50,74.53,2385.00,2373,2398,4.42,34.00,-36.00,32.22,32.25,1032.00,1030,1035,1.24,51.56,51.59,1651.00,1650,1653,0.54
4/11/2023,15:58:15,74.47,74.56,2386.00,2378,2394,3.98,34.00,-36.00,32.25,32.25,1032.00,1031,1036,1.30,51.59,51.59,1651.00,1650,1653,0.64
4/11/2023,15:58:30,74.66,74.56,2386.00,2377,2398,4.30,34.00,-36.00,32.28,32.28,1033.00,1030,1036,1.02,51.59,51.59,1651.00,1650,1652,0.56
4/11/2023,15:58:45,74.44,74.62,2388.00,2379,2400,4.20,34.25,-36.00,32.31,32.28,1033.00,1030,1036,1.07,51.59,51.56,1650.00,1649,1653,1.16
4/11/2023,15:59:0,74.66,74.62,2388.00,2380,2397,4.05,34.00,-36.00,32.25,32.28,1033.00,1031,1036,1.08,51.59,51.59,1651.00,1650,1652,0.54
4/11/2023,15:59:15,74.34,74.62,2388.00,2377,2400,4.44,34.00,-36.00,32.25,32.28,1033.00,1031,1036,0.89,51.59,51.59,1651.00,1650,1653,0.57
4/11/2023,15:59:30,74.66,74.59,2387.00,2377,2398,4.36,34.00,-36.00,32.28,32.28,1033.00,1030,1036,1.00,51.59,51.59,1651.00,1650,1652,0.53
4/11/2023,15:59:45,74.59,74.62,2388.00,2381,2398,4.09,33.75,-36.00,32.28,32.28,1033.00,1031,1035,0.96,51.59,51.59,1651.00,1649,1653,0.54
4/11/2023,16:0:0,74.41,74.62,2388.00,2379,2400,4.32,34.00,-36.00,32.25,32.25,1032.00,1031,1036,1.34,51.59,51.59,1651.00,1650,1652,0.57
4/11/2023,16:0:15,74.66,74.62,2388.00,2377,2399,4.53,34.25,-36.00,32.22,32.25,1032.00,1031,1035,1.32,51.41,51.59,1651.00,1649,1653,1.05
4/11/2023,16:0:30,74.41,74.62,2388.00,2380,2397,4.18,34.25,-36.00,32.25,32.25,1032.00,1029,1035,1.05,51.59,51.59,1651.00,1650,1653,0.59
4/11/2023,16:0:45,74.78,74.62,2388.00,2380,2398,4.17,33.75,-36.00,32.19,32.25,1032.00,1030,1035,0.94,51.59,51.59,1651.00,1650,1653,0.56
4/11/2023,16:1:0,74.41,74.62,2388.00,2379,2398,4.09,34.00,-36.00,32.25,32.25,1032.00,1030,1035,0.98,51.63,51.59,1651.00,1650,1653,0.58
4/11/2023,16:1:15,74.66,74.66,2389.00,2380,2397,3.95,33.50,-36.00,32.22,32.25,1032.00,1030,1035,0.89,51.59,51.59,1651.00,1650,1653,0.51
4/11/2023,16:1:30,74.72,74.66,2389.00,2379,2400,4.14,34.00,-36.00,32.25,32.25,1032.00,1030,1035,0.89,51.56,51.59,1651.00,1650,1652,0.55
4/11/2023,16:1:45,74.66,74.62,2388.00,2379,2397,3.84,34.00,-35.75,32.25,32.22,1031.00,1030,1034,1.21,51.63,51.59,1651.00,1650,1653,0.56
4/11/2023,16:2:0,74.78,74.66,2389.00,2377,2401,4.62,34.00,-36.00,32.25,32.22,1031.00,1029,1034,1.33,51.63,51.59,1651.00,1650,1653,0.61
4/11/2023,16:2:15,74.47,74.62,2388.00,2379,2399,4.30,34.00,-36.00,32.25,32.22,1031.00,1030,1034,1.05,51.63,51.59,1651.00,1649,1653,0.72
4/11/2023,16:2:30,74.47,74.62,2388.00,2379,2397,4.01,34.00,-36.00,32.19,32.22,1031.00,1030,1034,1.14,51.59,51.59,1651.00,1650,1653,0.67
4/11/2023,16:2:45,74.69,74.62,2388.00,2381,2398,3.88,34.00,-36.00,32.22,32.22,1031.00,1029,1035,1.11,51.59,51.59,1651.00,1649,1653,0.63
4/11/2023,16:3:0,74.75,74.62,2388.00,2380,2399,4.11,34.00,-36.00,32.25,32.22,1031.00,1029,1034,1.05,51.59,51.59,1651.00,1650,1653,0.62
4/11/2023,16:3:15,74.37,74.66,2389.00,2381,2397,3.86,34.00,-36.00,32.19,32.22,1031.00,1030,1033,0.99,51.59,51.59,1651.00,1650,1652,0.57
4/11/2023,16:3:30,74.37,74.62,2388.00,2376,2399,4.87,34.00,-36.00,32.22,32.22,1031.00,1029,1034,1.10,51.59,51.59,1651.00,1650,1653,0.63
4/11/2023,16:3:45,74.72,74.62,2388.00,2380,2396,3.97,34.00,-36.00,32.19,32.22,1031.00,1029,1033,0.98,51.63,51.59,1651.00,1649,1653,1.00
4/11/2023,16:4:0,74.41,74.62,2388.00,2379,2398,3.95,34.00,-36.00,32.22,32.22,1031.00,1029,1034,0.93,51.34,51.59,1651.00,1650,1653,0.62
4/11/2023,16:4:15,74.56,74.59,2387.00,2375,2398,4.33,34.00,-36.00,32.22,32.22,1031.00,1029,1036,0.97,51.59,51.59,1651.00,1649,1653,0.79
4/11/2023,16:4:30,74.53,74.62,2388.00,2377,2398,4.45,34.00,-36.00,32.16,32.22,1031.00,1029,1034,0.89,51.59,51.59,1651.00,1650,1652,0.61
4/11/2023,16:4:45,74.47,74.59,2387.00,2377,2399,4.36,34.00,-36.00,32.19,32.22,1031.00,1029,1033,0.87,51.59,51.59,1651.00,1649,1653,0.85
4/11/2023,16:5:0,74.59,74.59,2387.00,2377,2395,4.06,33.50,-36.00,32.19,32.22,1031.00,1028,1034,1.00,51.59,51.59,1651.00,1650,1652,0.62
4/11/2023,16:5:15,74.47,74.62,2388.00,2379,2398,4.12,34.00,-36.00,32.19,32.22,1031.00,1029,1033,0.81,51.59,51.59,1651.00,1650,1653,0.61
4/11/2023,16:5:30,74.78,74.62,2388.00,2379,2399,4.42,34.00,-36.00,32.19,32.22,1031.00,1029,1034,0.94,51.59,51.59,1651.00,1650,1653,0.64
4/11/2023,16:5:45,74.34,74.59,2387.00,2376,2399,4.52,34.00,-36.00,32.19,32.22,1031.00,1029,1033,0.93,51.56,51.59,1651.00,1650,1653,0.72
4/11/2023,16:6:0,74.62,74.59,2387.00,2377,2399,4.57,34.00,-36.00,32.25,32.22,1031.00,1028,1034,0.92,51.59,51.59,1651.00,1650,1653,0.68
4/11/2023,16:6:15,74.47,74.59,2387.00,2379,2397,4.31,34.00,-36.00,32.19,32.22,1031.00,1029,1034,1.00,51.66,51.59,1651.00,1649,1654,1.13
4/11/2023,16:6:30,74.59,74.62,2388.00,2378,2399,4.50,34.00,-36.00,32.25,32.22,1031.00,1028,1034,0.95,51.63,51.59,1651.00,1650,1653,0.66
4/11/2023,16:6:45,74.37,74.59,2387.00,2375,2398,4.44,34.25,-36.00,32.22,32.22,1031.00,1029,1034,1.03,51.63,51.59,1651.00,1649,1654,1.09
4/11/2023,16:7:0,74.72,74.59,2387.00,2379,2395,3.96,34.00,-35.75,32.16,32.22,1031.00,1029,1034,0.92,51.59,51.59,1651.00,1650,1653,0.70
4/11/2023,16:7:15,74.50,74.59,2387.00,2379,2398,4.18,34.25,-36.00,32.19,32.22,1031.00,1028,1035,0.93,51.59,51.59,1651.00,1649,1653,0.94
4/11/2023,16:7:30,74.69,74.59,2387.00,2377,2400,4.13,34.00,-36.00,32.19,32.22,1031.00,1029,1033,0.91,51.59,51.59,1651.00,1650,1653,0.69
4/11/2023,16:7:45,74.31,74.59,2387.00,2378,2396,4.09,34.00,-36.00,32.22,32.22,1031.00,1029,1035,0.97,51.34,51.59,1651.00,1650,1653,0.58
4/11/2023,16:8:0,74.66,74.62,2388.00,2379,2398,4.10,34.00,-36.00,32.16,32.22,1031.00,1029,1034,0.89,51.63,51.59,1651.00,1650,1653,0.68
4/11/2023,16:8:15,74.37,74.59,2387.00,2379,2397,4.14,34.00,-36.00,32.19,32.22,1031.00,1029,1034,0.87,51.59,51.59,1651.00,1650,1653,0.62
4/11/2023,16:8:30,74.62,74.59,2387.00,2377,2398,4.21,34.00,-36.00,32.19,32.22,1031.00,1029,1033,0.96,51.59,51.59,1651.00,1650,1653,0.70
4/11/2023,16:8:45,74.66,74.59,2387.00,2380,2398,4.03,33.50,-36.00,32.25,32.22,1031.00,1028,1033,0.87,51.59,51.59,1651.00,1649,1654,0.86
4/11/2023,16:9:0,74.44,74.59,2387.00,2379,2397,4.00,34.25,-36.00,32.25,32.22,1031.00,1028,1034,0.96,51.59,51.59,1651.00,1650,1653,0.70
4/11/2023,16:9:15,74.62,74.59,2387.00,2380,2397,3.94,34.00,-36.00,32.19,32.22,1031.00,1029,1034,0.94,51.63,51.59,1651.00,1650,1652,0.61
4/11/2023,16:9:30,74.84,74.59,2387.00,2379,2397,3.91,34.00,-36.00,32.19,32.22,1031.00,1029,1034,1.04,51.59,51.59,1651.00,1650,1653,0.72
4/11/2023,16:9:45,74.59,74.59,2387.00,2379,2396,3.88,34.00,-36.00,32.16,32.22,1031.00,1029,1033,0.91,51.59,51.59,1651.00,1650,1653,0.60
4/11/2023,16:10:0,74.66,74.59,2387.00,2378,2396,4.24,34.00,-36.00,32.19,32.22,1031.00,1029,1034,1.00,51.59,51.59,1651.00,1650,1653,0.73
4/11/2023,16:10:15,74.44,74.59,2387.00,2379,2398,4.17,33.75,-36.00,32.19,32.22,1031.00,1029,1033,0.88,51.59,51.59,1651.00,1650,1653,0.62
4/11/2023,16:10:30,74.53,74.59,2387.00,2378,2397,4.22,34.00,-36.00,32.19,32.22,1031.00,1030,1034,0.93,51.34,51.59,1651.00,1650,1653,0.80
4/11/2023,16:10:45,74.78,74.62,2388.00,2380,2397,4.07,34.25,-36.00,32.19,32.22,1031.00,1028,1033,0.91,51.63,51.59,1651.00,1650,1653,0.61
4/11/2023,16:11:0,74.66,74.62,2388.00,2380,2397,4.08,34.00,-36.00,32.19,32.22,1031.00,1029,1033,0.87,51.59,51.59,1651.00,1650,1653,0.80
4/11/2023,16:11:15,74.31,74.59,2387.00,2377,2397,4.26,33.75,-36.00,32.25,32.22,1031.00,1029,1034,0.80,51.59,51.59,1651.00,1650,1653,0.70
4/11/2023,16:11:30,74.53,74.59,2387.00,2377,2397,4.18,34.00,-36.00,31.97,32.22,1031.00,1028,1033,0.96,51.63,51.59,1651.00,1651,1653,0.74
4/11/2023,16:11:45,74.59,74.59,2387.00,2378,2396,4.08,34.00,-36.00,32.19,32.22,1031.00,1028,1033,0.88,51.59,51.59,1651.00,1650,1653,0.67
4/11/2023,16:12:0,74.75,74.59,2387.00,2377,2399,4.46,34.00,-36.00,32.16,32.22,1031.00,1029,1033,0.93,51.63,51.59,1651.00,1650,1653,0.73
4/11/2023,16:12:15,74.66,74.59,2387.00,2378,2397,3.99,33.75,-36.00,32.22,32.22,1031.00,1029,1033,0.87,51.59,51.59,1651.00,1650,1653,0.59
4/11/2023,16:12:30,74.50,74.59,2387.00,2376,2397,4.65,33.75,-36.00,32.22,32.22,1031.00,1029,1033,0.90,51.59,51.59,1651.00,1651,1653,0.74
4/11/2023,16:12:45,74.44,74.56,2386.00,2378,2396,4.05,34.00,-36.00,32.22,32.22,1031.00,1029,1035,1.01,51.59,51.59,1651.00,1650,1653,0.67
4/11/2023,16:13:0,74.69,74.59,2387.00,2377,2397,4.34,34.00,-36.00,32.19,32.22,1031.00,1028,1033,0.97,51.59,51.59,1651.00,1650,1653,0.76
4/11/2023,16:13:15,74.59,74.59,2387.00,2379,2396,3.99,33.75,-36.00,32.22,32.22,1031.00,1029,1033,0.91,51.59,51.59,1651.00,1651,1653,0.67
4/11/2023,16:13:30,74.56,74.59,2387.00,2377,2398,4.38,34.00,-36.00,32.19,32.22,1031.00,1029,1034,0.97,51.63,51.59,1651.00,1650,1653,0.85
4/11/2023,16:13:45,74.59,74.59,2387.00,2378,2398,4.13,34.25,-36.00,32.16,32.22,1031.00,1029,1034,0.85,51.59,51.59,1651.00,1650,1653,0.70
4/11/2023,16:14:0,74.44,74.59,2387.00,2380,2396,3.92,34.00,-36.00,32.22,32.22,1031.00,1029,1034,0.95,51.63,51.59,1651.00,1650,1653,0.83
4/11/2023,16:14:15,74.72,74.56,2386.00,2377,2397,4.11,33.75,-36.00,32.19,32.22,1031.00,1029,1034,0.86,51.38,51.59,1651.00,1650,1653,0.79
4/11/2023,16:14:30,74.59,74.62,2388.00,2379,2397,4.18,34.00,-36.00,32.19,32.22,1031.00,1029,1033,0.98,51.59,51.59,1651.00,1650,1653,0.80
4/11/2023,16:14:45,74.56,74.59,2387.00,2379,2396,4.03,34.25,-36.00,32.28,32.22,1031.00,1029,1034,0.92,51.66,51.59,1651.00,1650,1652,0.66
4/11/2023,16:15:0,74.59,74.59,2387.00,2376,2396,4.16,34.00,-36.00,32.19,32.22,1031.00,1029,1034,0.98,51.59,51.59,1651.00,1650,1653,0.82
4/11/2023,16:15:15,74.34,74.56,2386.00,2376,2398,4.48,33.50,-36.00,32.22,32.22,1031.00,1029,1033,0.90,51.59,51.59,1651.00,1650,1653,0.71
4/11/2023,16:15:30,74.62,74.62,2388.00,2377,2399,4.47,34.00,-36.00,32.19,32.22,1031.00,1029,1034,1.02,51.63,51.59,1651.00,1651,1653,0.91
4/11/2023,16:15:45,74.87,74.59,2387.00,2379,2397,4.26,34.00,-36.00,32.19,32.22,1031.00,1029,1034,1.01,51.56,51.59,1651.00,1650,1653,0.75
4/11/2023,16:16:0,74.44,74.66,2389.00,2380,2401,4.23,34.00,-36.00,32.19,32.22,1031.00,1029,1034,1.08,51.59,51.59,1651.00,1650,1653,0.84
4/11/2023,16:16:15,74.56,74.62,2388.00,2380,2397,4.08,34.00,-36.00,32.25,32.22,1031.00,1029,1034,0.89,51.59,51.59,1651.00,1650,1653,0.73
4/11/2023,16:16:30,74.78,74.62,2388.00,2380,2399,4.06,34.00,-36.00,32.22,32.22,1031.00,1029,1034,1.06,51.63,51.59,1651.00,1650,1653,0.88
4/11/2023,16:16:45,74.50,74.66,2389.00,2381,2397,3.89,33.75,-36.00,32.22,32.22,1031.00,1030,1034,1.00,51.59,51.59,1651.00,1650,1653,0.72
4/11/2023,16:17:0,74.81,74.59,2387.00,2378,2398,4.30,34.00,-36.00,32.22,32.22,1031.00,1030,1034,1.00,51.59,51.59,1651.00,1650,1653,0.81
4/11/2023,16:17:15,74.47,74.66,2389.00,2378,2401,4.27,34.00,-36.00,32.25,32.22,1031.00,1030,1034,1.02,51.63,51.59,1651.00,1650,1653,0.71
4/11/2023,16:17:30,74.62,74.66,2389.00,2380,2400,4.28,34.00,-36.00,32.19,32.22,1031.00,1030,1034,1.12,51.59,51.59,1651.00,1650,1653,0.88
4/11/2023,16:17:45,74.69,74.62,2388.00,2379,2398,4.05,34.00,-36.00,32.16,32.22,1031.00,1030,1034,1.10,51.59,51.59,1651.00,1650,1653,0.78
4/11/2023,16:18:0,74.50,74.66,2389.00,2378,2400,4.29,34.00,-36.00,32.03,32.22,1031.00,1028,1034,1.22,51.63,51.59,1651.00,1650,1653,0.85
4/11/2023,16:18:15,74.59,74.62,2388.00,2379,2398,4.28,34.25,-36.00,32.22,32.22,1031.00,1028,1034,1.14,51.59,51.59,1651.00,1650,1653,0.73
4/11/2023,16:18:30,74.53,74.59,2387.00,2379,2398,4.09,34.00,-36.00,32.25,32.22,1031.00,1029,1035,1.18,51.59,51.59,1651.00,1651,1653,0.85
4/11/2023,16:18:45,74.56,74.62,2388.00,2379,2398,4.14,33.75,-36.00,32.19,32.22,1031.00,1029,1034,1.04,51.63,51.59,1651.00,1650,1653,0.75
4/11/2023,16:19:0,74.41,74.62,2388.00,2378,2399,4.57,33.50,-36.00,32.19,32.22,1031.00,1028,1034,1.19,51.59,51.59,1651.00,1651,1653,0.87
4/11/2023,16:19:15,74.50,74.62,2388.00,2379,2399,4.30,34.25,-36.00,32.22,32.22,1031.00,1029,1034,1.03,51.59,51.59,1651.00,1650,1653,0.76
4/11/2023,16:19:30,74.47,74.62,2388.00,2379,2398,3.86,34.00,-36.00,32.22,32.22,1031.00,1030,1035,1.14,51.63,51.59,1651.00,1650,1653,0.89
4/11/2023,16:19:45,74.78,74.62,2388.00,2381,2398,4.10,34.00,-36.00,32.22,32.22,1031.00,1030,1034,1.03,51.63,51.59,1651.00,1650,1653,0.84
4/11/2023,16:20:0,74.44,74.69,2390.00,2379,2401,4.27,34.00,-36.00,32.22,32.22,1031.00,1029,1034,1.12,51.63,51.59,1651.00,1650,1653,0.88
4/11/2023,16:20:15,74.72,74.59,2387.00,2377,2396,4.16,34.00,-36.00,32.22,32.22,1031.00,1029,1034,0.96,51.59,51.59,1651.00,1650,1654,0.86
4/11/2023,16:20:30,74.53,74.62,2388.00,2379,2398,4.29,34.00,-36.00,32.19,32.22,1031.00,1029,1034,1.07,51.59,51.59,1651.00,1651,1653,0.89
4/11/2023,16:20:45,74.44,74.62,2388.00,2376,2399,4.46,34.25,-36.00,32.22,32.22,1031.00,1030,1034,1.06,51.38,51.59,1651.00,1650,1653,0.76
4/11/2023,16:21:0,74.72,74.59,2387.00,2379,2399,4.19,34.00,-36.00,32.19,32.22,1031.00,1029,1034,1.23,51.63,51.59,1651.00,1650,1653,0.90
4/11/2023,16:21:15,74.37,74.62,2388.00,2378,2399,4.08,34.00,-36.00,32.22,32.22,1031.00,1028,1035,1.38,51.66,51.63,1652.00,1650,1654,0.90
4/11/2023,16:21:30,74.78,74.62,2388.00,2377,2397,4.11,34.00,-36.00,32.19,32.22,1031.00,1029,1034,1.22,51.59,51.59,1651.00,1650,1653,0.91
4/11/2023,16:21:45,74.41,74.59,2387.00,2376,2400,4.83,33.50,-36.00,32.22,32.22,1031.00,1029,1034,1.24,51.63,51.63,1652.00,1650,1654,0.89
4/11/2023,16:22:0,74.47,74.62,2388.00,2378,2399,4.45,34.00,-36.00,32.25,32.22,1031.00,1028,1035,1.19,51.63,51.59,1651.00,1651,1653,0.94
4/11/2023,16:22:15,74.69,74.59,2387.00,2377,2398,4.38,34.25,-36.00,32.19,32.22,1031.00,1029,1036,1.30,51.63,51.59,1651.00,1650,1654,1.18
4/11/2023,16:22:30,74.47,74.62,2388.00,2378,2397,4.14,34.00,-36.00,32.22,32.22,1031.00,1029,1035,1.18,51.63,51.59,1651.00,1650,1653,0.94
4/11/2023,16:22:45,74.62,74.62,2388.00,2380,2399,4.20,33.75,-36.00,32.25,32.22,1031.00,1029,1034,1.03,51.66,51.59,1651.00,1649,1654,0.87
4/11/2023,16:23:0,74.53,74.62,2388.00,2379,2398,4.07,34.25,-36.00,32.22,32.22,1031.00,1029,1034,1.18,51.59,51.59,1651.00,1651,1653,0.93
4/11/2023,16:23:15,74.50,74.62,2388.00,2380,2398,4.19,34.00,-36.00,32.19,32.22,1031.00,1029,1034,1.03,51.59,51.59,1651.00,1650,1653,0.83
4/11/2023,16:23:30,74.72,74.62,2388.00,2377,2397,4.12,34.00,-36.00,32.25,32.22,1031.00,1028,1034,1.25,51.63,51.59,1651.00,1651,1653,1.00
4/11/2023,16:23:45,74.62,74.62,2388.00,2380,2397,4.02,34.00,-36.00,32.19,32.22,1031.00,1029,1034,1.07,51.63,51.59,1651.00,1650,1654,0.80
4/11/2023,16:24:0,74.59,74.62,2388.00,2379,2398,4.12,34.00,-36.00,32.22,32.22,1031.00,1029,1035,1.17,51.63,51.59,1651.00,1650,1654,0.98
4/11/2023,16:24:15,74.69,74.59,2387.00,2377,2397,4.15,34.00,-36.00,32.22,32.22,1031.00,1029,1034,1.33,51.66,51.59,1651.00,1650,1654,1.29
4/11/2023,16:24:30,74.56,74.62,2388.00,2377,2401,4.35,34.00,-36.00,32.00,32.22,1031.00,1029,1034,1.03,51.59,51.59,1651.00,1651,1653,0.98
4/11/2023,16:24:45,74.37,74.62,2388.00,2379,2399,4.01,34.00,-35.75,32.19,32.22,1031.00,1029,1034,1.18,51.63,51.59,1651.00,1650,1653,0.86
4/11/2023,16:25:0,74.69,74.59,2387.00,2378,2398,4.29,34.00,-36.00,32.22,32.22,1031.00,1029,1034,1.15,51.59,51.59,1651.00,1651,1653,0.94
4/11/2023,16:25:15,74.47,74.59,2387.00,2378,2397,4.13,34.00,-36.00,32.16,32.22,1031.00,1029,1034,1.08,51.56,51.59,1651.00,1650,1654,0.84
4/11/2023,16:25:30,74.44,74.62,2388.00,2380,2398,4.17,33.50,-36.00,32.19,32.22,1031.00,1029,1034,1.05,51.63,51.59,1651.00,1651,1653,0.94
4/11/2023,16:25:45,74.69,74.59,2387.00,2378,2398,4.27,34.25,-36.00,32.19,32.22,1031.00,1029,1034,0.97,51.63,51.59,1651.00,1650,1653,0.89
4/11/2023,16:26:0,74.50,74.59,2387.00,2378,2397,4.18,34.00,-36.00,32.25,32.22,1031.00,1030,1034,1.09,51.63,51.59,1651.00,1651,1653,1.04
4/11/2023,16:26:15,74.62,74.66,2389.00,2380,2399,4.29,33.75,-36.00,32.19,32.22,1031.00,1029,1034,0.97,51.59,51.59,1651.00,1650,1653,0.85
4/11/2023,16:26:30,74.44,74.62,2388.00,2378,2399,4.33,34.00,-36.00,32.22,32.22,1031.00,1029,1034,1.21,51.63,51.59,1651.00,1650,1653,0.99
4/11/2023,16:26:45,74.69,74.59,2387.00,2379,2397,3.95,34.00,-36.00,32.22,32.22,1031.00,1029,1034,0.93,51.59,51.59,1651.00,1650,1653,0.85
4/11/2023,16:27:0,74.62,74.59,2387.00,2378,2397,4.36,34.00,-36.00,32.16,32.22,1031.00,1029,1034,1.19,51.59,51.59,1651.00,1651,1653,0.99
4/11/2023,16:27:15,74.37,74.59,2387.00,2379,2397,4.11,34.00,-36.00,32.22,32.22,1031.00,1029,1034,0.93,51.38,51.59,1651.00,1650,1654,0.90
4/11/2023,16:27:30,74.62,74.59,2387.00,2380,2397,4.16,34.00,-36.00,32.22,32.22,1031.00,1029,1034,1.18,51.63,51.59,1651.00,1650,1653,1.01
4/11/2023,16:27:45,74.62,74.59,2387.00,2378,2398,4.26,34.00,-36.00,32.19,32.25,1032.00,1028,1035,0.90,51.63,51.63,1652.00,1650,1654,0.76
4/11/2023,16:28:0,74.50,74.62,2388.00,2376,2398,4.14,34.00,-36.00,32.19,32.22,1031.00,1029,1034,1.14,51.63,51.59,1651.00,1650,1653,1.06
4/11/2023,16:28:15,74.78,74.62,2388.00,2379,2400,4.49,33.50,-36.00,32.19,32.22,1031.00,1029,1034,1.25,51.59,51.63,1652.00,1649,1654,0.74
4/11/2023,16:28:30,74.44,74.62,2388.00,2380,2397,4.04,34.00,-36.00,32.25,32.22,1031.00,1029,1034,1.20,51.59,51.59,1651.00,1651,1653,0.95
4/11/2023,16:28:45,74.62,74.59,2387.00,2379,2396,4.12,34.00,-36.00,32.22,32.25,1032.00,1029,1034,0.96,51.59,51.59,1651.00,1649,1654,1.25
4/11/2023,16:29:0,74.53,74.62,2388.00,2377,2400,4.43,34.00,-36.00,32.19,32.22,1031.00,1029,1034,1.28,51.59,51.59,1651.00,1650,1653,1.05
4/11/2023,16:29:15,74.56,74.59,2387.00,2379,2397,4.26,34.00,-36.00,32.25,32.22,1031.00,1028,1034,1.32,51.56,51.63,1652.00,1650,1654,0.94
4/11/2023,16:29:30,74.62,74.62,2388.00,2377,2397,4.09,34.25,-36.00,32.19,32.22,1031.00,1029,1034,1.21,51.63,51.59,1651.00,1650,1653,0.98
4/11/2023,16:29:45,74.41,74.62,2388.00,2378,2398,4.60,34.00,-36.00,32.22,32.22,1031.00,1028,1035,1.41,51.66,51.63,1652.00,1650,1654,0.94
4/11/2023,16:30:0,74.50,74.62,2388.00,2380,2398,4.01,34.00,-36.00,32.25,32.22,1031.00,1029,1034,1.19,51.59,51.59,1651.00,1651,1653,1.01
4/11/2023,16:30:15,74.69,74.59,2387.00,2380,2396,3.87,34.25,-36.00,32.16,32.25,1032.00,1030,1034,0.90,51.63,51.63,1652.00,1649,1654,0.94
4/11/2023,16:30:30,74.41,74.62,2388.00,2380,2397,4.10,34.00,-36.00,32.22,32.22,1031.00,1029,1036,1.24,51.63,51.59,1651.00,1650,1653,1.01
4/11/2023,16:30:45,74.87,74.66,2389.00,2379,2401,4.34,34.25,-36.00,32.22,32.25,1032.00,1030,1035,0.98,51.66,51.63,1652.00,1650,1654,0.83
4/11/2023,16:31:0,74.44,74.62,2388.00,2379,2400,4.39,34.00,-36.00,32.22,32.22,1031.00,1030,1035,1.30,51.41,51.59,1651.00,1651,1653,1.02
4/11/2023,16:31:15,74.72,74.66,2389.00,2379,2399,4.22,34.00,-36.00,32.19,32.25,1032.00,1029,1035,0.99,51.66,51.63,1652.00,1650,1654,0.94
4/11/2023,16:31:30,74.62,74.59,2387.00,2378,2397,4.40,34.00,-36.00,32.25,32.22,1031.00,1030,1034,1.31,51.59,51.59,1651.00,1651,1653,1.09
4/11/2023,16:31:45,74.53,74.62,2388.00,2378,2399,4.41,34.25,-36.00,32.25,32.25,1032.00,1029,1036,1.00,51.59,51.63,1652.00,1650,1654,0.77
4/11/2023,16:32:0,74.53,74.59,2387.00,2378,2399,4.20,33.25,-36.00,32.22,32.25,1032.00,1029,1035,0.99,51.59,51.59,1651.00,1651,1653,0.99
4/11/2023,16:32:15,74.56,74.66,2389.00,2378,2403,4.70,34.00,-36.00,32.25,32.25,1032.00,1029,1036,1.18,51.66,51.63,1652.00,1650,1654,0.89
4/11/2023,16:32:30,74.44,74.62,2388.00,2379,2398,4.12,34.25,-36.00,32.22,32.25,1032.00,1030,1035,0.97,51.59,51.59,1651.00,1651,1653,1.09
4/11/2023,16:32:45,74.72,74.62,2388.00,2379,2399,4.46,34.00,-36.00,32.25,32.25,1032.00,1030,1035,0.97,51.63,51.63,1652.00,1650,1654,1.00
4/11/2023,16:33:0,74.50,74.62,2388.00,2379,2399,4.54,34.00,-36.00,32.16,32.25,1032.00,1029,1035,1.04,51.63,51.59,1651.00,1651,1653,1.04
4/11/2023,16:33:15,74.72,74.59,2387.00,2377,2397,4.33,34.00,-36.00,32.28,32.25,1032.00,1029,1036,1.00,51.56,51.59,1651.00,1650,1654,0.94
4/11/2023,16:33:30,74.37,74.62,2388.00,2378,2398,4.30,34.00,-36.00,32.25,32.25,1032.00,1030,1035,0.91,51.63,51.59,1651.00,1651,1653,1.07
4/11/2023,16:33:45,74.69,74.62,2388.00,2379,2398,4.17,34.25,-36.00,32.25,32.25,1032.00,1029,1035,0.93,51.38,51.59,1651.00,1650,1654,0.98
4/11/2023,16:34:0,74.44,74.62,2388.00,2379,2399,4.41,34.00,-36.00,32.22,32.25,1032.00,1030,1035,0.89,51.63,51.59,1651.00,1650,1653,1.08
4/11/2023,16:34:15,74.75,74.66,2389.00,2379,2400,4.41,34.00,-36.00,32.25,32.25,1032.00,1030,1034,0.83,51.63,51.59,1651.00,1650,1654,1.31
4/11/2023,16:34:30,74.41,74.62,2388.00,2378,2400,4.34,34.00,-36.00,32.22,32.25,1032.00,1029,1035,1.03,51.63,51.59,1651.00,1651,1653,1.10
4/11/2023,16:34:45,74.50,74.62,2388.00,2379,2399,4.26,33.50,-36.00,32.19,32.25,1032.00,1030,1035,0.88,51.66,51.59,1651.00,1650,1654,1.02
4/11/2023,16:35:0,74.72,74.62,2388.00,2379,2398,4.48,34.00,-36.00,32.25,32.25,1032.00,1029,1035,0.96,51.59,51.63,1652.00,1651,1653,0.46
4/11/2023,16:35:15,74.47,74.62,2388.00,2380,2398,4.19,34.25,-36.00,32.19,32.25,1032.00,1029,1035,1.03,51.66,51.63,1652.00,1650,1654,0.95
4/11/2023,16:35:30,74.41,74.62,2388.00,2379,2398,4.24,33.75,-36.00,32.25,32.25,1032.00,1030,1035,1.03,51.66,51.59,1651.00,1650,1653,1.08
4/11/2023,16:35:45,74.69,74.66,2389.00,2380,2401,4.41,34.00,-36.00,32.28,32.25,1032.00,1029,1035,1.02,51.63,51.63,1652.00,1650,1654,0.91
4/11/2023,16:36:0,74.47,74.66,2389.00,2381,2399,4.08,34.00,-36.00,32.19,32.25,1032.00,1029,1035,0.97,51.63,51.59,1651.00,1651,1653,1.14
4/11/2023,16:36:15,74.66,74.66,2389.00,2378,2401,4.58,34.25,-36.00,32.22,32.22,1031.00,1030,1035,1.27,51.63,51.59,1651.00,1650,1654,1.00
4/11/2023,16:36:30,74.53,74.62,2388.00,2377,2399,4.42,34.00,-36.00,32.25,32.25,1032.00,1028,1034,0.94,51.63,51.63,1652.00,1651,1653,0.48
4/11/2023,16:36:45,74.50,74.62,2388.00,2378,2400,4.53,34.25,-36.00,32.19,32.25,1032.00,1030,1035,0.86,51.63,51.59,1651.00,1651,1653,0.99
4/11/2023,16:37:0,74.56,74.62,2388.00,2379,2397,4.04,34.00,-36.00,32.25,32.25,1032.00,1029,1034,0.96,51.63,51.59,1651.00,1650,1653,1.09
4/11/2023,16:37:15,74.75,74.59,2387.00,2379,2399,4.10,34.00,-36.00,32.19,32.22,1031.00,1029,1035,1.34,51.63,51.59,1651.00,1650,1653,0.86
4/11/2023,16:37:30,74.59,74.59,2387.00,2377,2396,4.26,34.00,-36.00,32.25,32.25,1032.00,1030,1035,0.84,51.38,51.59,1651.00,1650,1653,1.13
4/11/2023,16:37:45,74.50,74.62,2388.00,2378,2400,4.22,34.00,-36.00,32.16,32.25,1032.00,1030,1035,0.85,51.59,51.59,1651.00,1650,1653,0.97
4/11/2023,16:38:0,74.50,74.62,2388.00,2377,2400,4.30,34.00,-36.00,32.25,32.25,1032.00,1029,1034,0.85,51.63,51.59,1651.00,1651,1653,1.11
4/11/2023,16:38:15,74.62,74.59,2387.00,2378,2397,4.28,34.00,-36.00,32.22,32.22,1031.00,1029,1034,1.25,51.63,51.59,1651.00,1651,1654,0.91
4/11/2023,16:38:30,74.59,74.62,2388.00,2379,2397,3.87,33.75,-36.00,32.19,32.25,1032.00,1029,1034,0.96,51.59,51.63,1652.00,1651,1653,0.45
4/11/2023,16:38:45,74.59,74.59,2387.00,2378,2398,4.16,34.00,-36.00,32.22,32.25,1032.00,1030,1034,0.88,51.63,51.59,1651.00,1651,1653,1.07
4/11/2023,16:39:0,74.66,74.62,2388.00,2379,2397,4.29,34.00,-36.00,32.19,32.25,1032.00,1030,1035,0.94,51.63,51.63,1652.00,1650,1653,0.52
4/11/2023,16:39:15,74.69,74.66,2389.00,2380,2398,4.17,34.25,-36.00,32.25,32.22,1031.00,1030,1034,1.30,51.59,51.59,1651.00,1650,1653,1.02
4/11/2023,16:39:30,74.78,74.62,2388.00,2378,2398,4.31,34.00,-36.00,32.22,32.25,1032.00,1030,1035,0.97,51.63,51.63,1652.00,1651,1653,0.53
4/11/2023,16:39:45,74.72,74.62,2388.00,2379,2400,4.56,34.25,-36.00,32.22,32.22,1031.00,1030,1035,1.35,51.63,51.59,1651.00,1650,1654,1.02
4/11/2023,16:40:0,74.72,74.62,2388.00,2380,2398,4.09,34.00,-36.00,32.19,32.25,1032.00,1030,1034,0.87,51.63,51.63,1652.00,1651,1653,0.48
4/11/2023,16:40:15,74.72,74.66,2389.00,2378,2399,4.21,34.00,-36.00,32.19,32.22,1031.00,1030,1034,1.26,51.38,51.59,1651.00,1651,1654,1.05
4/11/2023,16:40:30,74.72,74.62,2388.00,2378,2398,4.14,34.00,-36.00,32.22,32.25,1032.00,1029,1034,0.91,51.59,51.63,1652.00,1651,1653,0.53
4/11/2023,16:40:45,74.62,74.62,2388.00,2379,2399,4.25,34.00,-36.00,32.19,32.25,1032.00,1030,1035,0.81,51.66,51.59,1651.00,1650,1653,0.96
4/11/2023,16:41:0,74.44,74.62,2388.00,2378,2401,4.32,34.00,-36.00,32.25,32.25,1032.00,1028,1035,0.95,51.63,51.63,1652.00,1651,1653,0.52
4/11/2023,16:41:15,74.62,74.62,2388.00,2378,2398,4.33,33.50,-36.00,32.25,32.25,1032.00,1030,1035,0.94,51.59,51.63,1652.00,1650,1654,0.85
4/11/2023,16:41:30,74.66,74.62,2388.00,2380,2398,4.10,34.00,-36.00,32.22,32.25,1032.00,1029,1035,0.95,51.63,51.63,1652.00,1651,1653,0.55
4/11/2023,16:41:45,74.75,74.62,2388.00,2379,2401,4.19,34.00,-36.00,32.19,32.25,1032.00,1030,1034,0.80,51.59,51.59,1651.00,1650,1653,1.05
4/11/2023,16:42:0,74.72,74.66,2389.00,2379,2400,4.40,34.00,-36.00,32.22,32.25,1032.00,1030,1034,0.90,51.59,51.63,1652.00,1651,1653,0.47
4/11/2023,16:42:15,74.66,74.62,2388.00,2376,2400,4.59,34.00,-36.00,32.22,32.25,1032.00,1030,1034,0.86,51.59,51.59,1651.00,1650,1654,1.05
4/11/2023,16:42:30,74.56,74.66,2389.00,2379,2398,4.22,34.00,-36.00,32.19,32.25,1032.00,1030,1035,0.92,51.63,51.63,1652.00,1651,1653,0.58
4/11/2023,16:42:45,74.72,74.69,2390.00,2382,2399,3.98,34.00,-36.00,32.22,32.22,1031.00,1030,1034,1.21,51.63,51.59,1651.00,1651,1653,1.03
4/11/2023,16:43:0,74.84,74.66,2389.00,2381,2398,4.01,34.00,-36.00,32.28,32.25,1032.00,1030,1035,0.97,51.63,51.63,1652.00,1651,1653,0.55
4/11/2023,16:43:15,74.66,74.66,2389.00,2378,2403,4.61,34.00,-36.00,32.25,32.25,1032.00,1030,1037,0.88,51.66,51.63,1652.00,1650,1654,0.94
4/11/2023,16:43:30,74.44,74.66,2389.00,2378,2400,4.34,34.00,-36.00,32.28,32.25,1032.00,1029,1035,0.97,51.63,51.63,1652.00,1651,1653,0.54
4/11/2023,16:43:45,74.50,74.66,2389.00,2380,2398,4.03,33.75,-36.00,32.19,32.25,1032.00,1030,1035,0.92,51.63,51.59,1651.00,1650,1654,1.16
4/11/2023,16:44:0,74.62,74.66,2389.00,2381,2399,3.98,34.00,-36.00,32.22,32.25,1032.00,1030,1035,0.96,51.41,51.63,1652.00,1651,1653,0.55
4/11/2023,16:44:15,74.72,74.62,2388.00,2377,2399,4.57,34.00,-36.00,32.22,32.22,1031.00,1029,1035,1.26,51.63,51.59,1651.00,1650,1654,1.10
4/11/2023,16:44:30,74.56,74.66,2389.00,2380,2399,4.15,34.00,-36.00,32.25,32.25,1032.00,1030,1035,0.99,51.63,51.63,1652.00,1651,1653,0.58
4/11/2023,16:44:45,74.75,74.66,2389.00,2379,2399,4.28,34.25,-36.00,32.22,32.25,1032.00,1030,1035,0.83,51.63,51.59,1651.00,1650,1654,1.14
4/11/2023,16:45:0,74.69,74.62,2388.00,2378,2396,3.95,33.50,-36.00,32.22,32.25,1032.00,1029,1035,1.04,51.59,51.63,1652.00,1651,1653,0.55
4/11/2023,16:45:15,74.47,74.59,2387.00,2378,2398,4.39,34.00,-36.00,32.25,32.25,1032.00,1030,1035,0.88,51.59,51.59,1651.00,1650,1654,1.30
4/11/2023,16:45:30,74.69,74.59,2387.00,2377,2398,4.57,34.00,-36.00,32.19,32.25,1032.00,1029,1034,0.98,51.59,51.63,1652.00,1651,1653,0.56
4/11/2023,16:45:45,74.47,74.62,2388.00,2378,2398,4.33,34.00,-36.00,32.22,32.25,1032.00,1030,1034,0.84,51.59,51.59,1651.00,1651,1653,0.99
4/11/2023,16:46:0,74.81,74.62,2388.00,2377,2399,4.34,34.00,-36.00,32.22,32.25,1032.00,1029,1035,0.99,51.63,51.63,1652.00,1651,1653,0.52
4/11/2023,16:46:15,74.47,74.66,2389.00,2381,2398,4.00,33.75,-36.00,32.19,32.25,1032.00,1030,1035,0.88,51.63,51.59,1651.00,1651,1654,1.12
4/11/2023,16:46:30,74.72,74.62,2388.00,2377,2400,4.36,34.00,-36.00,32.22,32.25,1032.00,1029,1035,1.01,51.63,51.63,1652.00,1651,1653,0.53
4/11/2023,16:46:45,74.34,74.62,2388.00,2378,2400,4.58,34.00,-36.00,32.22,32.25,1032.00,1028,1035,1.05,51.34,51.63,1652.00,1650,1654,0.92
4/11/2023,16:47:0,74.47,74.59,2387.00,2377,2396,4.00,34.00,-36.00,32.28,32.25,1032.00,1030,1035,0.94,51.63,51.63,1652.00,1651,1654,0.59
4/11/2023,16:47:15,74.84,74.62,2388.00,2379,2398,4.03,34.00,-36.00,32.22,32.25,1032.00,1029,1035,1.06,51.59,51.63,1652.00,1650,1654,0.96
4/11/2023,16:47:30,74.47,74.62,2388.00,2376,2401,4.35,34.25,-36.00,32.28,32.25,1032.00,1029,1035,0.98,51.59,51.63,1652.00,1651,1653,0.53
4/11/2023,16:47:45,74.47,74.62,2388.00,2378,2397,4.10,34.00,-36.00,32.19,32.22,1031.00,1029,1035,1.27,51.59,51.63,1652.00,1650,1654,0.91
4/11/2023,16:48:0,74.84,74.66,2389.00,2381,2399,3.84,34.00,-36.00,32.22,32.22,1031.00,1029,1035,1.39,51.63,51.63,1652.00,1651,1653,0.60
4/11/2023,16:48:15,74.72,74.62,2388.00,2379,2399,4.19,34.00,-36.00,32.22,32.25,1032.00,1029,1036,1.11,51.63,51.63,1652.00,1650,1654,0.98
4/11/2023,16:48:30,74.69,74.66,2389.00,2376,2400,4.49,34.00,-36.00,32.22,32.22,1031.00,1029,1034,1.34,51.59,51.63,1652.00,1651,1653,0.60
4/11/2023,16:48:45,74.53,74.66,2389.00,2378,2397,4.02,34.00,-36.00,32.22,32.22,1031.00,1029,1036,1.37,51.63,51.63,1652.00,1650,1654,0.95
4/11/2023,16:49:0,74.53,74.66,2389.00,2380,2402,4.24,34.25,-36.00,32.22,32.22,1031.00,1029,1035,1.32,51.66,51.63,1652.00,1651,1654,0.54
4/11/2023,16:49:15,74.69,74.62,2388.00,2379,2400,4.27,34.00,-36.00,32.19,32.25,1032.00,1029,1036,1.03,51.66,51.63,1652.00,1650,1654,1.00
4/11/2023,16:49:30,74.44,74.62,2388.00,2378,2401,4.45,34.00,-36.00,32.16,32.22,1031.00,1029,1035,1.37,51.63,51.63,1652.00,1651,1654,0.59
4/11/2023,16:49:45,74.69,74.62,2388.00,2378,2399,4.07,34.00,-36.00,32.22,32.25,1032.00,1029,1034,0.88,51.59,51.63,1652.00,1650,1654,0.85
4/11/2023,16:50:0,74.78,74.62,2388.00,2377,2397,3.99,34.00,-36.00,32.25,32.22,1031.00,1029,1035,1.32,51.59,51.63,1652.00,1651,1653,0.58
4/11/2023,16:50:15,74.66,74.62,2388.00,2379,2399,4.32,33.75,-36.00,32.19,32.22,1031.00,1029,1035,1.16,51.59,51.59,1651.00,1651,1654,1.14
4/11/2023,16:50:30,74.44,74.62,2388.00,2378,2398,4.31,34.00,-36.00,32.25,32.22,1031.00,1028,1035,1.35,51.41,51.63,1652.00,1651,1653,0.53
4/11/2023,16:50:45,74.78,74.62,2388.00,2380,2398,4.06,34.00,-36.00,32.22,32.25,1032.00,1028,1035,0.98,51.66,51.63,1652.00,1650,1654,1.04
4/11/2023,16:51:0,74.59,74.62,2388.00,2379,2397,3.90,34.00,-36.00,32.19,32.22,1031.00,1028,1035,1.33,51.63,51.63,1652.00,1651,1653,0.58
4/11/2023,16:51:15,74.53,74.59,2387.00,2377,2398,4.21,34.25,-36.00,32.22,32.25,1032.00,1028,1035,1.05,51.66,51.63,1652.00,1650,1654,1.06
4/11/2023,16:51:30,74.72,74.59,2387.00,2378,2396,4.01,33.50,-36.00,32.19,32.22,1031.00,1029,1034,1.27,51.63,51.63,1652.00,1651,1654,0.53
4/11/2023,16:51:45,74.66,74.62,2388.00,2378,2398,4.14,34.00,-36.00,32.25,32.25,1032.00,1029,1035,0.93,51.63,51.63,1652.00,1650,1654,0.74
4/11/2023,16:52:0,74.28,74.56,2386.00,2376,2398,4.56,33.75,-36.00,32.22,32.22,1031.00,1029,1034,1.17,51.63,51.63,1652.00,1651,1653,0.57
4/11/2023,16:52:15,74.72,74.62,2388.00,2379,2401,4.53,34.25,-36.00,32.25,32.22,1031.00,1029,1035,1.26,51.66,51.63,1652.00,1651,1654,0.66
4/11/2023,16:52:30,74.78,74.62,2388.00,2378,2398,4.24,34.00,-36.00,32.19,32.22,1031.00,1028,1034,1.31,51.59,51.63,1652.00,1651,1654,0.56
4/11/2023,16:52:45,74.41,74.62,2388.00,2380,2398,4.09,34.00,-36.00,32.22,32.25,1032.00,1030,1034,0.90,51.63,51.63,1652.00,1651,1654,0.84
4/11/2023,16:53:0,74.72,74.62,2388.00,2380,2398,3.98,34.00,-36.00,32.25,32.22,1031.00,1030,1035,1.31,51.63,51.63,1652.00,1651,1653,0.58
4/11/2023,16:53:15,74.59,74.59,2387.00,2377,2398,4.20,34.00,-36.00,32.19,32.25,1032.00,1030,1034,0.86,51.38,51.63,1652.00,1651,1654,0.82
4/11/2023,16:53:30,74.41,74.62,2388.00,2376,2399,4.39,34.00,-36.00,32.22,32.22,1031.00,1029,1035,1.29,51.63,51.63,1652.00,1651,1653,0.56
4/11/2023,16:53:45,74.72,74.62,2388.00,2380,2399,4.28,34.00,-36.00,32.25,32.25,1032.00,1030,1035,0.87,51.63,51.63,1652.00,1651,1654,0.71
4/11/2023,16:54:0,74.69,74.62,2388.00,2380,2397,3.97,34.00,-36.00,32.19,32.22,1031.00,1030,1035,1.26,51.63,51.63,1652.00,1651,1653,0.56
4/11/2023,16:54:15,74.31,74.62,2388.00,2376,2399,4.67,34.00,-36.00,32.22,32.25,1032.00,1028,1035,0.95,51.66,51.63,1652.00,1650,1654,0.99
4/11/2023,16:54:30,74.84,74.62,2388.00,2379,2398,4.19,34.25,-36.00,32.25,32.22,1031.00,1029,1035,1.27,51.63,51.63,1652.00,1651,1653,0.59
4/11/2023,16:54:45,74.53,74.59,2387.00,2377,2399,4.05,34.25,-36.00,32.22,32.22,1031.00,1030,1035,1.23,51.63,51.63,1652.00,1651,1654,0.64
4/11/2023,16:55:0,74.59,74.59,2387.00,2378,2398,4.22,34.00,-36.00,32.25,32.22,1031.00,1030,1035,1.21,51.63,51.63,1652.00,1651,1653,0.55
4/11/2023,16:55:15,74.37,74.56,2386.00,2378,2399,4.23,33.50,-36.00,32.22,32.22,1031.00,1029,1034,1.23,51.66,51.63,1652.00,1651,1654,0.72
4/11/2023,16:55:30,74.69,74.59,2387.00,2379,2396,4.02,34.25,-36.00,32.22,32.22,1031.00,1029,1034,1.22,51.59,51.63,1652.00,1650,1654,0.62
4/11/2023,16:55:45,74.44,74.62,2388.00,2376,2397,4.00,34.00,-36.00,32.16,32.22,1031.00,1029,1035,1.29,51.63,51.63,1652.00,1651,1653,0.62
4/11/2023,16:56:0,74.41,74.59,2387.00,2378,2398,4.16,34.00,-36.00,32.22,32.22,1031.00,1029,1034,1.14,51.63,51.63,1652.00,1650,1653,0.66
4/11/2023,16:56:15,74.75,74.62,2388.00,2379,2398,4.03,34.00,-36.00,32.22,32.25,1032.00,1028,1035,0.95,51.63,51.63,1652.00,1650,1654,1.01
4/11/2023,16:56:30,74.47,74.62,2388.00,2379,2400,4.49,34.00,-36.00,32.25,32.22,1031.00,1029,1035,1.12,51.63,51.63,1652.00,1651,1653,0.53
4/11/2023,16:56:45,74.69,74.62,2388.00,2378,2399,4.29,34.00,-36.00,32.19,32.22,1031.00,1029,1034,1.34,51.66,51.63,1652.00,1651,1654,0.72
4/11/2023,16:57:0,74.72,74.59,2387.00,2379,2397,3.99,34.00,-36.00,32.22,32.22,1031.00,1029,1034,1.18,51.38,51.63,1652.00,1651,1654,0.61
4/11/2023,16:57:15,74.59,74.62,2388.00,2374,2402,4.45,34.25,-36.00,32.25,32.22,1031.00,1030,1034,1.16,51.59,51.63,1652.00,1651,1654,0.60
4/11/2023,16:57:30,74.50,74.62,2388.00,2380,2398,4.20,34.00,-36.00,32.19,32.22,1031.00,1029,1034,1.22,51.63,51.63,1652.00,1651,1654,0.60
4/11/2023,16:57:45,74.75,74.62,2388.00,2379,2400,4.12,34.00,-36.00,32.19,32.25,1032.00,1029,1034,0.84,51.63,51.63,1652.00,1651,1654,1.13
4/11/2023,16:58:0,74.66,74.62,2388.00,2380,2397,4.03,33.50,-36.00,32.19,32.22,1031.00,1029,1035,1.26,51.63,51.63,1652.00,1651,1653,0.64
4/11/2023,16:58:15,74.53,74.62,2388.00,2377,2397,4.24,34.25,-36.00,32.22,32.22,1031.00,1029,1034,1.03,51.63,51.63,1652.00,1650,1654,0.87
4/11/2023,16:58:30,74.66,74.62,2388.00,2379,2397,4.09,34.00,-36.00,32.25,32.22,1031.00,1029,1035,1.30,51.63,51.63,1652.00,1651,1654,0.61
4/11/2023,16:58:45,74.75,74.62,2388.00,2378,2400,4.45,34.00,-36.00,32.22,32.25,1032.00,1029,1035,0.96,51.63,51.63,1652.00,1650,1655,1.08
4/11/2023,16:59:0,74.44,74.59,2387.00,2378,2397,4.21,34.00,-36.00,32.25,32.22,1031.00,1029,1034,1.22,51.63,51.63,1652.00,1651,1653,0.62
4/11/2023,16:59:15,74.34,74.59,2387.00,2378,2397,3.98,34.00,-36.00,32.22,32.22,1031.00,1028,1035,1.31,51.56,51.63,1652.00,1650,1654,1.02
4/11/2023,16:59:30,74.59,74.56,2386.00,2374,2398,4.34,34.00,-36.00,32.19,32.22,1031.00,1029,1034,1.26,51.63,51.63,1652.00,1651,1653,0.57
4/11/2023,16:59:45,74.78,74.59,2387.00,2379,2397,4.12,34.00,-36.00,32.22,32.25,1032.00,1029,1035,0.95,51.41,51.63,1652.00,1650,1654,1.02
4/11/2023,17:0:0,74.59,74.59,2387.00,2379,2395,4.07,34.00,-36.00,32.16,32.22,1031.00,1028,1034,1.22,51.63,51.63,1652.00,1650,1653,0.62
4/11/2023,17:0:15,74.37,74.59,2387.00,2378,2397,4.28,34.00,-36.00,32.22,32.25,1032.00,1028,1036,0.93,51.66,51.63,1652.00,1651,1654,1.09
4/11/2023,17:0:30,74.53,74.59,2387.00,2377,2398,4.16,34.00,-36.00,32.22,32.22,1031.00,1029,1034,1.14,51.66,51.63,1652.00,1651,1653,0.60
4/11/2023,17:0:45,74.72,74.62,2388.00,2377,2397,3.95,34.25,-36.00,32.00,32.22,1031.00,1029,1034,1.07,51.59,51.63,1652.00,1650,1655,1.03
4/11/2023,17:1:0,74.62,74.56,2386.00,2376,2396,4.24,34.00,-36.00,32.22,32.22,1031.00,1030,1034,1.21,51.66,51.63,1652.00,1651,1654,0.63
4/11/2023,17:1:15,74.59,74.59,2387.00,2377,2398,4.41,34.25,-36.00,32.19,32.25,1032.00,1029,1035,0.94,51.66,51.63,1652.00,1650,1654,1.12
4/11/2023,17:1:30,74.44,74.56,2386.00,2376,2396,4.27,34.00,-36.00,32.19,32.22,1031.00,1029,1034,1.15,51.63,51.63,1652.00,1651,1653,0.62
4/11/2023,17:1:45,74.62,74.59,2387.00,2377,2396,4.25,33.50,-36.00,32.19,32.22,1031.00,1029,1035,1.19,51.63,51.63,1652.00,1650,1655,0.93
4/11/2023,17:2:0,74.41,74.56,2386.00,2378,2397,4.12,34.25,-36.00,32.25,32.22,1031.00,1029,1034,1.08,51.63,51.63,1652.00,1651,1654,0.65
4/11/2023,17:2:15,74.53,74.59,2387.00,2378,2397,4.18,34.00,-36.00,32.19,32.22,1031.00,1029,1035,1.17,51.66,51.63,1652.00,1650,1654,0.95
4/11/2023,17:2:30,74.66,74.59,2387.00,2377,2397,4.23,34.00,-36.00,32.19,32.22,1031.00,1029,1034,1.10,51.63,51.63,1652.00,1651,1654,0.59
4/11/2023,17:2:45,74.41,74.56,2386.00,2379,2398,4.16,34.00,-36.00,32.19,32.22,1031.00,1029,1035,1.23,51.59,51.63,1652.00,1650,1654,1.10
4/11/2023,17:3:0,74.69,74.59,2387.00,2378,2398,4.31,34.25,-36.00,32.16,32.22,1031.00,1028,1034,1.09,51.66,51.63,1652.00,1651,1653,0.62
4/11/2023,17:3:15,74.66,74.59,2387.00,2378,2396,4.20,34.50,-36.00,32.22,32.22,1031.00,1029,1034,1.00,51.59,51.63,1652.00,1650,1654,0.87
4/11/2023,17:3:30,74.59,74.56,2386.00,2376,2396,4.23,34.00,-36.00,32.22,32.22,1031.00,1028,1033,1.02,51.38,51.63,1652.00,1651,1653,0.65
4/11/2023,17:3:45,74.59,74.59,2387.00,2379,2398,4.02,34.00,-36.00,32.22,32.22,1031.00,1029,1033,0.88,51.59,51.63,1652.00,1650,1654,0.79
4/11/2023,17:4:0,74.53,74.59,2387.00,2379,2395,3.85,34.00,-36.00,32.19,32.22,1031.00,1029,1034,1.08,51.63,51.63,1652.00,1651,1653,0.64
4/11/2023,17:4:15,74.44,74.59,2387.00,2379,2396,4.15,34.00,-36.00,32.16,32.22,1031.00,1029,1034,1.06,51.59,51.63,1652.00,1650,1655,1.10
4/11/2023,17:4:30,74.59,74.59,2387.00,2377,2398,4.22,34.00,-36.00,31.94,32.22,1031.00,1028,1034,0.98,51.66,51.63,1652.00,1651,1654,0.64
4/11/2023,17:4:45,74.59,74.56,2386.00,2376,2397,4.68,34.25,-36.00,32.22,32.22,1031.00,1029,1034,1.07,51.63,51.63,1652.00,1650,1654,1.12
4/11/2023,17:5:0,74.47,74.59,2387.00,2379,2397,4.22,34.00,-36.00,32.25,32.22,1031.00,1029,1034,0.95,51.63,51.63,1652.00,1651,1654,0.62
4/11/2023,17:5:15,74.59,74.56,2386.00,2377,2394,4.11,34.00,-36.00,32.16,32.22,1031.00,1028,1034,1.03,51.66,51.63,1652.00,1650,1654,1.13
4/11/2023,17:5:30,74.50,74.59,2387.00,2376,2397,4.35,33.25,-36.00,32.19,32.22,1031.00,1029,1033,0.96,51.66,51.63,1652.00,1651,1654,0.64
4/11/2023,17:5:45,74.41,74.59,2387.00,2379,2396,3.95,34.25,-36.00,32.19,32.22,1031.00,1028,1035,1.03,51.63,51.63,1652.00,1651,1653,0.57
4/11/2023,17:6:0,74.37,74.56,2386.00,2376,2398,4.41,34.25,-36.00,32.25,32.22,1031.00,1029,1033,0.87,51.63,51.63,1652.00,1651,1654,0.66
4/11/2023,17:6:15,74.37,74.59,2387.00,2378,2397,4.18,34.25,-36.00,32.16,32.22,1031.00,1028,1035,0.99,51.59,51.63,1652.00,1651,1654,0.64
4/11/2023,17:6:30,74.47,74.59,2387.00,2377,2398,4.40,34.00,-36.00,32.22,32.22,1031.00,1029,1034,0.95,51.63,51.63,1652.00,1651,1653,0.66
4/11/2023,17:6:45,74.62,74.56,2386.00,2377,2399,4.31,34.00,-36.00,32.22,32.22,1031.00,1028,1034,1.02,51.69,51.63,1652.00,1650,1655,1.08
4/11/2023,17:7:0,74.53,74.56,2386.00,2377,2398,4.40,34.00,-36.00,32.16,32.22,1031.00,1028,1033,0.96,51.66,51.63,1652.00,1651,1654,0.67
4/11/2023,17:7:15,74.37,74.53,2385.00,2374,2395,4.07,34.25,-36.00,32.22,32.22,1031.00,1029,1035,1.07,51.41,51.63,1652.00,1651,1654,0.78
4/11/2023,17:7:30,74.72,74.53,2385.00,2376,2398,4.29,34.00,-36.00,32.19,32.22,1031.00,1028,1034,1.01,51.63,51.63,1652.00,1651,1653,0.62
4/11/2023,17:7:45,74.41,74.53,2385.00,2376,2398,4.40,34.00,-36.00,32.16,32.19,1030.00,1029,1033,1.28,51.59,51.63,1652.00,1651,1654,0.72
4/11/2023,17:8:0,74.44,74.53,2385.00,2376,2396,4.29,34.00,-36.00,32.16,32.22,1031.00,1028,1033,1.05,51.66,51.63,1652.00,1651,1654,0.63
4/11/2023,17:8:15,74.66,74.56,2386.00,2376,2396,4.10,34.00,-36.00,32.16,32.22,1031.00,1027,1034,1.10,51.63,51.63,1652.00,1650,1655,1.05
4/11/2023,17:8:30,74.34,74.53,2385.00,2376,2395,4.24,34.00,-36.00,32.19,32.22,1031.00,1029,1034,0.92,51.63,51.63,1652.00,1651,1654,0.66
4/11/2023,17:8:45,74.56,74.56,2386.00,2376,2395,3.98,34.00,-36.00,32.16,32.22,1031.00,1029,1034,0.89,51.63,51.63,1652.00,1650,1655,0.90
4/11/2023,17:9:0,74.69,74.53,2385.00,2374,2396,4.30,34.00,-36.00,32.22,32.22,1031.00,1029,1033,0.95,51.63,51.63,1652.00,1651,1654,0.65
4/11/2023,17:9:15,74.41,74.53,2385.00,2377,2396,4.26,33.75,-36.00,32.22,32.22,1031.00,1028,1035,1.04,51.59,51.63,1652.00,1650,1654,0.86
4/11/2023,17:9:30,74.56,74.53,2385.00,2376,2395,4.39,34.00,-36.00,32.19,32.22,1031.00,1028,1034,0.97,51.63,51.63,1652.00,1651,1653,0.66
4/11/2023,17:9:45,74.37,74.53,2385.00,2376,2396,4.37,34.00,-36.00,32.19,32.22,1031.00,1028,1034,1.03,51.56,51.63,1652.00,1650,1654,0.86
4/11/2023,17:10:0,74.50,74.56,2386.00,2374,2398,4.38,34.25,-36.00,32.19,32.22,1031.00,1029,1033,1.05,51.63,51.63,1652.00,1651,1653,0.66
4/11/2023,17:10:15,74.34,74.53,2385.00,2374,2398,4.59,34.25,-36.00,32.19,32.22,1031.00,1028,1034,0.94,51.63,51.63,1652.00,1650,1654,0.88
4/11/2023,17:10:30,74.66,74.53,2385.00,2377,2394,4.03,34.25,-36.00,32.22,32.22,1031.00,1029,1033,0.99,51.63,51.63,1652.00,1651,1654,0.66
4/11/2023,17:10:45,74.41,74.59,2387.00,2376,2398,4.39,34.00,-36.00,32.22,32.22,1031.00,1028,1035,1.05,51.66,51.63,1652.00,1651,1654,1.07
4/11/2023,17:11:0,74.59,74.53,2385.00,2378,2394,3.89,34.00,-36.00,32.22,32.22,1031.00,1028,1034,0.94,51.41,51.63,1652.00,1651,1654,0.67
4/11/2023,17:11:15,74.41,74.56,2386.00,2376,2396,4.33,34.00,-36.00,32.16,32.22,1031.00,1029,1034,0.94,51.66,51.63,1652.00,1651,1654,1.19
4/11/2023,17:11:30,74.53,74.56,2386.00,2377,2395,4.01,34.00,-36.00,32.19,32.22,1031.00,1028,1034,1.02,51.63,51.63,1652.00,1651,1653,0.65
4/11/2023,17:11:45,74.34,74.56,2386.00,2376,2396,4.02,34.00,-36.00,32.19,32.19,1030.00,1029,1033,1.20,51.63,51.63,1652.00,1650,1654,0.91
4/11/2023,17:12:0,74.66,74.56,2386.00,2378,2397,4.44,33.50,-36.00,32.22,32.19,1030.00,1027,1035,1.38,51.59,51.63,1652.00,1651,1654,0.65
4/11/2023,17:12:15,74.34,74.53,2385.00,2377,2395,3.99,34.00,-36.00,32.22,32.22,1031.00,1029,1034,1.00,51.59,51.63,1652.00,1651,1655,0.93
4/11/2023,17:12:30,74.50,74.53,2385.00,2376,2395,4.16,34.25,-36.00,32.19,32.19,1030.00,1028,1034,1.32,51.63,51.63,1652.00,1651,1654,0.66
4/11/2023,17:12:45,74.62,74.50,2384.00,2376,2395,4.17,34.00,-36.00,32.19,32.22,1031.00,1029,1034,1.00,51.69,51.63,1652.00,1650,1654,1.12
4/11/2023,17:13:0,74.75,74.56,2386.00,2377,2399,4.19,34.00,-36.00,32.19,32.22,1031.00,1028,1033,1.01,51.63,51.63,1652.00,1651,1654,0.64
4/11/2023,17:13:15,74.41,74.50,2384.00,2376,2392,3.94,34.00,-36.00,32.19,32.22,1031.00,1028,1034,1.04,51.63,51.63,1652.00,1650,1654,0.79
4/11/2023,17:13:30,74.75,74.50,2384.00,2376,2395,4.03,34.00,-36.00,32.19,32.19,1030.00,1028,1033,1.33,51.63,51.63,1652.00,1651,1653,0.70
4/11/2023,17:13:45,74.47,74.56,2386.00,2376,2399,4.28,34.25,-36.00,32.16,32.19,1030.00,1029,1033,1.30,51.66,51.63,1652.00,1651,1654,0.99
4/11/2023,17:14:0,74.34,74.53,2385.00,2374,2397,4.31,34.00,-36.00,32.13,32.22,1031.00,1029,1035,1.16,51.63,51.63,1652.00,1651,1654,0.65
4/11/2023,17:14:15,150.75,91.75,2936.00,1062,5698,798.12,34.00,-36.00,1023.97,1023.97,32767.00,32767,32767,0.00,51.63,51.63,1652.00,1650,1654,1.01
4/11/2023,17:14:30,74.97,74.50,2384.00,2362,2408,7.05,34.25,-36.00,32.16,32.16,1029.00,1027,1032,1.16,51.66,51.63,1652.00,1651,1654,0.75
4/11/2023,17:14:45,74.97,75.53,2417.00,2217,2818,45.61,34.00,-36.00,32.03,32.16,1029.00,1027,1031,0.88,51.56,51.56,1650.00,1649,1653,1.23
