Device Name:,,VoltX4,VoltX4,VoltX4,VoltX4
Device Description:,,4-Channel Voltage Data Logger,4-Channel Voltage Data Logger,4-Channel Voltage Data Logger,4-Channel Voltage Data Logger
Serial Number:,,R64785,R64785,R64785,R64785
Device ID:,,MultiChannel,MultiChannel,MultiChannel,MultiChannel
,,,,,
,,Channel 1,Channel 2,Channel 3,Channel 4
Date,Time,Voltage 1 (mV),Voltage 2 (mV),Voltage 3 (mV),Voltage 4 (mV)
4/10/23,11:45:00 AM,84.43644,35.89378,-35.62454,21.56986
4/10/23,11:45:05 AM,84.46258,35.89408,-35.62542,21.63066
4/10/23,11:45:10 AM,84.4578,35.89332,-35.62458,21.68832
4/10/23,11:45:15 AM,84.46922,35.89382,-35.62436,21.74794
4/10/23,11:45:20 AM,84.45764,35.89392,-35.62372,21.80888
4/10/23,11:45:25 AM,84.45748,35.89362,-35.62344,21.86754
4/10/23,11:45:30 AM,84.459,35.89322,-35.6232,21.92672
4/10/23,11:45:35 AM,84.47086,35.89428,-35.62366,21.98536
4/10/23,11:45:40 AM,84.49222,35.8937,-35.62338,22.04402
4/10/23,11:45:45 AM,84.4913,35.8932,-35.62372,22.10314
4/10/23,11:45:50 AM,84.4976,35.89358,-35.623,22.16162
4/10/23,11:45:55 AM,84.48026,35.89284,-35.62288,22.22012
4/10/23,11:46:00 AM,84.49082,35.89402,-35.6222,22.27894
4/10/23,11:46:05 AM,84.508,35.89328,-35.62278,22.33644
4/10/23,11:46:10 AM,84.50492,35.89286,-35.62282,22.39562
4/10/23,11:46:15 AM,84.49422,35.89328,-35.62258,22.45272
4/10/23,11:46:20 AM,84.51698,35.89256,-35.62206,22.50942
4/10/23,11:46:25 AM,84.51006,35.89176,-35.62124,22.56692
4/10/23,11:46:30 AM,84.50722,35.8924,-35.62162,22.62418
4/10/23,11:46:35 AM,84.52974,35.89232,-35.62154,22.6809
4/10/23,11:46:40 AM,84.5297,35.89226,-35.62088,22.73886
4/10/23,11:46:45 AM,84.50596,35.89326,-35.62076,22.79522
4/10/23,11:46:50 AM,84.49136,35.89208,-35.6205,22.85148
4/10/23,11:46:55 AM,84.50894,35.89222,-35.62044,22.90794
4/10/23,11:47:00 AM,84.51466,35.8924,-35.62044,22.96324
4/10/23,11:47:05 AM,84.51112,35.89176,-35.62058,23.01992
4/10/23,11:47:10 AM,84.5076,35.89146,-35.61964,23.07476
4/10/23,11:47:15 AM,84.50998,35.89236,-35.6198,23.12998
4/10/23,11:47:20 AM,84.50048,35.89222,-35.62014,23.1863
4/10/23,11:47:25 AM,84.53544,35.89206,-35.61978,23.24004
4/10/23,11:47:30 AM,84.52682,35.89158,-35.62048,23.29488
4/10/23,11:47:35 AM,84.52362,35.8913,-35.61976,23.34842
4/10/23,11:47:40 AM,84.5227,35.89154,-35.6198,23.4024
4/10/23,11:47:45 AM,84.5366,35.89136,-35.61862,23.45672
4/10/23,11:47:50 AM,84.52948,35.8915,-35.6184,23.50988
4/10/23,11:47:55 AM,84.5291,35.8915,-35.6184,23.56244
4/10/23,11:48:00 AM,84.55274,35.89118,-35.6185,23.61586
4/10/23,11:48:05 AM,84.56746,35.89108,-35.61762,23.66832
4/10/23,11:48:10 AM,84.57244,35.89064,-35.61824,23.72104
4/10/23,11:48:15 AM,84.57018,35.89166,-35.61814,23.77372
4/10/23,11:48:20 AM,84.56992,35.89126,-35.61766,23.825
4/10/23,11:48:25 AM,84.57652,35.89072,-35.6181,23.8768
4/10/23,11:48:30 AM,84.59448,35.8907,-35.61786,23.9278
4/10/23,11:48:35 AM,84.59192,35.89078,-35.61748,23.9796
4/10/23,11:48:40 AM,84.58516,35.89092,-35.61706,24.03
4/10/23,11:48:45 AM,84.5817,35.89104,-35.61702,24.07992
4/10/23,11:48:50 AM,84.57332,35.89064,-35.61666,24.13086
4/10/23,11:48:55 AM,84.60398,35.88988,-35.61746,24.18094
4/10/23,11:49:00 AM,84.57502,35.89032,-35.61768,24.23012
4/10/23,11:49:05 AM,84.56486,35.89114,-35.61748,24.28032
4/10/23,11:49:10 AM,84.5642,35.89074,-35.61634,24.32888
4/10/23,11:49:15 AM,84.57014,35.8905,-35.61638,24.37862
4/10/23,11:49:20 AM,84.5567,35.8909,-35.61658,24.4272
4/10/23,11:49:25 AM,84.55824,35.89086,-35.61638,24.4753
4/10/23,11:49:30 AM,84.5615,35.89032,-35.6155,24.52428
4/10/23,11:49:35 AM,84.5535,35.89034,-35.61574,24.57328
4/10/23,11:49:40 AM,84.55636,35.89018,-35.6146,24.62086
4/10/23,11:49:45 AM,84.568,35.88974,-35.61494,24.66946
4/10/23,11:49:50 AM,84.57756,35.88988,-35.61424,24.71662
4/10/23,11:49:55 AM,84.56912,35.8903,-35.61496,24.764
4/10/23,11:50:00 AM,84.57274,35.891,-35.61566,24.81126
4/10/23,11:50:05 AM,84.58654,35.89034,-35.61582,24.8592
4/10/23,11:50:10 AM,84.59482,35.89062,-35.61484,24.905
4/10/23,11:50:15 AM,84.59546,35.89026,-35.61472,24.95252
4/10/23,11:50:20 AM,84.60334,35.88918,-35.61416,24.99816
4/10/23,11:50:25 AM,84.60094,35.89036,-35.6147,25.04512
4/10/23,11:50:30 AM,84.58108,35.88984,-35.61462,25.0916
4/10/23,11:50:35 AM,84.60482,35.8894,-35.61384,25.13662
4/10/23,11:50:40 AM,84.59734,35.88948,-35.6143,25.18224
4/10/23,11:50:45 AM,84.59882,35.88918,-35.61342,25.22896
4/10/23,11:50:50 AM,84.60522,35.8896,-35.61318,25.27264
4/10/23,11:50:55 AM,84.60168,35.8893,-35.61336,25.31838
4/10/23,11:51:00 AM,84.60974,35.88954,-35.61382,25.36286
4/10/23,11:51:05 AM,84.61796,35.88924,-35.61288,25.40754
4/10/23,11:51:10 AM,84.60752,35.88888,-35.61388,25.45226
4/10/23,11:51:15 AM,84.60444,35.88844,-35.6132,25.49636
4/10/23,11:51:20 AM,84.60826,35.88912,-35.61332,25.54156
4/10/23,11:51:25 AM,84.60262,35.88876,-35.61278,25.58406
4/10/23,11:51:30 AM,84.62356,35.88888,-35.61344,25.62804
4/10/23,11:51:35 AM,84.6182,35.88952,-35.61232,25.67204
4/10/23,11:51:40 AM,84.6132,35.88894,-35.61224,25.7156
4/10/23,11:51:45 AM,84.58866,35.889,-35.61258,25.75882
4/10/23,11:51:50 AM,84.60872,35.88878,-35.61254,25.8027
4/10/23,11:51:55 AM,84.58934,35.88908,-35.61264,25.84594
4/10/23,11:52:00 AM,84.60654,35.88934,-35.61224,25.88944
4/10/23,11:52:05 AM,84.61314,35.8884,-35.61286,25.93188
4/10/23,11:52:10 AM,84.61136,35.88958,-35.61188,25.9743
4/10/23,11:52:15 AM,84.61704,35.88964,-35.61218,26.01604
4/10/23,11:52:20 AM,84.62874,35.88896,-35.61204,26.05942
4/10/23,11:52:25 AM,84.6068,35.8887,-35.61134,26.1015
4/10/23,11:52:30 AM,84.61778,35.8886,-35.61096,26.1445
4/10/23,11:52:35 AM,84.62656,35.88806,-35.61054,26.18586
4/10/23,11:52:40 AM,84.62746,35.88846,-35.61098,26.22842
4/10/23,11:52:45 AM,84.59998,35.88892,-35.61072,26.26998
4/10/23,11:52:50 AM,84.60206,35.8893,-35.61044,26.31116
4/10/23,11:52:55 AM,84.60424,35.8895,-35.6105,26.35446
4/10/23,11:53:00 AM,84.60526,35.88898,-35.61102,26.39562
4/10/23,11:53:05 AM,84.59782,35.8885,-35.6101,26.43742
4/10/23,11:53:10 AM,84.60602,35.88886,-35.61048,26.47864
4/10/23,11:53:15 AM,84.60486,35.88814,-35.61034,26.5199
4/10/23,11:53:20 AM,84.58988,35.8881,-35.61074,26.56168
4/10/23,11:53:25 AM,84.6059,35.88862,-35.61006,26.60268
4/10/23,11:53:30 AM,84.59422,35.889,-35.61008,26.64206
4/10/23,11:53:35 AM,84.61666,35.88928,-35.60998,26.68336
4/10/23,11:53:40 AM,84.60434,35.88872,-35.60966,26.7265
4/10/23,11:53:45 AM,84.6079,35.88866,-35.60982,26.76532
4/10/23,11:53:50 AM,84.5983,35.88854,-35.60946,26.80624
4/10/23,11:53:55 AM,84.60894,35.8886,-35.60936,26.84618
4/10/23,11:54:00 AM,84.59202,35.8882,-35.60902,26.88798
4/10/23,11:54:05 AM,84.60806,35.88788,-35.60956,26.92828
4/10/23,11:54:10 AM,84.60544,35.88792,-35.60932,26.96726
4/10/23,11:54:15 AM,84.61656,35.88778,-35.60948,27.00666
4/10/23,11:54:20 AM,84.63344,35.8885,-35.60914,27.0486
4/10/23,11:54:25 AM,84.6026,35.88814,-35.60824,27.0873
4/10/23,11:54:30 AM,84.63152,35.88852,-35.60856,27.12772
4/10/23,11:54:35 AM,84.61696,35.88792,-35.60816,27.16736
4/10/23,11:54:40 AM,84.61932,35.88802,-35.60778,27.20738
4/10/23,11:54:45 AM,84.63918,35.88786,-35.60756,27.24704
4/10/23,11:54:50 AM,84.6486,35.8883,-35.60882,27.28786
4/10/23,11:54:55 AM,84.65848,35.88832,-35.60752,27.32738
4/10/23,11:55:00 AM,84.65156,35.88778,-35.60798,27.36598
4/10/23,11:55:05 AM,84.63978,35.88766,-35.60758,27.40502
4/10/23,11:55:10 AM,84.63668,35.888,-35.60706,27.44412
4/10/23,11:55:15 AM,84.65478,35.88752,-35.60828,27.48444
4/10/23,11:55:20 AM,84.65324,35.88808,-35.60838,27.52248
4/10/23,11:55:25 AM,84.66814,35.88768,-35.60762,27.56026
4/10/23,11:55:30 AM,84.66082,35.88756,-35.6083,27.59974
4/10/23,11:55:35 AM,84.69426,35.88818,-35.60618,27.63696
4/10/23,11:55:40 AM,84.66176,35.88758,-35.60724,27.67472
4/10/23,11:55:45 AM,84.65816,35.88812,-35.60824,27.7132
4/10/23,11:55:50 AM,84.65962,35.8877,-35.60778,27.75202
4/10/23,11:55:55 AM,84.6783,35.88824,-35.60644,27.78936
4/10/23,11:56:00 AM,84.69008,35.88782,-35.60708,27.8282
4/10/23,11:56:05 AM,84.68584,35.88804,-35.60668,27.8667
4/10/23,11:56:10 AM,84.66338,35.88772,-35.60684,27.90378
4/10/23,11:56:15 AM,84.6778,35.8876,-35.60652,27.94016
4/10/23,11:56:20 AM,84.66194,35.88704,-35.6063,27.97854
4/10/23,11:56:25 AM,84.67302,35.8869,-35.60624,28.01644
4/10/23,11:56:30 AM,84.67894,35.88748,-35.6055,28.05346
4/10/23,11:56:35 AM,84.66474,35.88774,-35.60636,28.09086
4/10/23,11:56:40 AM,84.67304,35.88752,-35.60628,28.12758
4/10/23,11:56:45 AM,84.66138,35.88726,-35.60536,28.1646
4/10/23,11:56:50 AM,84.6604,35.88706,-35.60606,28.20214
4/10/23,11:56:55 AM,84.65716,35.88692,-35.60574,28.23738
4/10/23,11:57:00 AM,84.67046,35.88808,-35.60626,28.27382
4/10/23,11:57:05 AM,84.68366,35.88732,-35.6061,28.30976
4/10/23,11:57:10 AM,84.69084,35.88702,-35.60614,28.34626
4/10/23,11:57:15 AM,84.70688,35.88798,-35.60538,28.383
4/10/23,11:57:20 AM,84.71698,35.88698,-35.6051,28.4179
4/10/23,11:57:25 AM,84.73318,35.88754,-35.60542,28.4531
4/10/23,11:57:30 AM,84.7316,35.88704,-35.60474,28.4885
4/10/23,11:57:35 AM,84.73158,35.88726,-35.60502,28.52324
4/10/23,11:57:40 AM,84.72,35.88804,-35.6055,28.5592
4/10/23,11:57:45 AM,84.7263,35.88828,-35.60468,28.59404
4/10/23,11:57:50 AM,84.69932,35.88698,-35.60478,28.62798
4/10/23,11:57:55 AM,84.70622,35.8873,-35.60538,28.66328
4/10/23,11:58:00 AM,84.7035,35.88818,-35.60502,28.69716
4/10/23,11:58:05 AM,84.70052,35.88754,-35.60388,28.73188
4/10/23,11:58:10 AM,84.70214,35.88732,-35.60446,28.766
4/10/23,11:58:15 AM,84.71018,35.88718,-35.60444,28.79906
4/10/23,11:58:20 AM,84.71066,35.88786,-35.60456,28.83294
4/10/23,11:58:25 AM,84.6951,35.88742,-35.60482,28.86718
4/10/23,11:58:30 AM,84.6909,35.88724,-35.6046,28.90116
4/10/23,11:58:35 AM,84.70226,35.8873,-35.60526,28.93532
4/10/23,11:58:40 AM,84.71408,35.88756,-35.60492,28.96722
4/10/23,11:58:45 AM,84.70778,35.8875,-35.60402,29.0011
4/10/23,11:58:50 AM,84.7047,35.88744,-35.60456,29.03392
4/10/23,11:58:55 AM,84.69342,35.88816,-35.6043,29.06774
4/10/23,11:59:00 AM,84.69048,35.88762,-35.60378,29.10058
4/10/23,11:59:05 AM,84.70256,35.8873,-35.60366,29.134
4/10/23,11:59:10 AM,84.67676,35.88794,-35.6039,29.16644
4/10/23,11:59:15 AM,84.69804,35.88706,-35.60358,29.1996
4/10/23,11:59:20 AM,84.69134,35.88738,-35.60348,29.2322
4/10/23,11:59:25 AM,84.6832,35.88808,-35.60332,29.2653
4/10/23,11:59:30 AM,84.69172,35.88802,-35.60334,29.29834
4/10/23,11:59:35 AM,84.69736,35.88728,-35.6036,29.3301
4/10/23,11:59:40 AM,84.6963,35.88754,-35.60268,29.36254
4/10/23,11:59:45 AM,84.70068,35.88766,-35.60288,29.39484
4/10/23,11:59:50 AM,84.68654,35.88664,-35.60348,29.4275
4/10/23,11:59:55 AM,84.67784,35.88606,-35.60276,29.46024
4/10/23,12:00:00 PM,84.68752,35.8882,-35.60272,29.49198
4/10/23,12:00:05 PM,84.68234,35.88696,-35.6026,29.52366
4/10/23,12:00:10 PM,84.68164,35.88822,-35.60266,29.55514
4/10/23,12:00:15 PM,84.67656,35.8873,-35.60228,29.58712
4/10/23,12:00:20 PM,84.68212,35.88746,-35.60412,29.6198
4/10/23,12:00:25 PM,84.67784,35.88686,-35.60264,29.64946
4/10/23,12:00:30 PM,84.69588,35.88744,-35.60194,29.68136
4/10/23,12:00:35 PM,84.67876,35.88688,-35.60316,29.71352
4/10/23,12:00:40 PM,84.71112,35.8878,-35.60182,29.74398
4/10/23,12:00:45 PM,84.71814,35.88732,-35.60138,29.77496
4/10/23,12:00:50 PM,84.70468,35.88738,-35.60224,29.80622
4/10/23,12:00:55 PM,84.71102,35.8873,-35.6011,29.83676
4/10/23,12:01:00 PM,84.70768,35.8877,-35.60182,29.8681
4/10/23,12:01:05 PM,84.70932,35.88718,-35.6024,29.89982
4/10/23,12:01:10 PM,84.70612,35.88686,-35.60282,29.93068
4/10/23,12:01:15 PM,84.69282,35.88746,-35.60154,29.9607
4/10/23,12:01:20 PM,84.69,35.888,-35.6013,29.99042
4/10/23,12:01:25 PM,84.69924,35.88762,-35.6016,30.02152
4/10/23,12:01:30 PM,84.69348,35.88702,-35.60128,30.05268
4/10/23,12:01:35 PM,84.68844,35.88702,-35.6015,30.08372
4/10/23,12:01:40 PM,84.67246,35.8872,-35.60224,30.11184
4/10/23,12:01:45 PM,84.67386,35.88788,-35.60148,30.14326
4/10/23,12:01:50 PM,84.67564,35.88758,-35.60158,30.17286
4/10/23,12:01:55 PM,84.6669,35.88726,-35.60084,30.20364
4/10/23,12:02:00 PM,84.69372,35.8872,-35.60136,30.2326
4/10/23,12:02:05 PM,84.68126,35.88722,-35.6011,30.26298
4/10/23,12:02:10 PM,84.70424,35.88718,-35.6005,30.2921
4/10/23,12:02:15 PM,84.70742,35.88724,-35.60074,30.3221
4/10/23,12:02:20 PM,84.71426,35.8874,-35.60098,30.35096
4/10/23,12:02:25 PM,84.6949,35.88776,-35.60088,30.38028
4/10/23,12:02:30 PM,84.69396,35.88748,-35.60062,30.40932
4/10/23,12:02:35 PM,84.70586,35.88746,-35.60154,30.43858
4/10/23,12:02:40 PM,84.7101,35.88742,-35.60032,30.46814
4/10/23,12:02:45 PM,84.71146,35.88804,-35.6001,30.49762
4/10/23,12:02:50 PM,84.69582,35.88812,-35.6005,30.5267
4/10/23,12:02:55 PM,84.6896,35.88798,-35.60082,30.55528
4/10/23,12:03:00 PM,84.7058,35.88786,-35.60024,30.58414
4/10/23,12:03:05 PM,84.69442,35.8872,-35.60098,30.61174
4/10/23,12:03:10 PM,84.69782,35.8869,-35.6002,30.64206
4/10/23,12:03:15 PM,84.72122,35.88746,-35.6002,30.67028
4/10/23,12:03:20 PM,84.71118,35.88756,-35.5997,30.6986
4/10/23,12:03:25 PM,84.71966,35.88736,-35.60046,30.72666
4/10/23,12:03:30 PM,84.69124,35.88768,-35.6006,30.75582
4/10/23,12:03:35 PM,84.70382,35.88744,-35.60072,30.78348
4/10/23,12:03:40 PM,84.7163,35.8879,-35.6007,30.81158
4/10/23,12:03:45 PM,84.72956,35.88714,-35.59996,30.83914
4/10/23,12:03:50 PM,84.72272,35.88756,-35.60056,30.86684
4/10/23,12:03:55 PM,84.73372,35.8881,-35.59922,30.89452
4/10/23,12:04:00 PM,84.73168,35.88716,-35.5992,30.92286
4/10/23,12:04:05 PM,84.72458,35.8885,-35.6004,30.94982
4/10/23,12:04:10 PM,84.71406,35.88806,-35.59952,30.97766
4/10/23,12:04:15 PM,84.72092,35.8882,-35.59922,31.00446
4/10/23,12:04:20 PM,84.71846,35.88768,-35.5993,31.03248
4/10/23,12:04:25 PM,84.71868,35.8884,-35.5999,31.0592
4/10/23,12:04:30 PM,84.7235,35.88798,-35.59912,31.08598
4/10/23,12:04:35 PM,84.72834,35.88834,-35.59918,31.11294
4/10/23,12:04:40 PM,84.72098,35.88848,-35.59946,31.13938
4/10/23,12:04:45 PM,84.73308,35.88776,-35.59946,31.16658
4/10/23,12:04:50 PM,84.7191,35.88796,-35.59952,31.1935
4/10/23,12:04:55 PM,84.7263,35.88768,-35.59948,31.21918
4/10/23,12:05:00 PM,84.71556,35.8883,-35.5988,31.24462
4/10/23,12:05:05 PM,84.71626,35.88758,-35.59918,31.27174
4/10/23,12:05:10 PM,84.71874,35.8881,-35.59982,31.29718
4/10/23,12:05:15 PM,84.71984,35.88788,-35.59904,31.32242
4/10/23,12:05:20 PM,84.7074,35.88754,-35.59918,31.34914
4/10/23,12:05:25 PM,84.68794,35.88794,-35.59854,31.37414
4/10/23,12:05:30 PM,84.6781,35.88784,-35.59922,31.39998
4/10/23,12:05:35 PM,84.68324,35.88862,-35.59882,31.42468
4/10/23,12:05:40 PM,84.66924,35.88814,-35.59868,31.45154
4/10/23,12:05:45 PM,84.68546,35.88696,-35.59896,31.47384
4/10/23,12:05:50 PM,84.66108,35.88758,-35.59886,31.5001
4/10/23,12:05:55 PM,84.66966,35.88888,-35.59864,31.52586
4/10/23,12:06:00 PM,84.69982,35.88842,-35.59914,31.54918
4/10/23,12:06:05 PM,84.69766,35.88778,-35.59838,31.57498
4/10/23,12:06:10 PM,84.68226,35.88822,-35.59836,31.59928
4/10/23,12:06:15 PM,84.6776,35.88812,-35.59848,31.62422
4/10/23,12:06:20 PM,84.67744,35.8896,-35.59874,31.64938
4/10/23,12:06:25 PM,84.6811,35.88778,-35.59844,31.67176
4/10/23,12:06:30 PM,84.67848,35.88848,-35.59818,31.69664
4/10/23,12:06:35 PM,84.67124,35.8884,-35.59952,31.72092
4/10/23,12:06:40 PM,84.66846,35.888,-35.59906,31.74466
4/10/23,12:06:45 PM,84.65628,35.88786,-35.59752,31.76762
4/10/23,12:06:50 PM,84.65218,35.88846,-35.59862,31.79204
4/10/23,12:06:55 PM,84.68086,35.88802,-35.59906,31.81594
4/10/23,12:07:00 PM,84.6708,35.88858,-35.5984,31.84186
4/10/23,12:07:05 PM,84.66846,35.88786,-35.59832,31.86462
4/10/23,12:07:10 PM,84.68374,35.88862,-35.59808,31.88904
4/10/23,12:07:15 PM,84.6895,35.8886,-35.59792,31.91088
4/10/23,12:07:20 PM,84.69288,35.88794,-35.59848,31.9353
4/10/23,12:07:25 PM,84.67772,35.88752,-35.59836,31.95756
4/10/23,12:07:30 PM,84.67156,35.88824,-35.59718,31.98156
4/10/23,12:07:35 PM,84.67254,35.88868,-35.59766,32.00504
4/10/23,12:07:40 PM,84.67452,35.8881,-35.59798,32.02644
4/10/23,12:07:45 PM,84.66108,35.88906,-35.59786,32.0514
4/10/23,12:07:50 PM,84.65636,35.88886,-35.59766,32.07398
4/10/23,12:07:55 PM,84.64772,35.88838,-35.59702,32.09842
4/10/23,12:08:00 PM,84.64066,35.88848,-35.59784,32.11994
4/10/23,12:08:05 PM,84.64096,35.88798,-35.5983,32.14258
4/10/23,12:08:10 PM,84.64514,35.88888,-35.59826,32.16604
4/10/23,12:08:15 PM,84.6579,35.88942,-35.59766,32.18764
4/10/23,12:08:20 PM,84.65034,35.88874,-35.59752,32.21044
4/10/23,12:08:25 PM,84.65974,35.8884,-35.59848,32.2335
4/10/23,12:08:30 PM,84.655,35.88832,-35.59842,32.256
4/10/23,12:08:35 PM,84.66344,35.88844,-35.59764,32.27886
4/10/23,12:08:40 PM,84.66826,35.88866,-35.59692,32.30094
4/10/23,12:08:45 PM,84.65638,35.8889,-35.59738,32.32352
4/10/23,12:08:50 PM,84.64844,35.88844,-35.59722,32.34582
4/10/23,12:08:55 PM,84.63268,35.88906,-35.59794,32.36768
4/10/23,12:09:00 PM,84.6339,35.88872,-35.59782,32.38932
4/10/23,12:09:05 PM,84.63922,35.88888,-35.59698,32.4125
4/10/23,12:09:10 PM,84.65528,35.88838,-35.5966,32.4344
4/10/23,12:09:15 PM,84.61868,35.88822,-35.59784,32.45484
4/10/23,12:09:20 PM,84.64196,35.8892,-35.5972,32.4774
4/10/23,12:09:25 PM,84.64774,35.88888,-35.59702,32.49902
4/10/23,12:09:30 PM,84.6628,35.88912,-35.59686,32.52108
4/10/23,12:09:35 PM,84.64622,35.88886,-35.59782,32.54326
4/10/23,12:09:40 PM,84.66116,35.88906,-35.59732,32.56382
4/10/23,12:09:45 PM,84.65606,35.88876,-35.59682,32.58632
4/10/23,12:09:50 PM,84.66924,35.88908,-35.59708,32.60718
4/10/23,12:09:55 PM,84.6618,35.88854,-35.59736,32.62848
4/10/23,12:10:00 PM,84.66722,35.88898,-35.5969,32.65084
4/10/23,12:10:05 PM,84.6595,35.889,-35.59734,32.6725
4/10/23,12:10:10 PM,84.66752,35.88878,-35.59768,32.6928
4/10/23,12:10:15 PM,84.63276,35.88952,-35.59768,32.7142
4/10/23,12:10:20 PM,84.66308,35.8887,-35.59652,32.73574
4/10/23,12:10:25 PM,84.672,35.88886,-35.59686,32.75736
4/10/23,12:10:30 PM,84.66388,35.8886,-35.5974,32.77818
4/10/23,12:10:35 PM,84.66048,35.8893,-35.5974,32.79954
4/10/23,12:10:40 PM,84.67534,35.88952,-35.59718,32.81948
4/10/23,12:10:45 PM,84.65868,35.88926,-35.59694,32.84074
4/10/23,12:10:50 PM,84.6645,35.88988,-35.59628,32.86164
4/10/23,12:10:55 PM,84.66046,35.88864,-35.59724,32.88174
4/10/23,12:11:00 PM,84.6502,35.8898,-35.59688,32.90254
4/10/23,12:11:05 PM,84.6677,35.8891,-35.59752,32.92318
4/10/23,12:11:10 PM,84.6601,35.88956,-35.59678,32.94424
4/10/23,12:11:15 PM,84.66864,35.88912,-35.5956,32.96548
4/10/23,12:11:20 PM,84.67808,35.88898,-35.59652,32.98652
4/10/23,12:11:25 PM,84.6582,35.88888,-35.59614,33.0065
4/10/23,12:11:30 PM,84.65874,35.88892,-35.59692,33.0274
4/10/23,12:11:35 PM,84.67786,35.89,-35.5976,33.04732
4/10/23,12:11:40 PM,84.6566,35.8901,-35.59606,33.06782
4/10/23,12:11:45 PM,84.65756,35.88916,-35.59642,33.08912
4/10/23,12:11:50 PM,84.64414,35.88946,-35.5971,33.10918
4/10/23,12:11:55 PM,84.65192,35.88982,-35.59702,33.12934
4/10/23,12:12:00 PM,84.65942,35.88954,-35.59666,33.14962
4/10/23,12:12:05 PM,84.65782,35.88956,-35.59688,33.17168
4/10/23,12:12:10 PM,84.67154,35.88956,-35.59658,33.1909
4/10/23,12:12:15 PM,84.66074,35.88912,-35.59636,33.2113
4/10/23,12:12:20 PM,84.65224,35.88954,-35.59626,33.23206
4/10/23,12:12:25 PM,84.6502,35.88996,-35.59576,33.25238
4/10/23,12:12:30 PM,84.65078,35.89028,-35.59574,33.27282
4/10/23,12:12:35 PM,84.64638,35.88884,-35.59728,33.29404
4/10/23,12:12:40 PM,84.65486,35.88984,-35.59584,33.31424
4/10/23,12:12:45 PM,84.65528,35.88998,-35.59642,33.33492
4/10/23,12:12:50 PM,84.63866,35.88978,-35.59628,33.3561
4/10/23,12:12:55 PM,84.63388,35.89066,-35.59548,33.37588
4/10/23,12:13:00 PM,84.63672,35.89044,-35.59634,33.39534
4/10/23,12:13:05 PM,84.63158,35.88998,-35.5961,33.41704
4/10/23,12:13:10 PM,84.63246,35.88964,-35.59556,33.43796
4/10/23,12:13:15 PM,84.64502,35.88976,-35.59576,33.45764
4/10/23,12:13:20 PM,84.6396,35.88982,-35.59636,33.4792
4/10/23,12:13:25 PM,84.62874,35.88978,-35.59506,33.49894
4/10/23,12:13:30 PM,84.61608,35.88916,-35.59496,33.51972
4/10/23,12:13:35 PM,84.64434,35.89058,-35.59682,33.54002
4/10/23,12:13:40 PM,84.6389,35.89022,-35.59642,33.5605
4/10/23,12:13:45 PM,84.63516,35.8901,-35.59582,33.5815
4/10/23,12:13:50 PM,84.6268,35.8901,-35.5954,33.60124
4/10/23,12:13:55 PM,84.6222,35.88996,-35.5963,33.62276
4/10/23,12:14:00 PM,84.6117,35.89012,-35.59682,33.64338
4/10/23,12:14:05 PM,84.6209,35.89026,-35.5969,33.66372
4/10/23,12:14:10 PM,84.61246,35.89084,-35.59644,33.6841
4/10/23,12:14:15 PM,84.6161,35.89016,-35.59506,33.70436
4/10/23,12:14:20 PM,84.6015,35.8902,-35.59572,33.7252
4/10/23,12:14:25 PM,84.632,35.89048,-35.59608,33.7452
4/10/23,12:14:30 PM,84.6237,35.89014,-35.59686,33.76598
4/10/23,12:14:35 PM,84.59894,35.89064,-35.5957,33.78642
4/10/23,12:14:40 PM,84.5915,35.89004,-35.59542,33.80722
4/10/23,12:14:45 PM,84.59372,35.89004,-35.59668,33.82736
4/10/23,12:14:50 PM,84.58904,35.89128,-35.5963,33.84754
4/10/23,12:14:55 PM,84.58666,35.89052,-35.59516,33.86816
4/10/23,12:15:00 PM,84.58942,35.88942,-35.59612,33.88896
4/10/23,12:15:05 PM,84.60266,35.89034,-35.59524,33.90872
4/10/23,12:15:10 PM,84.58382,35.8907,-35.59546,33.92804
4/10/23,12:15:15 PM,84.59044,35.89048,-35.59584,33.94792
4/10/23,12:15:20 PM,84.5863,35.89048,-35.59574,33.9678
4/10/23,12:15:25 PM,84.57596,35.89074,-35.59674,33.98768
4/10/23,12:15:30 PM,84.58822,35.89036,-35.5968,34.00842
4/10/23,12:15:35 PM,84.55896,35.89086,-35.59648,34.02794
4/10/23,12:15:40 PM,84.56606,35.89054,-35.59564,34.04826
4/10/23,12:15:45 PM,84.57062,35.89034,-35.59668,34.06824
4/10/23,12:15:50 PM,84.56632,35.8915,-35.59614,34.08834
4/10/23,12:15:55 PM,84.55334,35.89118,-35.5963,34.1073
4/10/23,12:16:00 PM,84.56922,35.89086,-35.5966,34.12816
4/10/23,12:16:05 PM,84.56244,35.89074,-35.59632,34.14672
4/10/23,12:16:10 PM,84.55504,35.8922,-35.59674,34.16582
4/10/23,12:16:15 PM,84.55832,35.89192,-35.5966,34.1862
4/10/23,12:16:20 PM,84.57958,35.89298,-35.5967,34.20548
4/10/23,12:16:25 PM,84.57936,35.89286,-35.5962,34.22502
4/10/23,12:16:30 PM,84.58808,35.89264,-35.5972,34.24438
4/10/23,12:16:35 PM,84.57892,35.8927,-35.59674,34.26408
4/10/23,12:16:40 PM,84.59666,35.89196,-35.5959,34.28366
4/10/23,12:16:45 PM,84.59288,35.89322,-35.5976,34.30264
4/10/23,12:16:50 PM,84.60148,35.8922,-35.59672,34.32222
4/10/23,12:16:55 PM,84.5866,35.89298,-35.59738,34.3407
4/10/23,12:17:00 PM,84.57928,35.89288,-35.59776,34.35932
4/10/23,12:17:05 PM,84.59088,35.89282,-35.59726,34.37982
4/10/23,12:17:10 PM,84.60112,35.89264,-35.59776,34.39906
4/10/23,12:17:15 PM,84.6087,35.89346,-35.59768,34.41768
4/10/23,12:17:20 PM,84.61012,35.89286,-35.59722,34.43662
4/10/23,12:17:25 PM,84.6137,35.89342,-35.59708,34.45668
4/10/23,12:17:30 PM,84.6083,35.89328,-35.5967,34.47588
4/10/23,12:17:35 PM,84.58606,35.89336,-35.59848,34.49452
4/10/23,12:17:40 PM,84.60084,35.8926,-35.5974,34.51466
4/10/23,12:17:45 PM,84.6088,35.89274,-35.59776,34.53332
4/10/23,12:17:50 PM,84.60882,35.89346,-35.59718,34.55322
4/10/23,12:17:55 PM,84.59962,35.89382,-35.5972,34.57332
4/10/23,12:18:00 PM,84.61482,35.89284,-35.59682,34.59302
4/10/23,12:18:05 PM,84.62336,35.89342,-35.59782,34.61356
4/10/23,12:18:10 PM,84.62482,35.89406,-35.59772,34.6337
4/10/23,12:18:15 PM,84.6245,35.89344,-35.59684,34.6538
4/10/23,12:18:20 PM,84.62784,35.89304,-35.59756,34.67346
4/10/23,12:18:25 PM,84.61694,35.89416,-35.59748,34.69414
4/10/23,12:18:30 PM,84.60216,35.8931,-35.59774,34.71562
4/10/23,12:18:35 PM,84.62162,35.89394,-35.597,34.7351
4/10/23,12:18:40 PM,84.6024,35.89348,-35.59764,34.75642
4/10/23,12:18:45 PM,84.61784,35.89394,-35.59804,34.77762
4/10/23,12:18:50 PM,84.62616,35.89384,-35.59742,34.7978
4/10/23,12:18:55 PM,84.63596,35.89316,-35.59712,34.8199
4/10/23,12:19:00 PM,84.63902,35.89374,-35.5972,34.84166
4/10/23,12:19:05 PM,84.61358,35.89396,-35.59746,34.86146
4/10/23,12:19:10 PM,84.59772,35.89382,-35.59792,34.8827
4/10/23,12:19:15 PM,84.6001,35.89428,-35.59798,34.90508
4/10/23,12:19:20 PM,84.62358,35.8941,-35.59722,34.9269
4/10/23,12:19:25 PM,84.62472,35.89404,-35.59786,34.94734
4/10/23,12:19:30 PM,84.61906,35.89302,-35.5973,34.96912
4/10/23,12:19:35 PM,84.63166,35.89364,-35.59766,34.99102
4/10/23,12:19:40 PM,84.63228,35.894,-35.59764,35.0133
4/10/23,12:19:45 PM,84.64626,35.8932,-35.59774,35.0359
4/10/23,12:19:50 PM,84.64456,35.89356,-35.5968,35.05644
4/10/23,12:19:55 PM,84.62866,35.89388,-35.59714,35.07934
4/10/23,12:20:00 PM,84.62942,35.89354,-35.59754,35.10148
4/10/23,12:20:05 PM,84.64522,35.89348,-35.5972,35.12308
4/10/23,12:20:10 PM,84.6391,35.89344,-35.59742,35.14558
4/10/23,12:20:15 PM,84.64636,35.89298,-35.59812,35.16772
4/10/23,12:20:20 PM,84.6535,35.89246,-35.59766,35.18992
4/10/23,12:20:25 PM,84.65044,35.8932,-35.59732,35.2123
4/10/23,12:20:30 PM,84.64632,35.8934,-35.5967,35.23424
4/10/23,12:20:35 PM,84.64598,35.89302,-35.59682,35.25842
4/10/23,12:20:40 PM,84.63448,35.89326,-35.59772,35.27902
4/10/23,12:20:45 PM,84.6384,35.89288,-35.5967,35.30308
4/10/23,12:20:50 PM,84.6321,35.8932,-35.59608,35.324
4/10/23,12:20:55 PM,84.6361,35.89256,-35.59744,35.34736
4/10/23,12:21:00 PM,84.65528,35.89328,-35.59698,35.36992
4/10/23,12:21:05 PM,84.65594,35.89294,-35.59724,35.39208
4/10/23,12:21:10 PM,84.65366,35.89324,-35.59676,35.415
4/10/23,12:21:15 PM,84.65966,35.8926,-35.5968,35.4361
4/10/23,12:21:20 PM,84.6716,35.8929,-35.59642,35.45982
4/10/23,12:21:25 PM,84.68382,35.89202,-35.59652,35.48284
4/10/23,12:21:30 PM,84.67096,35.89262,-35.59686,35.50566
4/10/23,12:21:35 PM,84.68566,35.8926,-35.59672,35.5276
4/10/23,12:21:40 PM,84.68956,35.89272,-35.59632,35.55026
4/10/23,12:21:45 PM,84.67876,35.89292,-35.59592,35.57282
4/10/23,12:21:50 PM,84.6915,35.8928,-35.59674,35.59652
4/10/23,12:21:55 PM,84.68556,35.89266,-35.59652,35.62128
4/10/23,12:22:00 PM,84.68476,35.89292,-35.59674,35.64044
4/10/23,12:22:05 PM,84.6952,35.89218,-35.59522,35.6625
4/10/23,12:22:10 PM,84.67414,35.89148,-35.5958,35.68588
4/10/23,12:22:15 PM,84.6987,35.89132,-35.59516,35.70916
4/10/23,12:22:20 PM,84.67672,35.89162,-35.5944,35.73254
4/10/23,12:22:25 PM,84.6671,35.89186,-35.59438,35.7577
4/10/23,12:22:30 PM,84.74482,35.89126,-35.59474,35.78098
4/10/23,12:22:35 PM,84.79586,35.89122,-35.59502,35.7987
4/10/23,12:22:40 PM,84.82436,35.89166,-35.59384,35.82404
4/10/23,12:22:45 PM,84.82284,35.8911,-35.59388,35.84664
4/10/23,12:22:50 PM,84.85172,35.8908,-35.59414,35.87036
4/10/23,12:22:55 PM,84.87844,35.89004,-35.59404,35.89366
4/10/23,12:23:00 PM,84.8777,35.89028,-35.59366,35.92566
4/10/23,12:23:05 PM,84.8835,35.8904,-35.59278,35.9652
4/10/23,12:23:10 PM,84.8841,35.89112,-35.5926,35.98776
4/10/23,12:23:15 PM,84.90764,35.89022,-35.5936,36.0049
4/10/23,12:23:20 PM,84.91886,35.89066,-35.59302,36.02018
4/10/23,12:23:25 PM,84.89674,35.8907,-35.5931,36.03648
4/10/23,12:23:30 PM,84.91484,35.8901,-35.59264,36.05686
4/10/23,12:23:35 PM,84.90704,35.88982,-35.5923,36.07936
4/10/23,12:23:40 PM,84.8946,35.8899,-35.59266,36.10302
4/10/23,12:23:45 PM,84.90532,35.88984,-35.59258,36.12956
4/10/23,12:23:50 PM,84.91996,35.89044,-35.59306,36.15474
4/10/23,12:23:55 PM,84.9078,35.89018,-35.59328,36.18174
4/10/23,12:24:00 PM,84.91202,35.89058,-35.5923,36.20848
4/10/23,12:24:05 PM,84.91648,35.88994,-35.59218,36.23638
4/10/23,12:24:10 PM,84.89568,35.88958,-35.59228,36.26494
4/10/23,12:24:15 PM,84.90316,35.89024,-35.59228,36.2932
4/10/23,12:24:20 PM,84.9052,35.89034,-35.59216,36.3219
4/10/23,12:24:25 PM,84.9124,35.88944,-35.59168,36.3512
4/10/23,12:24:30 PM,84.89828,35.89066,-35.59158,36.379
4/10/23,12:24:35 PM,84.90162,35.89022,-35.59198,36.4093
4/10/23,12:24:40 PM,84.9026,35.8901,-35.59134,36.44028
4/10/23,12:24:45 PM,84.9019,35.8898,-35.59204,36.46944
4/10/23,12:24:50 PM,84.9223,35.88968,-35.59206,36.49712
4/10/23,12:24:55 PM,84.92522,35.88972,-35.5914,36.52642
4/10/23,12:25:00 PM,84.91894,35.8902,-35.59146,36.55606
4/10/23,12:25:05 PM,84.91006,35.8901,-35.59236,36.58626
4/10/23,12:25:10 PM,84.8875,35.89006,-35.59108,36.61658
4/10/23,12:25:15 PM,84.89916,35.88908,-35.59084,36.6468
4/10/23,12:25:20 PM,84.90694,35.88894,-35.59084,36.67774
4/10/23,12:25:25 PM,84.8948,35.88988,-35.59154,36.70838
4/10/23,12:25:30 PM,84.8795,35.88942,-35.59088,36.73768
4/10/23,12:25:35 PM,84.89688,35.8895,-35.59128,36.76776
4/10/23,12:25:40 PM,84.91198,35.8894,-35.5911,36.79998
4/10/23,12:25:45 PM,84.89214,35.88982,-35.59094,36.83068
4/10/23,12:25:50 PM,84.89778,35.8894,-35.58998,36.86148
4/10/23,12:25:55 PM,84.88532,35.88888,-35.59058,36.89174
4/10/23,12:26:00 PM,84.87436,35.8894,-35.59136,36.9224
4/10/23,12:26:05 PM,84.87294,35.88952,-35.59106,36.95272
4/10/23,12:26:10 PM,84.8593,35.8892,-35.59046,36.98504
4/10/23,12:26:15 PM,84.84228,35.88978,-35.59004,37.01512
4/10/23,12:26:20 PM,84.85902,35.88934,-35.5907,37.0458
4/10/23,12:26:25 PM,84.85474,35.88964,-35.5918,37.07724
4/10/23,12:26:30 PM,84.83746,35.88898,-35.59044,37.10908
4/10/23,12:26:35 PM,84.84616,35.88952,-35.59078,37.13916
4/10/23,12:26:40 PM,84.84822,35.88938,-35.59102,37.16974
4/10/23,12:26:45 PM,84.85628,35.8897,-35.59098,37.20276
4/10/23,12:26:50 PM,84.85888,35.8895,-35.59022,37.2326
4/10/23,12:26:55 PM,84.84676,35.88884,-35.58982,37.26418
4/10/23,12:27:00 PM,84.83834,35.8898,-35.59084,37.29372
4/10/23,12:27:05 PM,84.82962,35.88892,-35.59104,37.32746
4/10/23,12:27:10 PM,84.85158,35.88994,-35.58956,37.35742
4/10/23,12:27:15 PM,84.84026,35.88882,-35.59042,37.38714
4/10/23,12:27:20 PM,84.84992,35.88986,-35.58958,37.41998
4/10/23,12:27:25 PM,84.87222,35.88866,-35.58982,37.45096
4/10/23,12:27:30 PM,84.87136,35.88906,-35.58944,37.48228
4/10/23,12:27:35 PM,84.85404,35.88964,-35.5903,37.51252
4/10/23,12:27:40 PM,84.8537,35.88934,-35.58956,37.54424
4/10/23,12:27:45 PM,84.88244,35.88902,-35.59022,37.57532
4/10/23,12:27:50 PM,84.8749,35.88908,-35.58956,37.60518
4/10/23,12:27:55 PM,84.85984,35.88992,-35.5903,37.63588
4/10/23,12:28:00 PM,84.88148,35.8888,-35.58962,37.6663
4/10/23,12:28:05 PM,84.88926,35.88866,-35.58896,37.69752
4/10/23,12:28:10 PM,84.87532,35.8885,-35.58906,37.72704
4/10/23,12:28:15 PM,84.88736,35.88918,-35.59048,37.75776
4/10/23,12:28:20 PM,84.88016,35.88918,-35.58926,37.7882
4/10/23,12:28:25 PM,84.88926,35.88914,-35.58838,37.81794
4/10/23,12:28:30 PM,84.86332,35.88892,-35.58918,37.84874
4/10/23,12:28:35 PM,84.87286,35.88952,-35.58938,37.87784
4/10/23,12:28:40 PM,84.87418,35.88924,-35.58848,37.90758
4/10/23,12:28:45 PM,84.8672,35.88908,-35.58926,37.93628
4/10/23,12:28:50 PM,84.87412,35.8895,-35.58876,37.96658
4/10/23,12:28:55 PM,84.87388,35.88944,-35.58882,37.99506
4/10/23,12:29:00 PM,84.86648,35.88878,-35.5882,38.02308
4/10/23,12:29:05 PM,84.86036,35.88954,-35.58834,38.052
4/10/23,12:29:10 PM,84.86328,35.88916,-35.5887,38.08016
4/10/23,12:29:15 PM,84.87772,35.88914,-35.58756,38.10872
4/10/23,12:29:20 PM,84.87174,35.88878,-35.58814,38.13866
4/10/23,12:29:25 PM,84.85866,35.8893,-35.58878,38.1647
4/10/23,12:29:30 PM,84.87476,35.8887,-35.58836,38.19342
4/10/23,12:29:35 PM,84.86656,35.88918,-35.58856,38.22128
4/10/23,12:29:40 PM,84.8791,35.8887,-35.58806,38.25026
4/10/23,12:29:45 PM,84.87576,35.88894,-35.588,38.27796
4/10/23,12:29:50 PM,84.8651,35.88846,-35.58768,38.30544
4/10/23,12:29:55 PM,84.87544,35.88902,-35.58708,38.33316
4/10/23,12:30:00 PM,84.88898,35.88902,-35.58714,38.36018
4/10/23,12:30:05 PM,84.86156,35.88956,-35.58758,38.38792
4/10/23,12:30:10 PM,84.8711,35.88906,-35.58828,38.414
4/10/23,12:30:15 PM,84.88278,35.88868,-35.58718,38.44126
4/10/23,12:30:20 PM,84.88542,35.88792,-35.5873,38.46844
4/10/23,12:30:25 PM,84.88178,35.88894,-35.5877,38.496
4/10/23,12:30:30 PM,84.86396,35.88808,-35.58656,38.5226
4/10/23,12:30:35 PM,84.8628,35.88924,-35.58778,38.54926
4/10/23,12:30:40 PM,84.87794,35.88858,-35.58704,38.57576
4/10/23,12:30:45 PM,84.87144,35.88908,-35.58774,38.60298
4/10/23,12:30:50 PM,84.86356,35.88806,-35.58766,38.62894
4/10/23,12:30:55 PM,84.85422,35.88892,-35.5869,38.65564
4/10/23,12:31:00 PM,84.85222,35.88804,-35.58706,38.68236
4/10/23,12:31:05 PM,84.86054,35.8888,-35.58684,38.70826
4/10/23,12:31:10 PM,84.87002,35.88866,-35.58678,38.73466
4/10/23,12:31:15 PM,84.8608,35.88814,-35.58668,38.76086
4/10/23,12:31:20 PM,84.85814,35.88856,-35.58662,38.78594
4/10/23,12:31:25 PM,84.85368,35.8876,-35.58602,38.81188
4/10/23,12:31:30 PM,84.84208,35.88832,-35.58776,38.838
4/10/23,12:31:35 PM,84.8661,35.88866,-35.58578,38.86382
4/10/23,12:31:40 PM,84.86314,35.88718,-35.58668,38.8897
4/10/23,12:31:45 PM,84.86096,35.88866,-35.5866,38.91564
4/10/23,12:31:50 PM,84.85182,35.88818,-35.58674,38.93992
4/10/23,12:31:55 PM,84.8648,35.88802,-35.58648,38.96534
4/10/23,12:32:00 PM,84.84014,35.88802,-35.58632,38.99106
4/10/23,12:32:05 PM,84.83996,35.88796,-35.58524,39.01654
4/10/23,12:32:10 PM,84.8332,35.88838,-35.58616,39.04082
4/10/23,12:32:15 PM,84.851,35.88786,-35.58688,39.06592
4/10/23,12:32:20 PM,84.84298,35.88784,-35.5855,39.09054
4/10/23,12:32:25 PM,84.8479,35.88732,-35.58636,39.11622
4/10/23,12:32:30 PM,84.8581,35.88786,-35.58478,39.13996
4/10/23,12:32:35 PM,84.85274,35.8886,-35.58582,39.16362
4/10/23,12:32:40 PM,84.86028,35.88772,-35.5858,39.1889
4/10/23,12:32:45 PM,84.84156,35.88848,-35.5854,39.21342
4/10/23,12:32:50 PM,84.8747,35.88872,-35.58622,39.23766
4/10/23,12:32:55 PM,84.86142,35.88778,-35.5861,39.26082
4/10/23,12:33:00 PM,84.85838,35.88824,-35.58602,39.2847
4/10/23,12:33:05 PM,84.8472,35.88876,-35.58554,39.3081
4/10/23,12:33:10 PM,84.86118,35.88882,-35.58534,39.3324
4/10/23,12:33:15 PM,84.8539,35.88842,-35.586,39.3565
4/10/23,12:33:20 PM,84.87114,35.8887,-35.5856,39.37944
4/10/23,12:33:25 PM,84.85438,35.88768,-35.58516,39.40286
4/10/23,12:33:30 PM,84.86718,35.88776,-35.58564,39.42552
4/10/23,12:33:35 PM,84.86552,35.88774,-35.5855,39.44934
4/10/23,12:33:40 PM,84.8523,35.88746,-35.58548,39.4722
4/10/23,12:33:45 PM,84.85406,35.88778,-35.58468,39.4949
4/10/23,12:33:50 PM,84.8401,35.8881,-35.58474,39.51754
4/10/23,12:33:55 PM,84.83768,35.88818,-35.58456,39.54052
4/10/23,12:34:00 PM,84.82304,35.88892,-35.58542,39.56368
4/10/23,12:34:05 PM,84.81986,35.8877,-35.58476,39.58582
4/10/23,12:34:10 PM,84.8344,35.88812,-35.58456,39.60922
4/10/23,12:34:15 PM,84.82576,35.8876,-35.5844,39.6314
4/10/23,12:34:20 PM,84.8233,35.8874,-35.5854,39.65282
4/10/23,12:34:25 PM,84.80262,35.88728,-35.5844,39.67468
4/10/23,12:34:30 PM,84.8279,35.88772,-35.58432,39.6979
4/10/23,12:34:35 PM,84.82552,35.88752,-35.58478,39.71972
4/10/23,12:34:40 PM,84.81738,35.8886,-35.58406,39.74136
4/10/23,12:34:45 PM,84.82518,35.88764,-35.58464,39.76362
4/10/23,12:34:50 PM,84.8181,35.88736,-35.58454,39.78472
4/10/23,12:34:55 PM,84.81066,35.88762,-35.58488,39.80606
4/10/23,12:35:00 PM,84.8156,35.88826,-35.58406,39.82764
4/10/23,12:35:05 PM,84.81828,35.88694,-35.58462,39.84928
4/10/23,12:35:10 PM,84.81762,35.88754,-35.58472,39.87096
4/10/23,12:35:15 PM,84.80666,35.88834,-35.58442,39.89258
4/10/23,12:35:20 PM,84.80358,35.8881,-35.58404,39.91396
4/10/23,12:35:25 PM,84.78704,35.88774,-35.5844,39.93366
4/10/23,12:35:30 PM,84.80664,35.88724,-35.5836,39.95512
4/10/23,12:35:35 PM,84.77862,35.88736,-35.5837,39.9764
4/10/23,12:35:40 PM,84.77682,35.88774,-35.5834,39.9964
4/10/23,12:35:45 PM,84.78682,35.88676,-35.58346,40.01674
4/10/23,12:35:50 PM,84.8048,35.88722,-35.58432,40.03768
4/10/23,12:35:55 PM,84.81188,35.88684,-35.5841,40.0591
4/10/23,12:36:00 PM,84.80838,35.88738,-35.58384,40.0793
4/10/23,12:36:05 PM,84.81218,35.88764,-35.58382,40.09932
4/10/23,12:36:10 PM,84.81014,35.8873,-35.58344,40.11948
4/10/23,12:36:15 PM,84.79128,35.88694,-35.5838,40.14052
4/10/23,12:36:20 PM,84.7985,35.88664,-35.5835,40.1602
4/10/23,12:36:25 PM,84.77952,35.88724,-35.58316,40.17996
4/10/23,12:36:30 PM,84.78188,35.88736,-35.58304,40.19944
4/10/23,12:36:35 PM,84.78098,35.8875,-35.58374,40.2193
4/10/23,12:36:40 PM,84.78244,35.88714,-35.58332,40.23908
4/10/23,12:36:45 PM,84.7778,35.88682,-35.58344,40.25842
4/10/23,12:36:50 PM,84.76818,35.8874,-35.58338,40.27782
4/10/23,12:36:55 PM,84.76022,35.88802,-35.583,40.29878
4/10/23,12:37:00 PM,84.78248,35.88706,-35.58374,40.31824
4/10/23,12:37:05 PM,84.76324,35.887,-35.58338,40.3369
4/10/23,12:37:10 PM,84.75032,35.88724,-35.58372,40.35604
4/10/23,12:37:15 PM,84.756,35.88672,-35.58288,40.37592
4/10/23,12:37:20 PM,84.7521,35.88758,-35.5822,40.39484
4/10/23,12:37:25 PM,84.74738,35.8873,-35.58258,40.41374
4/10/23,12:37:30 PM,84.75028,35.8873,-35.58206,40.43228
4/10/23,12:37:35 PM,84.76058,35.88702,-35.58248,40.45088
4/10/23,12:37:40 PM,84.759,35.88726,-35.58192,40.46948
4/10/23,12:37:45 PM,84.77156,35.88692,-35.58154,40.4885
4/10/23,12:37:50 PM,84.76566,35.88702,-35.5825,40.50754
4/10/23,12:37:55 PM,84.78182,35.88654,-35.58158,40.52658
4/10/23,12:38:00 PM,84.77706,35.88694,-35.58312,40.54524
4/10/23,12:38:05 PM,84.778,35.88678,-35.58284,40.56296
4/10/23,12:38:10 PM,84.77038,35.88708,-35.58214,40.5812
4/10/23,12:38:15 PM,84.76584,35.88664,-35.58228,40.60092
4/10/23,12:38:20 PM,84.76736,35.8876,-35.58204,40.61774
4/10/23,12:38:25 PM,84.75058,35.88682,-35.58148,40.63638
4/10/23,12:38:30 PM,84.74232,35.88722,-35.58266,40.65412
4/10/23,12:38:35 PM,84.75512,35.88754,-35.58236,40.6727
4/10/23,12:38:40 PM,84.76576,35.88626,-35.58186,40.6903
4/10/23,12:38:45 PM,84.78682,35.88612,-35.58154,40.70756
4/10/23,12:38:50 PM,84.77348,35.88638,-35.58134,40.72572
4/10/23,12:38:55 PM,84.74612,35.88704,-35.58166,40.74274
4/10/23,12:39:00 PM,84.74978,35.88676,-35.58206,40.76078
4/10/23,12:39:05 PM,84.74962,35.88692,-35.5815,40.77828
4/10/23,12:39:10 PM,84.7505,35.88602,-35.5816,40.79492
4/10/23,12:39:15 PM,84.7699,35.8869,-35.58156,40.812
4/10/23,12:39:20 PM,84.77628,35.88656,-35.58088,40.83102
4/10/23,12:39:25 PM,84.76968,35.88606,-35.5811,40.8464
4/10/23,12:39:30 PM,84.77338,35.88666,-35.58124,40.86344
4/10/23,12:39:35 PM,84.7665,35.88688,-35.58072,40.88146
4/10/23,12:39:40 PM,84.77178,35.88674,-35.58194,40.89756
4/10/23,12:39:45 PM,84.77456,35.88724,-35.58048,40.91448
4/10/23,12:39:50 PM,84.7801,35.88716,-35.58108,40.93166
4/10/23,12:39:55 PM,84.7385,35.88738,-35.58162,40.94818
4/10/23,12:40:00 PM,84.73992,35.887,-35.58124,40.96518
4/10/23,12:40:05 PM,84.74738,35.88746,-35.58096,40.98122
4/10/23,12:40:10 PM,84.74784,35.8871,-35.5815,40.99776
4/10/23,12:40:15 PM,84.73576,35.88698,-35.58122,41.01514
4/10/23,12:40:20 PM,84.72866,35.88694,-35.5808,41.03056
4/10/23,12:40:25 PM,84.74018,35.88714,-35.5818,41.04576
4/10/23,12:40:30 PM,84.7244,35.88554,-35.58064,41.0612
4/10/23,12:40:35 PM,84.74728,35.88616,-35.5812,41.07868
4/10/23,12:40:40 PM,84.73856,35.88702,-35.58036,41.09436
4/10/23,12:40:45 PM,84.74772,35.88714,-35.58188,41.10964
4/10/23,12:40:50 PM,84.73724,35.8863,-35.58152,41.12596
4/10/23,12:40:55 PM,84.72368,35.88706,-35.58124,41.14224
4/10/23,12:41:00 PM,84.73266,35.88674,-35.5815,41.15836
4/10/23,12:41:05 PM,84.73134,35.88646,-35.58114,41.17348
4/10/23,12:41:10 PM,84.72072,35.88682,-35.57978,41.1906
4/10/23,12:41:15 PM,84.72412,35.88736,-35.58082,41.20486
4/10/23,12:41:20 PM,84.72202,35.88702,-35.5801,41.2219
4/10/23,12:41:25 PM,84.72526,35.88726,-35.5798,41.23566
4/10/23,12:41:30 PM,84.7221,35.88692,-35.58116,41.2516
4/10/23,12:41:35 PM,84.72276,35.88656,-35.58116,41.26812
4/10/23,12:41:40 PM,84.71504,35.88736,-35.58092,41.28248
4/10/23,12:41:45 PM,84.70794,35.88694,-35.58042,41.29854
4/10/23,12:41:50 PM,84.70372,35.88668,-35.5801,41.3127
4/10/23,12:41:55 PM,84.68242,35.88662,-35.58032,41.32802
4/10/23,12:42:00 PM,84.71542,35.88674,-35.58122,41.34502
4/10/23,12:42:05 PM,84.69598,35.88626,-35.58072,41.3573
4/10/23,12:42:10 PM,84.70632,35.8859,-35.57952,41.3737
4/10/23,12:42:15 PM,84.70994,35.88584,-35.57942,41.38906
4/10/23,12:42:20 PM,84.71618,35.88638,-35.58118,41.40278
4/10/23,12:42:25 PM,84.71852,35.88708,-35.58036,41.41832
4/10/23,12:42:30 PM,84.72098,35.88704,-35.58068,41.43212
4/10/23,12:42:35 PM,84.7176,35.88644,-35.5805,41.44764
4/10/23,12:42:40 PM,84.7208,35.88642,-35.58012,41.46064
4/10/23,12:42:45 PM,84.70898,35.88626,-35.5811,41.47578
4/10/23,12:42:50 PM,84.70608,35.88668,-35.58124,41.48866
4/10/23,12:42:55 PM,84.68844,35.88682,-35.58002,41.50426
4/10/23,12:43:00 PM,84.69782,35.88682,-35.5796,41.51748
4/10/23,12:43:05 PM,84.69654,35.88696,-35.58062,41.53232
4/10/23,12:43:10 PM,84.69746,35.8869,-35.57982,41.5457
4/10/23,12:43:15 PM,84.71808,35.88642,-35.58002,41.55876
4/10/23,12:43:20 PM,84.71092,35.88674,-35.57912,41.57344
4/10/23,12:43:25 PM,84.69948,35.88706,-35.5787,41.58548
4/10/23,12:43:30 PM,84.70872,35.88676,-35.58016,41.60038
4/10/23,12:43:35 PM,84.70222,35.8865,-35.57878,41.61362
4/10/23,12:43:40 PM,84.68694,35.88686,-35.57956,41.62834
4/10/23,12:43:45 PM,84.6998,35.88656,-35.57982,41.64142
4/10/23,12:43:50 PM,84.69572,35.88624,-35.57966,41.65354
4/10/23,12:43:55 PM,84.70816,35.8865,-35.57964,41.66706
4/10/23,12:44:00 PM,84.70758,35.88662,-35.5793,41.67966
4/10/23,12:44:05 PM,84.70318,35.88684,-35.58062,41.6937
4/10/23,12:44:10 PM,84.7166,35.88696,-35.57852,41.70548
4/10/23,12:44:15 PM,84.69208,35.88642,-35.57948,41.71828
4/10/23,12:44:20 PM,84.70512,35.88732,-35.57984,41.7303
4/10/23,12:44:25 PM,84.7055,35.88668,-35.57966,41.74316
4/10/23,12:44:30 PM,84.68622,35.8863,-35.57948,41.75674
4/10/23,12:44:35 PM,84.70018,35.88642,-35.57934,41.76978
4/10/23,12:44:40 PM,84.6857,35.88674,-35.57906,41.78188
4/10/23,12:44:45 PM,84.68938,35.8871,-35.5794,41.79386
4/10/23,12:44:50 PM,84.68296,35.88674,-35.57998,41.80606
4/10/23,12:44:55 PM,84.6846,35.8861,-35.57982,41.81872
4/10/23,12:45:00 PM,84.67502,35.88704,-35.5799,41.83032
4/10/23,12:45:05 PM,84.69084,35.8866,-35.5784,41.84266
4/10/23,12:45:10 PM,84.6821,35.88774,-35.57994,41.85422
4/10/23,12:45:15 PM,84.68894,35.88672,-35.57932,41.86684
4/10/23,12:45:20 PM,84.70282,35.88636,-35.5787,41.87818
4/10/23,12:45:25 PM,84.68546,35.88658,-35.5787,41.88946
4/10/23,12:45:30 PM,84.693,35.88624,-35.57976,41.90246
4/10/23,12:45:35 PM,84.69826,35.88702,-35.57938,41.91292
4/10/23,12:45:40 PM,84.70996,35.8873,-35.5786,41.92458
4/10/23,12:45:45 PM,84.69104,35.88646,-35.57874,41.93604
4/10/23,12:45:50 PM,84.69012,35.88706,-35.57866,41.94822
4/10/23,12:45:55 PM,84.68306,35.88666,-35.57928,41.95896
4/10/23,12:46:00 PM,84.69662,35.88734,-35.57878,41.97078
4/10/23,12:46:05 PM,84.6798,35.88706,-35.57866,41.98254
4/10/23,12:46:10 PM,84.67778,35.88706,-35.5798,41.99186
4/10/23,12:46:15 PM,84.68106,35.887,-35.57936,42.00338
4/10/23,12:46:20 PM,84.68736,35.88662,-35.58012,42.01584
4/10/23,12:46:25 PM,84.67748,35.88624,-35.57932,42.02508
4/10/23,12:46:30 PM,84.69226,35.88658,-35.5791,42.03742
4/10/23,12:46:35 PM,84.68812,35.8867,-35.57922,42.0487
4/10/23,12:46:40 PM,84.6932,35.88766,-35.57842,42.05876
4/10/23,12:46:45 PM,84.68478,35.88668,-35.57902,42.06828
4/10/23,12:46:50 PM,84.67122,35.88662,-35.579,42.07884
4/10/23,12:46:55 PM,84.66788,35.8867,-35.57902,42.09096
4/10/23,12:47:00 PM,84.67156,35.88682,-35.5779,42.10228
4/10/23,12:47:05 PM,84.67734,35.88666,-35.5786,42.11146
4/10/23,12:47:10 PM,84.6605,35.88804,-35.57886,42.12278
4/10/23,12:47:15 PM,84.67432,35.88636,-35.57902,42.13302
4/10/23,12:47:20 PM,84.66208,35.88694,-35.57928,42.14382
4/10/23,12:47:25 PM,84.67756,35.88714,-35.57814,42.15314
4/10/23,12:47:30 PM,84.65376,35.88708,-35.57832,42.16354
4/10/23,12:47:35 PM,84.64726,35.88716,-35.57924,42.17496
4/10/23,12:47:40 PM,84.66344,35.88728,-35.57896,42.1828
4/10/23,12:47:45 PM,84.65286,35.88678,-35.5791,42.19528
4/10/23,12:47:50 PM,84.6783,35.88722,-35.5789,42.20372
4/10/23,12:47:55 PM,84.67218,35.88718,-35.57906,42.21468
4/10/23,12:48:00 PM,84.67298,35.88624,-35.57834,42.22406
4/10/23,12:48:05 PM,84.66686,35.88714,-35.57802,42.23416
4/10/23,12:48:10 PM,84.66568,35.888,-35.57858,42.24452
4/10/23,12:48:15 PM,84.6595,35.88706,-35.5789,42.25404
4/10/23,12:48:20 PM,84.6667,35.88782,-35.57952,42.26392
4/10/23,12:48:25 PM,84.63772,35.88698,-35.578,42.27388
4/10/23,12:48:30 PM,84.63672,35.88756,-35.57758,42.2835
4/10/23,12:48:35 PM,84.6269,35.88708,-35.57832,42.29278
4/10/23,12:48:40 PM,84.64132,35.88654,-35.57882,42.30274
4/10/23,12:48:45 PM,84.64702,35.8871,-35.57906,42.31176
4/10/23,12:48:50 PM,84.65194,35.88736,-35.57922,42.32318
4/10/23,12:48:55 PM,84.62266,35.88748,-35.5794,42.3308
4/10/23,12:49:00 PM,84.61504,35.88708,-35.5786,42.34128
4/10/23,12:49:05 PM,84.60818,35.8883,-35.57908,42.3502
4/10/23,12:49:10 PM,84.61432,35.88732,-35.57834,42.3597
4/10/23,12:49:15 PM,84.59864,35.88728,-35.57836,42.3684
4/10/23,12:49:20 PM,84.6183,35.88744,-35.57868,42.37652
4/10/23,12:49:25 PM,84.61574,35.88774,-35.57824,42.38684
4/10/23,12:49:30 PM,84.62408,35.88734,-35.5782,42.39746
4/10/23,12:49:35 PM,84.61748,35.88726,-35.5785,42.40636
4/10/23,12:49:40 PM,84.61168,35.88794,-35.57848,42.41284
4/10/23,12:49:45 PM,84.59814,35.88742,-35.57804,42.423
4/10/23,12:49:50 PM,84.61148,35.88734,-35.57814,42.43256
4/10/23,12:49:55 PM,84.60086,35.88746,-35.5783,42.4414
4/10/23,12:50:00 PM,84.594,35.88694,-35.57834,42.45
4/10/23,12:50:05 PM,84.59558,35.88742,-35.5787,42.45914
4/10/23,12:50:10 PM,84.58278,35.88766,-35.57734,42.46906
4/10/23,12:50:15 PM,84.57856,35.88718,-35.57876,42.47758
4/10/23,12:50:20 PM,84.57932,35.8878,-35.5784,42.48602
4/10/23,12:50:25 PM,84.6085,35.88738,-35.57868,42.49422
4/10/23,12:50:30 PM,84.60894,35.88746,-35.57812,42.50388
4/10/23,12:50:35 PM,84.62014,35.88726,-35.57802,42.51158
4/10/23,12:50:40 PM,84.59752,35.88798,-35.57868,42.51972
4/10/23,12:50:45 PM,84.5877,35.8875,-35.57746,42.52742
4/10/23,12:50:50 PM,84.5984,35.88772,-35.5781,42.53716
4/10/23,12:50:55 PM,84.58686,35.88754,-35.5795,42.54488
4/10/23,12:51:00 PM,84.58804,35.88742,-35.57814,42.55454
4/10/23,12:51:05 PM,84.59352,35.88736,-35.57824,42.56324
4/10/23,12:51:10 PM,84.58114,35.88736,-35.57862,42.57062
4/10/23,12:51:15 PM,84.583,35.88768,-35.5781,42.57844
4/10/23,12:51:20 PM,84.56864,35.88882,-35.57748,42.58786
4/10/23,12:51:25 PM,84.57556,35.88776,-35.5778,42.59664
4/10/23,12:51:30 PM,84.58572,35.88732,-35.57766,42.60428
4/10/23,12:51:35 PM,84.58712,35.88752,-35.57848,42.61358
4/10/23,12:51:40 PM,84.5806,35.88828,-35.57848,42.62124
4/10/23,12:51:45 PM,84.56334,35.88798,-35.57736,42.62882
4/10/23,12:51:50 PM,84.56018,35.8884,-35.57826,42.6376
4/10/23,12:51:55 PM,84.55104,35.8877,-35.5783,42.64394
4/10/23,12:52:00 PM,84.55326,35.88826,-35.5781,42.65322
4/10/23,12:52:05 PM,84.55878,35.88848,-35.57844,42.6606
4/10/23,12:52:10 PM,84.56506,35.8881,-35.57734,42.6692
4/10/23,12:52:15 PM,84.53168,35.88838,-35.57802,42.67682
4/10/23,12:52:20 PM,84.54744,35.88842,-35.5785,42.68498
4/10/23,12:52:25 PM,84.55162,35.88804,-35.57766,42.69216
4/10/23,12:52:30 PM,84.55342,35.88792,-35.57766,42.70026
4/10/23,12:52:35 PM,84.57202,35.88812,-35.5776,42.70862
4/10/23,12:52:40 PM,84.5622,35.88896,-35.57818,42.71618
4/10/23,12:52:45 PM,84.55646,35.88788,-35.57792,42.72424
4/10/23,12:52:50 PM,84.56308,35.88824,-35.57768,42.73146
4/10/23,12:52:55 PM,84.56678,35.88826,-35.57824,42.73872
4/10/23,12:53:00 PM,84.55888,35.88954,-35.57842,42.74688
4/10/23,12:53:05 PM,84.56454,35.889,-35.5784,42.7547
4/10/23,12:53:10 PM,84.55868,35.88896,-35.57882,42.76146
4/10/23,12:53:15 PM,84.54696,35.8887,-35.57818,42.76928
4/10/23,12:53:20 PM,84.55288,35.8886,-35.57716,42.7766
4/10/23,12:53:25 PM,84.54706,35.88804,-35.5779,42.78404
4/10/23,12:53:30 PM,84.52648,35.88844,-35.57892,42.79186
4/10/23,12:53:35 PM,84.5446,35.88878,-35.57814,42.79952
4/10/23,12:53:40 PM,84.54274,35.889,-35.57842,42.80694
4/10/23,12:53:45 PM,84.53588,35.88806,-35.57892,42.8127
4/10/23,12:53:50 PM,84.53642,35.88872,-35.57822,42.82116
4/10/23,12:53:55 PM,84.54958,35.8888,-35.57782,42.82738
4/10/23,12:54:00 PM,84.53678,35.88886,-35.5784,42.83448
4/10/23,12:54:05 PM,84.5376,35.88888,-35.57754,42.84238
4/10/23,12:54:10 PM,84.54044,35.88996,-35.57824,42.84954
4/10/23,12:54:15 PM,84.53256,35.8889,-35.578,42.85684
4/10/23,12:54:20 PM,84.53366,35.88896,-35.57756,42.86344
4/10/23,12:54:25 PM,84.54374,35.88898,-35.57832,42.8708
4/10/23,12:54:30 PM,84.53232,35.88936,-35.57772,42.8777
4/10/23,12:54:35 PM,84.53054,35.88884,-35.5788,42.88522
4/10/23,12:54:40 PM,84.53362,35.88876,-35.57754,42.89164
4/10/23,12:54:45 PM,84.52516,35.8891,-35.5784,42.89788
4/10/23,12:54:50 PM,84.54074,35.88946,-35.57756,42.9048
4/10/23,12:54:55 PM,84.52464,35.88894,-35.57766,42.91176
4/10/23,12:55:00 PM,84.51968,35.88866,-35.57846,42.91918
4/10/23,12:55:05 PM,84.5064,35.88918,-35.5777,42.92624
4/10/23,12:55:10 PM,84.49744,35.88896,-35.57884,42.93288
4/10/23,12:55:15 PM,84.4909,35.88896,-35.57844,42.93948
4/10/23,12:55:20 PM,84.49256,35.88914,-35.57796,42.94612
4/10/23,12:55:25 PM,84.4826,35.88946,-35.5788,42.9542
4/10/23,12:55:30 PM,84.48512,35.88892,-35.57804,42.9599
4/10/23,12:55:35 PM,84.4685,35.88912,-35.57826,42.96558
4/10/23,12:55:40 PM,84.46198,35.89002,-35.57824,42.97204
4/10/23,12:55:45 PM,84.4745,35.88994,-35.57866,42.97942
4/10/23,12:55:50 PM,84.47636,35.89008,-35.57812,42.98596
4/10/23,12:55:55 PM,84.46382,35.88952,-35.57818,42.99192
4/10/23,12:56:00 PM,84.47702,35.88988,-35.57774,42.999
4/10/23,12:56:05 PM,84.4868,35.88958,-35.5779,43.006
4/10/23,12:56:10 PM,84.49012,35.88924,-35.57804,43.01206
4/10/23,12:56:15 PM,84.49718,35.88938,-35.5777,43.01742
4/10/23,12:56:20 PM,84.49166,35.89006,-35.57776,43.02434
4/10/23,12:56:25 PM,84.50658,35.88866,-35.57736,43.03062
4/10/23,12:56:30 PM,84.47584,35.88966,-35.57834,43.03638
4/10/23,12:56:35 PM,84.46522,35.88926,-35.57822,43.04362
4/10/23,12:56:40 PM,84.45542,35.88992,-35.57784,43.04978
4/10/23,12:56:45 PM,84.45604,35.88994,-35.57788,43.05658
4/10/23,12:56:50 PM,84.45574,35.8897,-35.57742,43.0622
4/10/23,12:56:55 PM,84.46768,35.88956,-35.57792,43.06864
4/10/23,12:57:00 PM,84.44164,35.8897,-35.57746,43.0754
4/10/23,12:57:05 PM,84.44376,35.88968,-35.57838,43.08142
4/10/23,12:57:10 PM,84.44856,35.88918,-35.57756,43.08654
4/10/23,12:57:15 PM,84.43762,35.88934,-35.57872,43.09286
4/10/23,12:57:20 PM,84.4341,35.88992,-35.5777,43.09912
4/10/23,12:57:25 PM,84.441,35.89022,-35.5784,43.10448
4/10/23,12:57:30 PM,84.41914,35.8901,-35.5784,43.11142
4/10/23,12:57:35 PM,84.43622,35.8902,-35.57838,43.1165
4/10/23,12:57:40 PM,84.44838,35.89012,-35.5782,43.12322
4/10/23,12:57:45 PM,84.44342,35.89018,-35.5784,43.1289
4/10/23,12:57:50 PM,84.42524,35.89014,-35.5787,43.1345
4/10/23,12:57:55 PM,84.43282,35.8898,-35.5777,43.14082
4/10/23,12:58:00 PM,84.43394,35.88896,-35.57866,43.1465
4/10/23,12:58:05 PM,84.4513,35.89022,-35.57776,43.1516
4/10/23,12:58:10 PM,84.44218,35.88998,-35.57892,43.15752
4/10/23,12:58:15 PM,84.44286,35.89014,-35.57776,43.16392
4/10/23,12:58:20 PM,84.43618,35.89056,-35.5785,43.16946
4/10/23,12:58:25 PM,84.42162,35.89016,-35.57814,43.17518
4/10/23,12:58:30 PM,84.4171,35.89044,-35.57856,43.18124
4/10/23,12:58:35 PM,84.40358,35.89032,-35.5785,43.18724
4/10/23,12:58:40 PM,84.42076,35.89078,-35.57816,43.19256
4/10/23,12:58:45 PM,84.42418,35.8902,-35.57898,43.19898
4/10/23,12:58:50 PM,84.447,35.89124,-35.57784,43.20348
4/10/23,12:58:55 PM,84.44538,35.8904,-35.57832,43.20942
4/10/23,12:59:00 PM,84.43654,35.8909,-35.5784,43.21578
4/10/23,12:59:05 PM,84.45078,35.89056,-35.57908,43.22058
4/10/23,12:59:10 PM,84.43286,35.89098,-35.57898,43.2263
4/10/23,12:59:15 PM,84.44216,35.89072,-35.579,43.23104
4/10/23,12:59:20 PM,84.43766,35.89168,-35.57762,43.23706
4/10/23,12:59:25 PM,84.44358,35.89088,-35.578,43.24302
4/10/23,12:59:30 PM,84.42946,35.89036,-35.57886,43.24786
4/10/23,12:59:35 PM,84.43092,35.8904,-35.57898,43.254
4/10/23,12:59:40 PM,84.44352,35.89172,-35.57888,43.259
4/10/23,12:59:45 PM,84.44662,35.89158,-35.57856,43.26454
4/10/23,12:59:50 PM,84.45878,35.8913,-35.5791,43.27028
4/10/23,12:59:55 PM,84.4395,35.89164,-35.57878,43.2751
4/10/23,1:00:00 PM,84.44608,35.8915,-35.57802,43.28108
4/10/23,1:00:05 PM,84.43814,35.89126,-35.57908,43.28622
4/10/23,1:00:10 PM,84.46008,35.89152,-35.5788,43.2912
4/10/23,1:00:15 PM,84.45888,35.89142,-35.57918,43.29686
4/10/23,1:00:20 PM,84.45964,35.89124,-35.57896,43.30276
4/10/23,1:00:25 PM,84.45392,35.8913,-35.57838,43.30842
4/10/23,1:00:30 PM,84.47356,35.8911,-35.57874,43.31288
4/10/23,1:00:35 PM,84.45216,35.8909,-35.57914,43.31792
4/10/23,1:00:40 PM,84.4607,35.89146,-35.57898,43.32244
4/10/23,1:00:45 PM,84.47692,35.89188,-35.57962,43.32884
4/10/23,1:00:50 PM,84.46344,35.89098,-35.57854,43.33342
4/10/23,1:00:55 PM,84.4688,35.89118,-35.57818,43.33896
4/10/23,1:01:00 PM,84.45726,35.89132,-35.5793,43.3438
4/10/23,1:01:05 PM,84.45142,35.89136,-35.57886,43.34916
4/10/23,1:01:10 PM,84.47176,35.8918,-35.57866,43.35484
4/10/23,1:01:15 PM,84.45452,35.89146,-35.57902,43.36
4/10/23,1:01:20 PM,84.46026,35.89202,-35.57946,43.36386
4/10/23,1:01:25 PM,84.4554,35.89288,-35.57982,43.36948
4/10/23,1:01:30 PM,84.44756,35.89352,-35.57978,43.37476
4/10/23,1:01:35 PM,84.44622,35.8931,-35.57928,43.38022
4/10/23,1:01:40 PM,84.44892,35.89306,-35.57948,43.3845
4/10/23,1:01:45 PM,84.44132,35.8931,-35.58002,43.39022
4/10/23,1:01:50 PM,84.44792,35.89312,-35.57976,43.3949
4/10/23,1:01:55 PM,84.4582,35.89348,-35.57966,43.4
4/10/23,1:02:00 PM,84.44472,35.89372,-35.5806,43.405
4/10/23,1:02:05 PM,84.4458,35.89324,-35.58,43.4093
4/10/23,1:02:10 PM,84.44044,35.89354,-35.58112,43.41412
4/10/23,1:02:15 PM,84.44726,35.8944,-35.5802,43.41928
4/10/23,1:02:20 PM,84.4475,35.8936,-35.5808,43.42462
4/10/23,1:02:25 PM,84.45498,35.89402,-35.58176,43.42962
4/10/23,1:02:30 PM,84.47862,35.89474,-35.58046,43.43412
4/10/23,1:02:35 PM,84.47058,35.89396,-35.5796,43.43894
4/10/23,1:02:40 PM,84.48176,35.89396,-35.58088,43.4432
4/10/23,1:02:45 PM,84.45962,35.89412,-35.58106,43.44814
4/10/23,1:02:50 PM,84.45796,35.89414,-35.58134,43.45298
4/10/23,1:02:55 PM,84.44944,35.89432,-35.58026,43.45776
4/10/23,1:03:00 PM,84.47152,35.89458,-35.58064,43.46328
4/10/23,1:03:05 PM,84.47196,35.89404,-35.58134,43.4677
4/10/23,1:03:10 PM,84.45436,35.89412,-35.58082,43.47218
4/10/23,1:03:15 PM,84.45904,35.89444,-35.5806,43.477
4/10/23,1:03:20 PM,84.48944,35.89462,-35.58146,43.48196
4/10/23,1:03:25 PM,84.4887,35.89424,-35.58114,43.48682
4/10/23,1:03:30 PM,84.47322,35.89492,-35.58122,43.492
4/10/23,1:03:35 PM,84.46898,35.89378,-35.58042,43.49734
4/10/23,1:03:40 PM,84.48946,35.89418,-35.58092,43.5016
4/10/23,1:03:45 PM,84.49652,35.89492,-35.58168,43.50518
4/10/23,1:03:50 PM,84.49714,35.89462,-35.58152,43.51064
4/10/23,1:03:55 PM,84.5021,35.8945,-35.5817,43.51548
4/10/23,1:04:00 PM,84.49918,35.89432,-35.58094,43.52032
4/10/23,1:04:05 PM,84.49262,35.8943,-35.58136,43.52494
4/10/23,1:04:10 PM,84.48968,35.89486,-35.58224,43.53004
4/10/23,1:04:15 PM,84.48974,35.89428,-35.58048,43.53494
4/10/23,1:04:20 PM,84.4726,35.8941,-35.58188,43.53906
4/10/23,1:04:25 PM,84.49356,35.89526,-35.58082,43.5434
4/10/23,1:04:30 PM,84.49428,35.89446,-35.58194,43.54914
4/10/23,1:04:35 PM,84.48418,35.8943,-35.58196,43.55358
4/10/23,1:04:40 PM,84.50914,35.8947,-35.5821,43.55874
4/10/23,1:04:45 PM,84.50064,35.89412,-35.58222,43.56376
4/10/23,1:04:50 PM,84.49974,35.89436,-35.58164,43.56854
4/10/23,1:04:55 PM,84.48338,35.89476,-35.58152,43.57352
4/10/23,1:05:00 PM,84.49284,35.89464,-35.58198,43.57804
4/10/23,1:05:05 PM,84.5064,35.89532,-35.58224,43.58398
4/10/23,1:05:10 PM,84.50438,35.8947,-35.58162,43.58732
4/10/23,1:05:15 PM,84.48922,35.89438,-35.58164,43.59256
4/10/23,1:05:20 PM,84.49252,35.89454,-35.58128,43.5964
4/10/23,1:05:25 PM,84.5058,35.89444,-35.58196,43.6025
4/10/23,1:05:30 PM,84.49344,35.89452,-35.58238,43.6078
4/10/23,1:05:35 PM,84.51188,35.89404,-35.58126,43.61246
4/10/23,1:05:40 PM,84.51086,35.89406,-35.58128,43.6177
4/10/23,1:05:45 PM,84.51326,35.89464,-35.58204,43.62242
4/10/23,1:05:50 PM,84.51358,35.89468,-35.58162,43.62654
4/10/23,1:05:55 PM,84.52198,35.8942,-35.58176,43.63176
4/10/23,1:06:00 PM,84.50246,35.89442,-35.582,43.63652
4/10/23,1:06:05 PM,84.5129,35.89392,-35.58196,43.642
4/10/23,1:06:10 PM,84.52736,35.89384,-35.58174,43.64724
4/10/23,1:06:15 PM,84.51126,35.89318,-35.58142,43.65144
4/10/23,1:06:20 PM,84.53108,35.89358,-35.58154,43.65786
4/10/23,1:06:25 PM,84.5299,35.89396,-35.58192,43.66202
4/10/23,1:06:30 PM,84.53242,35.89392,-35.58202,43.66766
4/10/23,1:06:35 PM,84.53354,35.89374,-35.58102,43.67248
4/10/23,1:06:40 PM,84.52914,35.89436,-35.58064,43.67744
4/10/23,1:06:45 PM,84.53108,35.89412,-35.5815,43.6822
4/10/23,1:06:50 PM,84.53982,35.89364,-35.58164,43.68752
4/10/23,1:06:55 PM,84.53538,35.89408,-35.58064,43.69342
4/10/23,1:07:00 PM,84.5266,35.8933,-35.5801,43.69836
4/10/23,1:07:05 PM,84.53472,35.89408,-35.58144,43.7037
4/10/23,1:07:10 PM,84.54646,35.894,-35.58124,43.70778
4/10/23,1:07:15 PM,84.55308,35.89306,-35.58124,43.71362
4/10/23,1:07:20 PM,84.53924,35.89278,-35.58146,43.7191
4/10/23,1:07:25 PM,84.53786,35.89308,-35.58154,43.72358
4/10/23,1:07:30 PM,84.54202,35.89302,-35.58042,43.7299
4/10/23,1:07:35 PM,84.5348,35.89276,-35.58086,43.7349
4/10/23,1:07:40 PM,84.54528,35.89298,-35.58062,43.73934
4/10/23,1:07:45 PM,84.5446,35.89268,-35.58048,43.74476
4/10/23,1:07:50 PM,84.55722,35.89268,-35.58118,43.7514
4/10/23,1:07:55 PM,84.56654,35.89234,-35.58112,43.75528
4/10/23,1:08:00 PM,84.57534,35.89212,-35.58032,43.76162
4/10/23,1:08:05 PM,84.55702,35.89234,-35.5801,43.7668
4/10/23,1:08:10 PM,84.54646,35.89238,-35.5813,43.77234
4/10/23,1:08:15 PM,84.54338,35.89182,-35.58036,43.77704
4/10/23,1:08:20 PM,84.5445,35.89178,-35.58074,43.78292
4/10/23,1:08:25 PM,84.53692,35.8924,-35.58066,43.7875
4/10/23,1:08:30 PM,84.55228,35.89176,-35.58016,43.79282
4/10/23,1:08:35 PM,84.5407,35.89172,-35.57986,43.79808
4/10/23,1:08:40 PM,84.53864,35.89166,-35.58124,43.80376
4/10/23,1:08:45 PM,84.54222,35.89172,-35.5797,43.80932
4/10/23,1:08:50 PM,84.53256,35.89192,-35.58094,43.81434
4/10/23,1:08:55 PM,84.53906,35.8916,-35.57936,43.82028
4/10/23,1:09:00 PM,84.5603,35.89174,-35.5788,43.8252
4/10/23,1:09:05 PM,84.54386,35.89216,-35.58068,43.83106
4/10/23,1:09:10 PM,84.55646,35.8917,-35.5793,43.83672
4/10/23,1:09:15 PM,84.54282,35.89166,-35.57958,43.84142
4/10/23,1:09:20 PM,84.54912,35.89118,-35.57948,43.84776
4/10/23,1:09:25 PM,84.5505,35.89136,-35.57926,43.85206
4/10/23,1:09:30 PM,84.55866,35.89056,-35.57932,43.85724
4/10/23,1:09:35 PM,84.53758,35.89062,-35.58034,43.86322
4/10/23,1:09:40 PM,84.54194,35.89014,-35.57898,43.8688
4/10/23,1:09:45 PM,84.5615,35.89062,-35.57892,43.8744
4/10/23,1:09:50 PM,84.55208,35.89112,-35.57944,43.8793
4/10/23,1:09:55 PM,84.54708,35.89026,-35.57924,43.88446
4/10/23,1:10:00 PM,84.53796,35.89034,-35.57896,43.88988
4/10/23,1:10:05 PM,84.55018,35.88994,-35.57896,43.89578
4/10/23,1:10:10 PM,84.53604,35.89012,-35.57856,43.90086
4/10/23,1:10:15 PM,84.54478,35.8896,-35.57928,43.90662
4/10/23,1:10:20 PM,84.52936,35.89044,-35.57918,43.91188
4/10/23,1:10:25 PM,84.52544,35.8896,-35.5782,43.91804
4/10/23,1:10:30 PM,84.5469,35.89006,-35.57894,43.9219
4/10/23,1:10:35 PM,84.52496,35.8896,-35.57938,43.9278
4/10/23,1:10:40 PM,84.54546,35.88906,-35.5789,43.93304
4/10/23,1:10:45 PM,84.5274,35.8901,-35.57814,43.93872
4/10/23,1:10:50 PM,84.5303,35.8888,-35.57788,43.94516
4/10/23,1:10:55 PM,84.55326,35.88968,-35.57836,43.94914
4/10/23,1:11:00 PM,84.53138,35.88932,-35.57802,43.95518
4/10/23,1:11:05 PM,84.53328,35.88892,-35.57842,43.96086
4/10/23,1:11:10 PM,84.55564,35.88898,-35.57746,43.96506
4/10/23,1:11:15 PM,84.54198,35.89006,-35.57758,43.97144
4/10/23,1:11:20 PM,84.53484,35.88962,-35.5774,43.9771
4/10/23,1:11:25 PM,84.545,35.88848,-35.57702,43.98218
4/10/23,1:11:30 PM,84.52874,35.88832,-35.5769,43.98738
4/10/23,1:11:35 PM,84.52106,35.88808,-35.57762,43.99284
4/10/23,1:11:40 PM,84.52844,35.88854,-35.5777,43.99834
4/10/23,1:11:45 PM,84.5312,35.88956,-35.57566,44.00348
4/10/23,1:11:50 PM,84.52036,35.8888,-35.57798,44.00924
4/10/23,1:11:55 PM,84.52298,35.8887,-35.5774,44.01358
4/10/23,1:12:00 PM,84.51666,35.888,-35.57642,44.02066
4/10/23,1:12:05 PM,84.51426,35.88838,-35.57636,44.02544
4/10/23,1:12:10 PM,84.5116,35.88756,-35.57722,44.03076
4/10/23,1:12:15 PM,84.4979,35.88788,-35.5768,44.03684
4/10/23,1:12:20 PM,84.49392,35.88838,-35.57592,44.04142
4/10/23,1:12:25 PM,84.50054,35.8881,-35.57582,44.04698
4/10/23,1:12:30 PM,84.48738,35.8878,-35.57734,44.05258
4/10/23,1:12:35 PM,84.51906,35.88746,-35.57534,44.05816
4/10/23,1:12:40 PM,84.51204,35.88742,-35.57628,44.06344
4/10/23,1:12:45 PM,84.507,35.88784,-35.5766,44.06814
4/10/23,1:12:50 PM,84.52272,35.88736,-35.57652,44.07418
4/10/23,1:12:55 PM,84.53306,35.8876,-35.57542,44.07968
4/10/23,1:13:00 PM,84.52458,35.88746,-35.57496,44.08518
4/10/23,1:13:05 PM,84.5154,35.88744,-35.57456,44.08888
4/10/23,1:13:10 PM,84.5088,35.88718,-35.5757,44.09568
4/10/23,1:13:15 PM,84.51528,35.88654,-35.57532,44.1003
4/10/23,1:13:20 PM,84.50186,35.88622,-35.57526,44.10584
4/10/23,1:13:25 PM,84.4843,35.88704,-35.57434,44.11144
4/10/23,1:13:30 PM,84.50908,35.88732,-35.57502,44.11664
4/10/23,1:13:35 PM,84.52196,35.88652,-35.57524,44.1217
4/10/23,1:13:40 PM,84.51876,35.88574,-35.57428,44.12804
4/10/23,1:13:45 PM,84.51794,35.88608,-35.5752,44.13284
4/10/23,1:13:50 PM,84.5175,35.88626,-35.57528,44.13798
4/10/23,1:13:55 PM,84.49496,35.88654,-35.57448,44.14248
4/10/23,1:14:00 PM,84.50718,35.88616,-35.57504,44.14932
4/10/23,1:14:05 PM,84.4943,35.88574,-35.57516,44.15416
4/10/23,1:14:10 PM,84.4826,35.88566,-35.57372,44.159
4/10/23,1:14:15 PM,84.48876,35.88622,-35.57418,44.16338
4/10/23,1:14:20 PM,84.48438,35.88538,-35.57404,44.1695
4/10/23,1:14:25 PM,84.488,35.88558,-35.57416,44.17482
4/10/23,1:14:30 PM,84.48266,35.88542,-35.57474,44.18046
4/10/23,1:14:35 PM,84.503,35.88462,-35.5739,44.1853
4/10/23,1:14:40 PM,84.49698,35.88544,-35.57354,44.19058
4/10/23,1:14:45 PM,84.51234,35.88506,-35.57414,44.19512
4/10/23,1:14:50 PM,84.48712,35.88458,-35.57366,44.20058
4/10/23,1:14:55 PM,84.49026,35.8844,-35.57362,44.20578
4/10/23,1:15:00 PM,84.46554,35.88466,-35.57324,44.21138
4/10/23,1:15:05 PM,84.48034,35.88434,-35.57374,44.2169
4/10/23,1:15:10 PM,84.48808,35.88518,-35.57266,44.22238
4/10/23,1:15:15 PM,84.47684,35.88448,-35.5729,44.22712
4/10/23,1:15:20 PM,84.47862,35.88406,-35.57202,44.23168
4/10/23,1:15:25 PM,84.48054,35.88466,-35.57216,44.2372
4/10/23,1:15:30 PM,84.48236,35.88458,-35.5728,44.24248
4/10/23,1:15:35 PM,84.47448,35.88394,-35.57288,44.2474
4/10/23,1:15:40 PM,84.47006,35.88386,-35.57272,44.2523
4/10/23,1:15:45 PM,84.455,35.88436,-35.57182,44.2585
4/10/23,1:15:50 PM,84.4669,35.8838,-35.57298,44.26256
4/10/23,1:15:55 PM,84.46738,35.88358,-35.57248,44.26872
4/10/23,1:16:00 PM,84.46736,35.88432,-35.57208,44.2734
4/10/23,1:16:05 PM,84.4597,35.88292,-35.57208,44.2778
4/10/23,1:16:10 PM,84.4443,35.88264,-35.57202,44.28272
4/10/23,1:16:15 PM,84.43908,35.88366,-35.57174,44.28798
4/10/23,1:16:20 PM,84.41856,35.88284,-35.57226,44.29304
4/10/23,1:16:25 PM,84.44492,35.8831,-35.5719,44.29802
4/10/23,1:16:30 PM,84.45408,35.88262,-35.57162,44.3031
4/10/23,1:16:35 PM,84.442,35.8831,-35.5718,44.30804
4/10/23,1:16:40 PM,84.43808,35.88236,-35.5715,44.31394
4/10/23,1:16:45 PM,84.45406,35.88202,-35.57068,44.31764
4/10/23,1:16:50 PM,84.43512,35.88198,-35.57008,44.32404
4/10/23,1:16:55 PM,84.44194,35.88228,-35.57164,44.32824
4/10/23,1:17:00 PM,84.43872,35.88266,-35.5717,44.33294
4/10/23,1:17:05 PM,84.45018,35.88258,-35.57084,44.33822
4/10/23,1:17:10 PM,84.44746,35.88176,-35.57196,44.34272
4/10/23,1:17:15 PM,84.45818,35.88242,-35.57066,44.3475
4/10/23,1:17:20 PM,84.46988,35.8823,-35.57028,44.35318
4/10/23,1:17:25 PM,84.4627,35.88188,-35.57062,44.35898
4/10/23,1:17:30 PM,84.45796,35.88172,-35.57078,44.36246
4/10/23,1:17:35 PM,84.4724,35.88124,-35.57032,44.3677
4/10/23,1:17:40 PM,84.46198,35.88188,-35.5703,44.37166
4/10/23,1:17:45 PM,84.45446,35.88132,-35.5709,44.37646
4/10/23,1:17:50 PM,84.4498,35.88186,-35.57042,44.38126
4/10/23,1:17:55 PM,84.45504,35.8817,-35.5703,44.38624
4/10/23,1:18:00 PM,84.45958,35.88084,-35.57082,44.39104
4/10/23,1:18:05 PM,84.44228,35.8814,-35.5696,44.39638
4/10/23,1:18:10 PM,84.45002,35.88044,-35.56994,44.40046
4/10/23,1:18:15 PM,84.43776,35.88116,-35.5696,44.4057
4/10/23,1:18:20 PM,84.44138,35.88142,-35.56994,44.41
4/10/23,1:18:25 PM,84.43476,35.88062,-35.56956,44.41516
4/10/23,1:18:30 PM,84.43368,35.88132,-35.56908,44.41912
4/10/23,1:18:35 PM,84.43304,35.88128,-35.56948,44.42424
4/10/23,1:18:40 PM,84.4364,35.88002,-35.56866,44.4287
4/10/23,1:18:45 PM,84.44174,35.88098,-35.56962,44.4324
4/10/23,1:18:50 PM,84.43898,35.88054,-35.57052,44.4375
4/10/23,1:18:55 PM,84.44094,35.8803,-35.56938,44.4408
4/10/23,1:19:00 PM,84.4522,35.88096,-35.56882,44.44654
4/10/23,1:19:05 PM,84.43604,35.8806,-35.56944,44.44994
4/10/23,1:19:10 PM,84.4443,35.88008,-35.5679,44.45582
4/10/23,1:19:15 PM,84.443,35.88002,-35.56806,44.45916
4/10/23,1:19:20 PM,84.43648,35.88034,-35.5692,44.46324
4/10/23,1:19:25 PM,84.42316,35.8806,-35.56884,44.46732
4/10/23,1:19:30 PM,84.41714,35.87988,-35.56868,44.47162
4/10/23,1:19:35 PM,84.40024,35.8802,-35.56932,44.47654
4/10/23,1:19:40 PM,84.40968,35.8789,-35.56896,44.47972
4/10/23,1:19:45 PM,84.40932,35.87934,-35.56754,44.48458
4/10/23,1:19:50 PM,84.394,35.87932,-35.56818,44.4886
4/10/23,1:19:55 PM,84.3928,35.8791,-35.56738,44.49206
4/10/23,1:20:00 PM,84.39612,35.87978,-35.56858,44.49654
4/10/23,1:20:05 PM,84.38588,35.87898,-35.5686,44.50028
4/10/23,1:20:10 PM,84.39804,35.87934,-35.56744,44.5045
4/10/23,1:20:15 PM,84.42782,35.87862,-35.56776,44.509
4/10/23,1:20:20 PM,84.4186,35.8794,-35.56802,44.51234
4/10/23,1:20:25 PM,84.42878,35.87924,-35.56722,44.51596
4/10/23,1:20:30 PM,84.41778,35.8792,-35.56736,44.51962
4/10/23,1:20:35 PM,84.41366,35.87882,-35.5676,44.52282
4/10/23,1:20:40 PM,84.40922,35.8795,-35.56772,44.5267
4/10/23,1:20:45 PM,84.39456,35.87876,-35.56806,44.5305
4/10/23,1:20:50 PM,84.3975,35.8787,-35.56714,44.53436
4/10/23,1:20:55 PM,84.40462,35.87864,-35.5678,44.5378
4/10/23,1:21:00 PM,84.40486,35.87874,-35.56788,44.54064
4/10/23,1:21:05 PM,84.39926,35.8785,-35.56742,44.54616
4/10/23,1:21:10 PM,84.40484,35.879,-35.56716,44.54882
4/10/23,1:21:15 PM,84.4056,35.87754,-35.56676,44.55252
4/10/23,1:21:20 PM,84.40416,35.87728,-35.56652,44.55572
4/10/23,1:21:25 PM,84.40434,35.8788,-35.56704,44.55858
4/10/23,1:21:30 PM,84.3959,35.8779,-35.56666,44.56142
4/10/23,1:21:35 PM,84.3821,35.878,-35.56664,44.56522
4/10/23,1:21:40 PM,84.37634,35.87772,-35.56594,44.5688
4/10/23,1:21:45 PM,84.37358,35.8779,-35.56726,44.57284
4/10/23,1:21:50 PM,84.39114,35.87862,-35.5662,44.5753
4/10/23,1:21:55 PM,84.37932,35.87806,-35.56662,44.57942
4/10/23,1:22:00 PM,84.38126,35.87766,-35.56632,44.58254
4/10/23,1:22:05 PM,84.378,35.87728,-35.56646,44.58586
4/10/23,1:22:10 PM,84.35874,35.8769,-35.56626,44.5876
4/10/23,1:22:15 PM,84.37692,35.87688,-35.5665,44.5914
4/10/23,1:22:20 PM,84.37374,35.87778,-35.56694,44.59352
4/10/23,1:22:25 PM,84.38202,35.8773,-35.5659,44.59748
4/10/23,1:22:30 PM,84.39338,35.87762,-35.5661,44.60026
4/10/23,1:22:35 PM,84.3847,35.87652,-35.56624,44.60256
4/10/23,1:22:40 PM,84.38954,35.8762,-35.56548,44.60622
4/10/23,1:22:45 PM,84.36788,35.87712,-35.56638,44.60892
4/10/23,1:22:50 PM,84.36612,35.87764,-35.5664,44.61192
4/10/23,1:22:55 PM,84.3567,35.87722,-35.56568,44.61416
4/10/23,1:23:00 PM,84.36938,35.87646,-35.56598,44.61688
4/10/23,1:23:05 PM,84.36326,35.87656,-35.56552,44.61978
4/10/23,1:23:10 PM,84.35854,35.87702,-35.5654,44.62286
4/10/23,1:23:15 PM,84.34892,35.87682,-35.56506,44.62538
4/10/23,1:23:20 PM,84.34688,35.8759,-35.56596,44.62774
4/10/23,1:23:25 PM,84.3369,35.87642,-35.56544,44.63102
4/10/23,1:23:30 PM,84.3149,35.8763,-35.56602,44.6334
4/10/23,1:23:35 PM,84.33388,35.87638,-35.56534,44.63642
4/10/23,1:23:40 PM,84.3289,35.87666,-35.56512,44.63878
4/10/23,1:23:45 PM,84.3505,35.8762,-35.56454,44.64144
4/10/23,1:23:50 PM,84.35514,35.87566,-35.56484,44.64326
4/10/23,1:23:55 PM,84.33134,35.87622,-35.5652,44.6464
4/10/23,1:24:00 PM,84.3349,35.8759,-35.56526,44.64802
4/10/23,1:24:05 PM,84.33478,35.87594,-35.56472,44.65116
4/10/23,1:24:10 PM,84.33282,35.87536,-35.56498,44.65286
4/10/23,1:24:15 PM,84.34616,35.87586,-35.5652,44.65568
4/10/23,1:24:20 PM,84.34346,35.87476,-35.56488,44.65742
4/10/23,1:24:25 PM,84.34122,35.87558,-35.56488,44.66034
4/10/23,1:24:30 PM,84.34016,35.87534,-35.56464,44.66218
4/10/23,1:24:35 PM,84.33496,35.87524,-35.56522,44.66398
4/10/23,1:24:40 PM,84.34072,35.87604,-35.56532,44.66798
4/10/23,1:24:45 PM,84.32624,35.87578,-35.56498,44.66984
4/10/23,1:24:50 PM,84.31202,35.8758,-35.56452,44.6718
4/10/23,1:24:55 PM,84.31516,35.8757,-35.56374,44.67434
4/10/23,1:25:00 PM,84.31976,35.87562,-35.56504,44.6759
4/10/23,1:25:05 PM,84.30398,35.87644,-35.56478,44.67846
4/10/23,1:25:10 PM,84.3026,35.8753,-35.56452,44.68018
4/10/23,1:25:15 PM,84.3055,35.87482,-35.56416,44.68224
4/10/23,1:25:20 PM,84.2995,35.87474,-35.56416,44.68492
4/10/23,1:25:25 PM,84.30794,35.87478,-35.56402,44.68708
4/10/23,1:25:30 PM,84.31412,35.87626,-35.56398,44.6883
4/10/23,1:25:35 PM,84.3106,35.875,-35.5632,44.68972
4/10/23,1:25:40 PM,84.3298,35.87442,-35.56304,44.69268
4/10/23,1:25:45 PM,84.3152,35.87534,-35.56352,44.6941
4/10/23,1:25:50 PM,84.32298,35.87596,-35.5636,44.69642
4/10/23,1:25:55 PM,84.3102,35.8754,-35.56312,44.69796
4/10/23,1:26:00 PM,84.31226,35.87526,-35.564,44.70008
4/10/23,1:26:05 PM,84.30714,35.87424,-35.56372,44.70268
4/10/23,1:26:10 PM,84.29756,35.87552,-35.56462,44.70434
4/10/23,1:26:15 PM,84.29798,35.87454,-35.56308,44.7054
4/10/23,1:26:20 PM,84.31136,35.87538,-35.56444,44.70754
4/10/23,1:26:25 PM,84.30088,35.87528,-35.56314,44.70916
4/10/23,1:26:30 PM,84.3057,35.87418,-35.56366,44.71108
4/10/23,1:26:35 PM,84.31912,35.8748,-35.56366,44.71334
4/10/23,1:26:40 PM,84.30086,35.87458,-35.56246,44.71456
4/10/23,1:26:45 PM,84.32286,35.87454,-35.5632,44.71686
4/10/23,1:26:50 PM,84.29178,35.87416,-35.5631,44.71816
4/10/23,1:26:55 PM,84.29208,35.87402,-35.56376,44.71976
4/10/23,1:27:00 PM,84.30172,35.87454,-35.56386,44.72108
4/10/23,1:27:05 PM,84.29008,35.87484,-35.5636,44.72378
4/10/23,1:27:10 PM,84.31474,35.87428,-35.56344,44.72544
4/10/23,1:27:15 PM,84.38078,35.87464,-35.56232,44.7256
4/10/23,1:27:20 PM,84.4344,35.8745,-35.56196,44.72662
4/10/23,1:27:25 PM,84.41192,35.87428,-35.56294,44.72702
4/10/23,1:27:30 PM,84.39852,35.87358,-35.5622,44.72882
4/10/23,1:27:35 PM,84.36894,35.87382,-35.56256,44.73038
4/10/23,1:27:40 PM,84.37248,35.87374,-35.56346,44.73316
4/10/23,1:27:45 PM,84.39876,35.87466,-35.56262,44.7345
4/10/23,1:27:50 PM,84.3933,35.87486,-35.56188,44.73624
4/10/23,1:27:55 PM,84.37882,35.87518,-35.56284,44.73804
4/10/23,1:28:00 PM,84.3679,35.87456,-35.5632,44.73958
4/10/23,1:28:05 PM,84.35656,35.87466,-35.56182,44.7488
4/10/23,1:28:10 PM,84.4263,35.8752,-35.56286,44.7414
4/10/23,1:28:15 PM,84.4526,35.8751,-35.56222,44.76198
4/10/23,1:28:20 PM,84.40172,35.8734,-35.56202,44.7669
4/10/23,1:28:25 PM,84.38368,35.87406,-35.5611,44.7405
4/10/23,1:28:30 PM,84.39556,35.8739,-35.56124,44.70692
4/10/23,1:28:35 PM,84.37246,35.87412,-35.56238,44.67698
4/10/23,1:28:40 PM,84.29144,35.87312,-35.56198,44.60062
4/10/23,1:28:45 PM,84.14348,35.87318,-35.56158,44.4734
4/10/23,1:28:50 PM,84.09784,35.8736,-35.56186,44.2961
4/10/23,1:28:55 PM,84.06258,35.87316,-35.5621,44.13386
4/10/23,1:29:00 PM,84.01314,35.87336,-35.56378,44.01268