"date_time","logger","durafet","v1","v2","v3","v4","durafet_temp","p_h","hobo_temp","diff_temp"
2023-04-09 15:00:10,"madgetech","green",130.79052,35.86904,-35.32966,43.2794,0.766605392562545,9.46815899186153,4.759,3.99239460743746
2023-04-09 15:00:20,"arduino","red",103.75,36,34,45.37,-0.00680905140701915,8.36795840898931,4.77,4.77680905140702
2023-04-09 15:00:40,"madgetech","green",130.76284,35.86954,-35.32914,43.27108,0.768414031576658,9.46762046686372,4.738,3.96958596842334
2023-04-09 15:00:50,"arduino","red",103.78,36,34,45.37,-0.00680905140701915,8.36851194684977,4.748,4.75480905140702
2023-04-09 15:01:10,"madgetech","green",130.7576,35.8684,-35.32926,43.26304,0.76976505836107,9.46750221764459,4.727,3.95723494163893
2023-04-09 15:01:20,"arduino","red",103.75,36,34,45.37,-0.00680905140701915,8.36795840898931,4.748,4.75480905140702
2023-04-09 15:01:40,"madgetech","green",130.77128,35.86906,-35.3285,43.25408,0.771742877868352,9.46772194405394,4.738,3.96625712213165
2023-04-09 15:01:50,"arduino","red",103.72,36,34,45.34,-0.00026735001274136,8.36732517872757,4.748,4.74826735001274
2023-04-09 15:02:10,"madgetech","green",130.7513,35.86794,-35.32742,43.24486,0.773338430869029,9.46732854617358,4.716,3.94266156913097
2023-04-09 15:02:20,"arduino","red",103.72,36,34,45.31,0.00627654653289905,8.36724546340344,4.716,4.7097234534671
2023-04-09 15:02:40,"madgetech","green",130.72546,35.86824,-35.32652,43.23526,0.775358394458421,9.46682047802429,4.706,3.93064160554158
2023-04-09 15:02:50,"arduino","red",103.72,36,34.25,45.31,0.00627654653289905,8.36724546340344,4.706,4.6997234534671
2023-04-09 15:03:10,"madgetech","green",130.74302,35.86738,-35.32756,43.22458,0.777314074385405,9.46711194865453,4.684,3.9066859256146
2023-04-09 15:03:20,"arduino","red",103.69,36,34,45.28,0.012822639650711,8.36661222706399,4.706,4.69317736034929
2023-04-09 15:03:40,"madgetech","green",130.75146,35.86706,-35.32682,43.21502,0.779174857460311,9.46723715628062,4.695,3.91582514253969
2023-04-09 15:03:50,"arduino","red",103.66,36,33.75,45.28,0.012822639650711,8.36605872898523,4.706,4.69317736034929
2023-04-09 15:04:10,"madgetech","green",130.7333,35.86732,-35.32706,43.20504,0.781262799248216,9.4668692990817,4.695,3.91373720075178
2023-04-09 15:04:20,"arduino","red",103.62,36,34,45.25,0.0193709307628061,8.36524101456321,4.695,4.67562906923719
2023-04-09 15:04:40,"madgetech","green",130.72954,35.8671,-35.32618,43.19424,0.783400042452799,9.46676558251724,4.684,3.9005999575472
2023-04-09 15:04:50,"arduino","red",103.62,36,34,45.25,0.0193709307628061,8.36524101456321,4.684,4.66462906923719
2023-04-09 15:05:10,"madgetech","green",130.7071,35.8671,-35.32684,43.18318,0.785644072076115,9.46631646939371,4.695,3.90935592792389
2023-04-09 15:05:20,"arduino","red",103.59,36,34,45.22,0.0259214212925987,8.36460780308963,4.663,4.6370785787074
2023-04-09 15:05:40,"madgetech","green",130.70196,35.86748,-35.32558,43.16954,0.788504782718271,9.46617567999213,4.673,3.88449521728173
2023-04-09 15:05:50,"arduino","red",103.59,36,34,45.18,0.0346588324450686,8.3645014651523,4.663,4.62834116755493
2023-04-09 15:06:10,"madgetech","green",130.68372,35.86768,-35.32576,43.15786,0.790924118767241,9.46580101738427,4.652,3.86107588123276
2023-04-09 15:06:20,"arduino","red",103.59,36,34,45.15,0.0412144604928809,8.36442168489148,4.663,4.62178553950712
2023-04-09 15:06:40,"madgetech","green",130.70608,35.86772,-35.32584,43.14468,0.793609181326647,9.46616900098107,4.641,3.84739081867335
2023-04-09 15:06:50,"arduino","red",103.56,36,34,45.15,0.0412144604928809,8.36386824433587,4.663,4.62178553950712
2023-04-09 15:07:10,"madgetech","green",130.69684,35.86726,-35.3264,43.13012,0.79645275411316,9.4659530657578,4.663,3.86654724588684
2023-04-09 15:07:20,"arduino","red",103.53,36,34,45.12,0.0477722927131133,8.36323502709552,4.663,4.61522770728689
2023-04-09 15:07:40,"madgetech","green",130.6979,35.86664,-35.32626,43.11622,0.799123775291624,9.46592941164278,4.63,3.83087622470838
2023-04-09 15:07:50,"arduino","red",103.53,36,34,45.09,0.0543323305351351,8.36315522741116,4.63,4.57566766946487
2023-04-09 15:08:10,"madgetech","green",130.6968,35.86708,-35.32614,43.10246,0.802025574723349,9.46586229239496,4.652,3.84997442527665
2023-04-09 15:08:20,"arduino","red",103.5,36,34,45.06,0.0608945753896187,8.36252200402359,4.641,4.58010542461038
2023-04-09 15:08:40,"madgetech","green",130.68096,35.86686,-35.32602,43.08922,0.804661094127002,9.46552831053184,4.641,3.836338905873
2023-04-09 15:08:50,"arduino","red",103.5,36,34.25,45.06,0.0608945753896187,8.36252200402359,4.641,4.58010542461038
2023-04-09 15:09:10,"madgetech","green",130.67018,35.86642,-35.32688,43.07534,0.807373382116918,9.46528618093308,4.63,3.82262661788308
2023-04-09 15:09:20,"arduino","red",103.44,36,34,45.03,0.067459028708663,8.36133539680777,4.652,4.58454097129134
2023-04-09 15:09:40,"madgetech","green",130.66668,35.8675,-35.32646,43.0606,0.810631706279503,9.46516916055247,4.588,3.7773682937205
2023-04-09 15:09:50,"arduino","red",103.41,36,34.25,45,0.0740256919256697,8.36070219384856,4.609,4.53497430807433
2023-04-09 15:10:10,"madgetech","green",130.68026,35.86738,-35.32654,43.0438,0.814016413569337,9.46536430488594,4.609,3.79498358643066
2023-04-09 15:10:20,"arduino","red",103.41,36,34.25,45,0.0740256919256697,8.36070219384856,4.63,4.55597430807433
2023-04-09 15:10:40,"madgetech","green",130.68078,35.8673,-35.32636,43.02866,0.817074116129351,9.46532447808393,4.62,3.80292588387065
2023-04-09 15:10:50,"arduino","red",103.37,36,34,44.94,0.0871656537943109,8.35980469694232,4.598,4.51083434620569
2023-04-09 15:11:10,"madgetech","green",130.66784,35.86736,-35.3259,43.01318,0.820235617229083,9.46503537123967,4.598,3.77776438277092
2023-04-09 15:11:20,"arduino","red",103.41,36,33.75,44.93,0.0893565082087888,8.36051586790629,4.609,4.51964349179121
2023-04-09 15:11:40,"madgetech","green",130.65368,35.86848,-35.32614,42.99864,0.823464919859513,9.46472273369231,4.588,3.76453508014049
2023-04-09 15:11:50,"arduino","red",103.41,36,34.25,44.9,0.0959305481225755,8.36043597548809,4.598,4.50206945187742
2023-04-09 15:12:10,"madgetech","green",130.63634,35.86782,-35.32592,42.98418,0.826244534502285,9.46435886913585,4.588,3.76175546549772
2023-04-09 15:12:20,"arduino","red",103.37,36,34,44.9,0.0959305481225755,8.3596982025121,4.577,4.48106945187742
2023-04-09 15:12:40,"madgetech","green",130.62468,35.86798,-35.3267,42.96938,0.829293664209636,9.46409514323181,4.598,3.76870633579036
2023-04-09 15:12:50,"arduino","red",103.34,36,34.25,44.84,0.109085277767241,8.35898508082625,4.588,4.47891472223276
2023-04-09 15:13:10,"madgetech","green",130.64158,35.86834,-35.32664,42.9553,0.832245543150507,9.46435834774149,4.577,3.74475445684949
2023-04-09 15:13:20,"arduino","red",103.37,36,34,44.81,0.115665970380867,8.35945843996949,4.566,4.45033402961913
2023-04-09 15:13:40,"madgetech","green",130.62886,35.86824,-35.32684,42.94196,0.83493523642463,9.46408093348252,4.577,3.74206476357537
2023-04-09 15:13:50,"arduino","red",103.34,36,34.25,44.81,0.115665970380867,8.35890515019933,4.588,4.47233402961913
2023-04-09 15:14:10,"madgetech","green",130.61438,35.86786,-35.32736,42.92962,0.83735365761212,9.46377553062764,4.566,3.72864634238788
2023-04-09 15:14:20,"arduino","red",103.31,36,34,44.78,0.122248883446228,8.35827192001202,4.566,4.44375111655377
2023-04-09 15:14:40,"madgetech","green",130.61538,35.8689,-35.32702,42.91762,0.840049067146566,9.46375040383688,4.555,3.71495093285343
2023-04-09 15:14:50,"arduino","red",103.28,36,34,44.75,0.128834018408329,8.35763869335657,4.566,4.43716598159167
2023-04-09 15:15:10,"madgetech","green",130.6248,35.86874,-35.32774,42.9062,0.842334496163387,9.46388677524186,4.566,3.72366550383661
2023-04-09 15:15:20,"arduino","red",103.31,36,34,44.75,0.128834018408329,8.35819195646625,4.566,4.43716598159167
2023-04-09 15:15:40,"madgetech","green",130.62676,35.8678,-35.32704,42.894,0.844589134918403,9.46388642284325,4.566,3.7214108650816
2023-04-09 15:15:50,"arduino","red",103.31,36,34,44.72,0.135421376713348,8.35811196977793,4.555,4.41957862328665
2023-04-09 15:16:10,"madgetech","green",130.6164,35.86868,-35.3278,42.8801,0.84763335190122,9.46364671101123,4.545,3.69736664809878
2023-04-09 15:16:20,"arduino","red",103.28,36,34,44.69,0.142010959808894,8.35747872349935,4.545,4.40298904019111
2023-04-09 15:16:40,"madgetech","green",130.63346,35.86908,-35.32844,42.86594,0.850614074543615,9.46391237998192,4.555,3.70438592545638
2023-04-09 15:16:50,"arduino","red",103.28,36,33.5,44.69,0.142010959808894,8.35747872349935,4.555,4.41298904019111
2023-04-09 15:17:10,"madgetech","green",130.61494,35.8697,-35.32746,42.85272,0.85345730987101,9.46352582842827,4.555,3.70154269012899
2023-04-09 15:17:20,"arduino","red",103.28,36,34.25,44.65,0.150800533893024,8.35737202545341,4.534,4.38319946610698
2023-04-09 15:17:40,"madgetech","green",130.63352,35.8696,-35.32808,42.83824,0.856382409025612,9.46382034869947,4.545,3.68861759097439
2023-04-09 15:17:50,"arduino","red",103.25,36,34,44.65,0.150800533893024,8.35681880681218,4.555,4.40419946610698
2023-04-09 15:18:10,"madgetech","green",130.62052,35.86968,-35.32798,42.82392,0.859319192671242,9.46353382501849,4.534,3.67468080732876
2023-04-09 15:18:20,"arduino","red",103.25,36,34.25,44.62,0.157395313804147,8.356738769579,4.545,4.38760468619585
2023-04-09 15:18:40,"madgetech","green",130.59846,35.86932,-35.32858,42.811,0.86186415945652,9.46308699415602,4.523,3.66113584054348
2023-04-09 15:18:50,"arduino","red",103.22,36,34.25,44.59,0.163992323341411,8.35610551721091,4.555,4.39100767665859
2023-04-09 15:19:10,"madgetech","green",130.6085,35.87004,-35.32868,42.79802,0.864684392456634,9.4632261303582,4.523,3.65831560754337
2023-04-09 15:19:20,"arduino","red",103.25,36,34.25,44.59,0.163992323341411,8.35665870915045,4.534,4.37000767665859
2023-04-09 15:19:40,"madgetech","green",130.62186,35.87038,-35.32912,42.7859,0.867237283611346,9.46343064225413,4.534,3.66676271638865
2023-04-09 15:19:50,"arduino","red",103.22,36,34,44.56,0.170591563958377,8.35602544692965,4.512,4.34140843604162
2023-04-09 15:20:10,"madgetech","green",130.61386,35.87048,-35.3308,42.7732,0.869850390333886,9.46324132014492,4.512,3.64214960966611
2023-04-09 15:20:20,"arduino","red",103.19,36,34.25,44.53,0.177193037110159,8.3553921882065,4.523,4.34580696288984
2023-04-09 15:20:40,"madgetech","green",130.5871,35.87136,-35.32976,42.75228,0.874329450656071,9.46267684937716,4.555,3.68067054934393
2023-04-09 15:20:50,"arduino","red",103.22,36,34,44.53,0.177193037110159,8.35594535342888,4.566,4.38880696288984
2023-04-09 15:21:10,"madgetech","green",130.58722,35.87138,-35.32972,42.72644,0.879603961109058,9.4625939257204,4.727,3.84739603889094
2023-04-09 15:21:20,"arduino","red",103.16,36,34.25,44.53,0.177193037110159,8.35483902298413,4.845,4.66780696288984
2023-04-09 15:21:40,"madgetech","green",130.56878,35.87236,-35.3305,42.7097,0.883256681393668,9.4621958365126,4.995,4.11174331860633
2023-04-09 15:21:50,"arduino","red",103.12,36,34.25,44.5,0.183796744253236,8.35402139716798,5.017,4.83320325574676
2023-04-09 15:22:10,"madgetech","green",130.56916,35.87276,-35.33044,42.70322,0.884675800240197,9.46217992350652,5.081,4.1963241997598
2023-04-09 15:22:20,"arduino","red",103.12,36,33.75,44.47,0.190402686845449,8.35394130174703,5.092,4.90159731315455
2023-04-09 15:22:40,"madgetech","green",130.57136,35.87262,-35.33114,42.6957,0.886176060038588,9.46219617310036,5.113,4.22682393996141
2023-04-09 15:22:50,"arduino","red",103.12,36,34,44.47,0.190402686845449,8.35394130174703,5.124,4.93359731315455
2023-04-09 15:23:10,"madgetech","green",130.58522,35.8719,-35.33158,42.68584,0.888013110727087,9.46242142665415,5.145,4.25698688927291
2023-04-09 15:23:20,"arduino","red",103.12,36,34,44.44,0.197010866346006,8.3538611830774,5.135,4.93798913365399
2023-04-09 15:23:40,"madgetech","green",130.57952,35.87378,-35.33184,42.67358,0.890971455316383,9.46226885604309,5.135,4.24402854468362
2023-04-09 15:23:50,"arduino","red",103.12,36,34,44.44,0.197010866346006,8.3538611830774,5.145,4.94798913365399
2023-04-09 15:24:10,"madgetech","green",130.58602,35.87356,-35.3326,42.6619,0.893301886438633,9.4623507874891,5.156,4.26269811356137
2023-04-09 15:24:20,"arduino","red",103.06,36,34.25,44.4,0.205825254506848,8.3526481074317,5.156,4.95017474549315
2023-04-09 15:24:40,"madgetech","green",130.56394,35.87512,-35.333,42.6477,0.896579067113351,9.46189184007117,5.135,4.23842093288665
2023-04-09 15:24:50,"arduino","red",103.09,36,34.25,44.37,0.212438659143011,8.35312105512364,5.145,4.93256134085699
2023-04-09 15:25:10,"madgetech","green",130.56448,35.87422,-35.33306,42.63038,0.899896731141481,9.46184823712864,5.135,4.23510326885852
2023-04-09 15:25:20,"arduino","red",103.09,36,34.25,44.34,0.21905430556184,8.35304087224193,5.135,4.91594569443816
2023-04-09 15:25:40,"madgetech","green",130.57816,35.87404,-35.33428,42.61376,0.903246892904769,9.46204575535083,5.135,4.23175310709523
2023-04-09 15:25:50,"arduino","red",103.06,36,34.25,44.31,0.225672195228623,8.35240759892777,5.135,4.90932780477138
2023-04-09 15:26:10,"madgetech","green",130.55562,35.87476,-35.33402,42.59302,0.90765757170606,9.4615600806865,5.135,4.22734242829394
2023-04-09 15:26:20,"arduino","red",103.06,36,34.25,44.28,0.232292329610134,8.35232738281325,5.135,4.90270767038987
2023-04-09 15:26:40,"madgetech","green",130.55784,35.87598,-35.33492,42.57478,0.911679621218925,9.46153601328083,5.135,4.22332037878108
2023-04-09 15:26:50,"arduino","red",103.06,36,34,44.28,0.232292329610134,8.35232738281325,5.135,4.90270767038987
2023-04-09 15:27:10,"madgetech","green",130.52382,35.876,-35.33526,42.55524,0.91567709203192,9.4608459200995,5.135,4.21932290796808
2023-04-09 15:27:20,"arduino","red",103,36,33.75,44.25,0.238914710174516,8.35114106269466,5.102,4.86308528982548
2023-04-09 15:27:40,"madgetech","green",130.52926,35.87658,-35.33548,42.53614,0.919721236099806,9.46088071968368,5.124,4.20427876390019
2023-04-09 15:27:50,"arduino","red",103,36,33.75,44.22,0.245539338391271,8.35106082670713,5.124,4.87846066160873
2023-04-09 15:28:10,"madgetech","green",130.5114,35.87676,-35.33646,42.51536,0.924012726700474,9.46048307399061,5.081,4.15698727329953
2023-04-09 15:28:20,"arduino","red",103,36,34.25,44.19,0.252166215731395,8.35098056736901,5.092,4.8398337842686
2023-04-09 15:28:40,"madgetech","green",130.4938,35.87682,-35.33572,42.49456,0.928280238418931,9.46009060843485,5.081,4.15271976158107
2023-04-09 15:28:50,"arduino","red",103,36,34,44.19,0.252166215731395,8.35098056736901,5.07,4.8178337842686
2023-04-09 15:29:10,"madgetech","green",130.48306,35.87768,-35.3366,42.47514,0.932460219708354,9.45982570850667,5.081,4.14853978029165
2023-04-09 15:29:20,"arduino","red",102.97,36,34,44.16,0.258795343667308,8.3503472845429,5.07,4.81120465633269
2023-04-09 15:29:40,"madgetech","green",130.50532,35.87746,-35.33808,42.45568,0.936387713194377,9.46017168440374,5.038,4.10161228680562
2023-04-09 15:29:50,"arduino","red",103,36,34.25,44.12,0.267637684389431,8.35079320469264,5.07,4.80236231561057
2023-04-09 15:30:10,"madgetech","green",130.51276,35.87798,-35.33726,42.4361,0.940519789103385,9.46024184817307,5.07,4.12948021089661
2023-04-09 15:30:20,"arduino","red",102.97,36,34.25,44.09,0.274272069449311,8.35015989859532,5.049,4.77472793055069
2023-04-09 15:30:40,"madgetech","green",130.52518,35.87834,-35.33844,42.41572,0.944777734175572,9.46040154814226,5.017,4.07222226582443
2023-04-09 15:30:50,"arduino","red",102.97,36,34,44.06,0.280908710023097,8.35007955132908,5.017,4.7360912899769
2023-04-09 15:31:10,"madgetech","green",130.5033,35.879,-35.33864,42.39562,0.949051867042058,9.45993031080824,5.038,4.08894813295794
2023-04-09 15:31:20,"arduino","red",103,36,34.25,44.03,0.287547607589415,8.35055212261516,5.017,4.72945239241059
2023-04-09 15:31:40,"madgetech","green",130.51938,35.88002,-35.33896,42.37356,0.953815282980721,9.46014915426833,5.027,4.07318471701928
2023-04-09 15:31:50,"arduino","red",102.97,36,34.25,44.03,0.287547607589415,8.34999918064051,5.017,4.72945239241059
2023-04-09 15:32:10,"madgetech","green",130.47976,35.88024,-35.33922,42.3554,0.957587510117573,9.45935985561939,5.006,4.04841248988243
2023-04-09 15:32:20,"arduino","red",103,36,34.25,44,0.294188763628127,8.35047171506073,4.995,4.70081123637187
2023-04-09 15:32:40,"madgetech","green",130.48626,35.88038,-35.3403,42.3355,0.961697610157671,9.45941309761945,4.995,4.03330238984233
2023-04-09 15:32:50,"arduino","red",102.97,36,34.25,43.97,0.30083217962065,8.34983836893955,4.995,4.69416782037935
2023-04-09 15:33:10,"madgetech","green",130.51028,35.88098,-35.34044,42.3155,0.965940283496905,9.45978631945833,5.006,4.0400597165031
2023-04-09 15:33:20,"arduino","red",103,36,33.75,43.94,0.307477857049765,8.35031082957357,4.984,4.67652214295024
2023-04-09 15:33:40,"madgetech","green",130.47292,35.88064,-35.34086,42.29664,0.969723088280712,9.45903844148929,4.963,3.99327691171929
2023-04-09 15:33:50,"arduino","red",102.97,36,34.25,43.94,0.307477857049765,8.34975792789868,4.995,4.68752214295024
2023-04-09 15:34:10,"madgetech","green",130.49008,35.88182,-35.3404,42.27794,0.973841115914409,9.45928754496067,5.006,4.03215888408559
2023-04-09 15:34:20,"arduino","red",102.94,36,34,43.91,0.314125797399739,8.34912457514475,4.995,4.68087420260026
2023-04-09 15:34:40,"madgetech","green",130.49998,35.88234,-35.34272,42.25818,0.978017798529343,9.45940222035371,4.963,3.98498220147066
2023-04-09 15:34:50,"arduino","red",102.97,36,34.25,43.87,0.322993240533585,8.34957014080371,4.963,4.64000675946641
2023-04-09 15:35:10,"madgetech","green",130.51024,35.88246,-35.34258,42.23928,0.981922409313713,9.45952789721543,4.963,3.98107759068629
2023-04-09 15:35:20,"arduino","red",102.94,36,34.25,43.84,0.329646466812281,8.34893676458712,4.952,4.62235353318772
2023-04-09 15:35:40,"madgetech","green",130.4894,35.88256,-35.3423,42.22196,0.985498929809168,9.4590871031138,4.963,3.97750107019083
2023-04-09 15:35:50,"arduino","red",102.94,36,34.25,43.84,0.329646466812281,8.34893676458712,4.952,4.62235353318772
2023-04-09 15:36:10,"madgetech","green",130.4921,35.88248,-35.34278,42.20352,0.989262502289778,9.45907606999569,4.974,3.98473749771022
2023-04-09 15:36:20,"arduino","red",102.94,36,34.25,43.81,0.336301960969718,8.3488562351538,4.931,4.59469803903028
2023-04-09 15:36:40,"madgetech","green",130.47832,35.88472,-35.34476,42.18602,0.993393687429983,9.45875614383062,4.941,3.94760631257002
2023-04-09 15:36:50,"arduino","red",102.94,36,34.25,43.78,0.342959724496181,8.3487756821832,4.92,4.57704027550382
2023-04-09 15:37:10,"madgetech","green",130.4855,35.88382,-35.34384,42.169,0.996669504506701,9.45883533667493,4.963,3.9663304954933
2023-04-09 15:37:20,"arduino","red",102.94,36,34.25,43.75,0.34961975888382,8.34869510566101,4.941,4.59138024111618
2023-04-09 15:37:40,"madgetech","green",130.48454,35.88532,-35.34514,42.15158,1.00060694552067,9.45875422144306,4.92,3.91939305447933
2023-04-09 15:37:50,"arduino","red",102.94,36,34.25,43.75,0.34961975888382,8.34869510566101,4.931,4.58138024111618
2023-04-09 15:38:10,"madgetech","green",130.48856,35.88448,-35.34398,42.13474,1.00386172956056,9.45877566020898,4.909,3.90513827043944
2023-04-09 15:38:20,"arduino","red",102.94,36,34.25,43.72,0.35628206562571,8.34861450557289,4.92,4.56371793437429
2023-04-09 15:38:40,"madgetech","green",130.4812,35.88552,-35.34552,42.119,1.00734451795668,9.45858422478678,4.909,3.90165548204332
2023-04-09 15:38:50,"arduino","red",102.91,36,34.25,43.69,0.362946646216729,8.34798109235878,4.899,4.53605335378327
2023-04-09 15:39:10,"madgetech","green",130.48124,35.88618,-35.34678,42.1038,1.01062530514024,9.4585320824445,4.909,3.89837469485976
2023-04-09 15:39:20,"arduino","red",102.91,36,34.25,43.63,0.376282634932668,8.34781980117532,4.899,4.52271736506733
2023-04-09 15:39:40,"madgetech","green",130.4917,35.88656,-35.34582,42.0859,1.01439378504503,9.45866362733616,4.899,3.88460621495497
2023-04-09 15:39:50,"arduino","red",102.91,36,34.25,43.66,0.369613502153242,8.34790045856959,4.877,4.50738649784676
2023-04-09 15:40:10,"madgetech","green",130.48878,35.88608,-35.34628,42.07138,1.01726133085672,9.45856373389275,4.877,3.85973866914328
2023-04-09 15:40:20,"arduino","red",102.91,36,34.25,43.59,0.385178356319089,8.34771222123906,4.899,4.51382164368091
2023-04-09 15:40:40,"madgetech","green",130.50684,35.88696,-35.3467,42.05522,1.02079399034706,9.45883877992959,4.866,3.84520600965294
2023-04-09 15:40:50,"arduino","red",102.91,36,34.25,43.56,0.391852807564718,8.34763150871028,4.856,4.46414719243528
2023-04-09 15:41:10,"madgetech","green",130.48354,35.88688,-35.34848,42.03868,1.02417414145866,9.45835600255639,4.856,3.83182585854134
2023-04-09 15:41:20,"arduino","red",102.91,36,34.25,43.53,0.398529540656116,8.3475507725284,4.856,4.45747045934388
2023-04-09 15:41:40,"madgetech","green",130.49588,35.88788,-35.34806,42.02186,1.02787250307145,9.45852323086122,4.866,3.83812749692855
2023-04-09 15:41:50,"arduino","red",102.91,36,34.25,43.53,0.398529540656116,8.3475507725284,4.866,4.46747045934388
2023-04-09 15:42:10,"madgetech","green",130.50778,35.88806,-35.34796,42.00706,1.0309587288427,9.45869223235191,4.845,3.8140412711573
2023-04-09 15:42:20,"arduino","red",102.91,36,34.25,43.5,0.405208557097216,8.34747001267899,4.845,4.43979144290278
2023-04-09 15:42:40,"madgetech","green",130.50714,35.88838,-35.34902,41.9907,1.03439997137508,9.45862500806994,4.834,3.79960002862492
2023-04-09 15:42:50,"arduino","red",102.91,36,34.25,43.47,0.411889858393442,8.3473892291476,4.845,4.43311014160656
2023-04-09 15:43:10,"madgetech","green",130.4872,35.88898,-35.34938,41.97508,1.03775696842939,9.458204390452,4.845,3.80724303157061
2023-04-09 15:43:20,"arduino","red",102.91,36,34.25,43.47,0.411889858393442,8.3473892291476,4.834,4.42211014160656
2023-04-09 15:43:40,"madgetech","green",130.51074,35.8893,-35.3502,41.9595,1.04103891359704,9.45858418737288,4.834,3.79296108640296
2023-04-09 15:43:50,"arduino","red",102.91,36,34.25,43.44,0.418573446051642,8.34730842191978,4.824,4.40542655394836
2023-04-09 15:44:10,"madgetech","green",130.47564,35.89002,-35.35106,41.94356,1.04449167278,9.45788338870151,4.813,3.76850832722
2023-04-09 15:44:20,"arduino","red",102.87,36,34.25,43.44,0.418573446051642,8.34657151906279,4.813,4.39442655394836
2023-04-09 15:44:40,"madgetech","green",130.47444,35.8895,-35.35082,41.93184,1.0467783695253,9.45782448743635,4.813,3.7662216304747
2023-04-09 15:44:50,"arduino","red",102.87,36,34.25,43.41,0.425259321580216,8.34649070613315,4.834,4.40874067841978
2023-04-09 15:45:10,"madgetech","green",130.47328,35.8903,-35.35118,41.91672,1.05008256411033,9.45774992837001,4.813,3.76291743588967
2023-04-09 15:45:20,"arduino","red",102.87,36,34.25,43.38,0.431947486488928,8.34640986948341,4.791,4.35905251351107
2023-04-09 15:45:40,"madgetech","green",130.49238,35.89158,-35.3521,41.90414,1.05297971039776,9.45805430703722,4.791,3.73802028960224
2023-04-09 15:45:50,"arduino","red",102.87,36,34.25,43.34,0.440868603570846,8.34630205036075,4.802,4.36113139642915
2023-04-09 15:46:10,"madgetech","green",130.48634,35.89244,-35.35202,41.89114,1.05586267201905,9.45789684080117,4.802,3.74613732798095
2023-04-09 15:46:20,"arduino","red",102.87,36,33.75,43.31,0.447562116246222,8.34622115830769,4.781,4.33343788375378
2023-04-09 15:46:40,"madgetech","green",130.4745,35.89262,-35.35356,41.8769,1.05883793000435,9.45763128942522,4.791,3.73216206999565
2023-04-09 15:46:50,"arduino","red",102.91,36,34.25,43.28,0.454257923344976,8.34687704923357,4.781,4.32674207665502
2023-04-09 15:47:10,"madgetech","green",130.4986,35.89426,-35.35484,41.86696,1.06127880162697,9.45803490809628,4.77,3.70872119837303
2023-04-09 15:47:20,"arduino","red",102.87,36,34.25,43.28,0.454257923344976,8.34614024248616,4.759,4.30474207665502
2023-04-09 15:47:40,"madgetech","green",130.5113,35.89464,-35.35424,41.85612,1.06360254441219,9.45823088367021,4.759,3.69539745558781
2023-04-09 15:47:50,"arduino","red",102.91,36,34.25,43.22,0.467656426878846,8.34671511014696,4.781,4.31334357312115
2023-04-09 15:48:10,"madgetech","green",130.52106,35.89462,-35.355,41.84536,1.06581401074561,9.45837463057612,4.759,3.69318598925439
2023-04-09 15:48:20,"arduino","red",102.91,36,34.25,43.19,0.474359126350673,8.34663410488478,4.781,4.30664087364933
2023-04-09 15:48:40,"madgetech","green",130.52682,35.89436,-35.35506,41.83676,1.06752314915094,9.45845295367308,4.77,3.70247685084906
2023-04-09 15:48:50,"arduino","red",102.87,36,34.25,43.19,0.474359126350673,8.34589735226523,4.77,4.29564087364933
2023-04-09 15:49:10,"madgetech","green",130.56494,35.89492,-35.35542,41.82926,1.06920271981061,9.45912649217927,4.738,3.66879728018939
2023-04-09 15:49:20,"arduino","red",102.91,36,34.25,43.16,0.481064126319365,8.34655307579056,4.748,4.26693587368064
2023-04-09 15:49:40,"madgetech","green",130.5808,35.89452,-35.35648,41.82546,1.06988959652787,9.45940691057266,4.759,3.68911040347213
2023-04-09 15:49:50,"arduino","red",102.94,36,34.25,43.12,0.490007707459204,8.3469975327663,4.727,4.2369922925408
2023-04-09 15:50:10,"madgetech","green",130.5851,35.89422,-35.35556,41.81942,1.07106206633756,9.45946704265882,4.727,3.65593793366244
2023-04-09 15:50:20,"arduino","red",103,36,34.25,43.09,0.496718081175624,8.34802147309014,4.727,4.23028191882438
2023-04-09 15:50:40,"madgetech","green",130.6211,35.89416,-35.3558,41.81842,1.0712537131394,9.46012558792667,4.706,3.6347462868606
2023-04-09 15:50:50,"arduino","red",103.03,36,34.25,43.09,0.496718081175624,8.3485739924062,4.716,4.21928191882438
2023-04-09 15:51:10,"madgetech","green",130.6241,35.89314,-35.35572,41.82216,1.07023821834039,9.46019709355431,4.716,3.64576178165961
2023-04-09 15:51:20,"arduino","red",103.06,36,34.25,43.06,0.503430760468128,8.34904533531637,4.706,4.20256923953187
2023-04-09 15:51:40,"madgetech","green",130.61212,35.89366,-35.356,41.82646,1.06947709109976,9.45998918423262,4.684,3.61452290890024
2023-04-09 15:51:50,"arduino","red",103.06,36,33.75,43.03,0.510145746863785,8.34896413499512,4.684,4.17385425313622
2023-04-09 15:52:10,"madgetech","green",130.64468,35.8927,-35.35668,41.83542,1.06740060726907,9.46062107503966,4.695,3.62759939273093
2023-04-09 15:52:20,"arduino","red",103.12,36,34.25,43.03,0.510145746863785,8.35006911940639,4.684,4.17385425313622
2023-04-09 15:52:40,"madgetech","green",130.63856,35.89242,-35.35494,41.84476,1.06540928513402,9.46054069810556,4.663,3.59759071486598
2023-04-09 15:52:50,"arduino","red",103.09,36,34.25,43.03,0.510145746863785,8.34951662720076,4.673,4.16285425313622
2023-04-09 15:53:10,"madgetech","green",130.6721,35.8921,-35.3552,41.85734,1.06274121020111,9.46120015283425,4.652,3.58925878979889
2023-04-09 15:53:20,"arduino","red",103.12,36,34,43,0.516863041891096,8.34998786803272,4.63,4.1131369581089
2023-04-09 15:53:40,"madgetech","green",130.65166,35.89152,-35.35444,41.87172,1.05964034621925,9.46087447423075,4.63,3.57035965378075
2023-04-09 15:53:50,"arduino","red",103.09,36,34,43,0.516863041891096,8.3494353893883,4.641,4.1241369581089
2023-04-09 15:54:10,"madgetech","green",130.68644,35.89088,-35.3547,41.88686,1.05636902408903,9.46156646455962,4.609,3.55263097591097
2023-04-09 15:54:20,"arduino","red",103.12,36,34,43.03,0.510145746863785,8.35006911940639,4.62,4.10985425313622
2023-04-09 15:54:40,"madgetech","green",130.64134,35.89042,-35.35342,41.90548,1.0524250633598,9.46080112668603,4.62,3.5675749366402
2023-04-09 15:54:50,"arduino","red",103.12,36,34,43.03,0.510145746863785,8.35006911940639,4.598,4.08785425313622
2023-04-09 15:55:10,"madgetech","green",130.64138,35.8901,-35.35386,41.9232,1.04870076770663,9.46086190951412,4.598,3.54929923229337
2023-04-09 15:55:20,"arduino","red",103.16,36,34,43.03,0.510145746863785,8.35080577568057,4.598,4.08785425313622
2023-04-09 15:55:40,"madgetech","green",130.63922,35.88922,-35.35282,41.94258,1.0445009457002,9.46088992419861,4.588,3.5434990542998
2023-04-09 15:55:50,"arduino","red",103.16,36,34.25,43.03,0.510145746863785,8.35080577568057,4.577,4.06685425313622
2023-04-09 16:05:10,"madgetech","red",101.77,35.85488,-35.38604,42.3429,0.730526620765528,8.33611915993446,4.384,3.65347337923447
2023-04-09 16:05:20,"arduino","green",130.34,36,34.25,43.09,-0.107399882673194,9.46766716842401,4.416,4.52339988267319
2023-04-09 16:05:40,"madgetech","red",101.88258,35.85562,-35.38588,42.34424,0.730431836353938,8.33819195219281,4.395,3.66456816364606
2023-04-09 16:05:50,"arduino","green",130.34,36,34,43.09,-0.107399882673194,9.46766716842401,4.384,4.49139988267319
2023-04-09 16:06:10,"madgetech","red",101.95862,35.85526,-35.38518,42.3471,0.729763781770921,8.33959925826734,4.395,3.66523621822908
2023-04-09 16:06:20,"arduino","green",130.37,36,34.25,43.09,-0.107399882673194,9.46822091021175,4.405,4.51239988267319
2023-04-09 16:06:40,"madgetech","red",102.07278,35.85636,-35.38568,42.34722,0.730003561315328,8.34169709864035,4.405,3.67499643868467
2023-04-09 16:06:50,"arduino","green",130.37,36,34,43.09,-0.107399882673194,9.46822091021175,4.405,4.51239988267319
2023-04-09 16:07:10,"madgetech","red",102.13212,35.8562,-35.38554,42.34784,0.72983905959785,8.34279103481924,4.405,3.67516094040215
2023-04-09 16:07:20,"arduino","green",130.44,36,34.25,43.09,-0.107399882673194,9.46951297438314,4.416,4.52339988267319
2023-04-09 16:07:40,"madgetech","red",102.18742,35.85698,-35.38592,42.34698,0.730201261712725,8.34380427573525,4.416,3.68579873828728
2023-04-09 16:07:50,"arduino","green",130.44,36,34,43.09,-0.107399882673194,9.46951297438314,4.395,4.50239988267319
2023-04-09 16:08:10,"madgetech","red",102.20802,35.85698,-35.38422,42.34716,0.730164659204039,8.34418379050319,4.416,3.68583534079596
2023-04-09 16:08:20,"arduino","green",130.47,36,34,43.09,-0.107399882673194,9.47006671617088,4.416,4.52339988267319
2023-04-09 16:08:40,"madgetech","red",102.29238,35.85754,-35.38494,42.3481,0.730107999767281,8.34573683442368,4.416,3.68589200023272
2023-04-09 16:08:50,"arduino","green",130.47,36,34.25,43.12,-0.113962681049017,9.47017320287279,4.395,4.50896268104902
2023-04-09 16:09:10,"madgetech","red",102.28048,35.8579,-35.38428,42.3474,0.730336793330156,8.34551509370013,4.395,3.66466320666984
2023-04-09 16:09:20,"arduino","green",130.5,36,34.25,43.12,-0.113962681049017,9.47072695797048,4.405,4.51896268104902
2023-04-09 16:09:40,"madgetech","red",102.37696,35.85838,-35.38426,42.34936,0.730053514921368,8.3472939010821,4.416,3.68594648507863
2023-04-09 16:09:50,"arduino","green",130.5,36,34.25,43.09,-0.107399882673194,9.47062045795862,4.384,4.49139988267319
2023-04-09 16:10:10,"madgetech","red",102.4066,35.85864,-35.38524,42.3506,0.729863816225388,8.34784161632701,4.416,3.68613618377461
2023-04-09 16:10:20,"arduino","green",130.5,36,34.25,43.09,-0.107399882673194,9.47062045795862,4.416,4.52339988267319
2023-04-09 16:10:40,"madgetech","red",102.41846,35.8587,-35.38498,42.35182,0.729630159271925,8.34806268205661,4.416,3.68636984072808
2023-04-09 16:10:50,"arduino","green",130.53,36,34,43.12,-0.113962681049017,9.47128071306816,4.416,4.52996268104902
2023-04-09 16:11:10,"madgetech","red",102.44596,35.85898,-35.38434,42.35674,0.728697044012525,8.34858000035789,4.395,3.66630295598747
2023-04-09 16:11:20,"arduino","green",130.56,36,34.25,43.12,-0.113962681049017,9.47183446816585,4.405,4.51896268104902
2023-04-09 16:11:40,"madgetech","red",102.43708,35.85854,-35.38474,42.35944,0.728042416836397,8.34842450138057,4.405,3.6769575831636
2023-04-09 16:11:50,"arduino","green",130.56,36,34.25,43.13,-0.116149779682922,9.47186997005146,4.416,4.53214977968292
2023-04-09 16:12:10,"madgetech","red",102.46924,35.85902,-35.38452,42.36218,0.727600631892989,8.34902163976826,4.405,3.67739936810701
2023-04-09 16:12:20,"arduino","green",130.53,36,34.25,43.13,-0.116149779682922,9.47131621051799,4.384,4.50014977968292
2023-04-09 16:12:40,"madgetech","red",102.47686,35.86012,-35.38482,42.36594,0.727100418084651,8.34916790557422,4.395,3.66789958191535
2023-04-09 16:12:50,"arduino","green",130.53,36,34.25,43.13,-0.116149779682922,9.47131621051799,4.405,4.52114977968292
2023-04-09 16:13:10,"madgetech","red",102.48472,35.86008,-35.38528,42.36964,0.726338639590528,8.34932174906866,4.405,3.67866136040947
2023-04-09 16:13:20,"arduino","green",130.53,36,34.25,43.16,-0.122709573883755,9.4714226819052,4.405,4.52770957388376
2023-04-09 16:13:40,"madgetech","red",102.4762,35.86086,-35.38582,42.37346,0.725749458486179,8.34917208440631,4.416,3.69025054151382
2023-04-09 16:13:50,"arduino","green",130.56,36,34.25,43.16,-0.122709573883755,9.47197645474337,4.405,4.52770957388376
2023-04-09 16:14:10,"madgetech","red",102.44648,35.86012,-35.38532,42.37798,0.72465293092763,8.34863842726011,4.384,3.65934706907237
2023-04-09 16:14:20,"arduino","green",130.56,36,34.25,43.16,-0.122709573883755,9.47197645474337,4.405,4.52770957388376
2023-04-09 16:14:40,"madgetech","red",102.48062,35.86162,-35.38582,42.38236,0.724122974071231,8.34927307481758,4.395,3.67087702592877
2023-04-09 16:14:50,"arduino","green",130.56,36,34.25,43.19,-0.129267116691951,9.4720829080029,4.395,4.52426711669195
2023-04-09 16:15:10,"madgetech","red",102.5236,35.86136,-35.38586,42.3875,0.723015837249596,8.35007737521461,4.405,3.6819841627504
2023-04-09 16:15:20,"arduino","green",130.56,36,34.25,43.19,-0.129267116691951,9.4720829080029,4.395,4.52426711669195
2023-04-09 16:15:40,"madgetech","red",102.53128,35.86146,-35.38616,42.39302,0.721918014789229,8.35023197303523,4.405,3.68308198521077
2023-04-09 16:15:50,"arduino","green",130.59,36,34.25,43.19,-0.129267116691951,9.47263669414185,4.416,4.54526711669195
2023-04-09 16:16:10,"madgetech","red",102.52968,35.86192,-35.38622,42.39824,0.720967722029075,8.35021401606154,4.405,3.68403227797093
2023-04-09 16:16:20,"arduino","green",130.59,36,34.25,43.22,-0.135822409596086,9.47274312928513,4.395,4.53082240959609
2023-04-09 16:16:40,"madgetech","red",102.55368,35.86352,-35.38606,42.405,0.71997847765287,8.35066762857855,4.416,3.69602152234713
2023-04-09 16:16:50,"arduino","green",130.62,36,34.25,43.22,-0.135822409596086,9.47329692872094,4.416,4.55182240959609
2023-04-09 16:17:10,"madgetech","red",102.53562,35.86234,-35.38696,42.41284,0.718101989067184,8.3503579659657,4.427,3.70889801093282
2023-04-09 16:17:20,"arduino","green",130.62,36,34.25,43.22,-0.135822409596086,9.47329692872094,4.437,4.57282240959609
2023-04-09 16:17:40,"madgetech","red",102.56274,35.86426,-35.38746,42.42256,0.716588607510108,8.35087533630605,4.416,3.69941139248989
2023-04-09 16:17:50,"arduino","green",130.59,36,34.25,43.22,-0.135822409596086,9.47274312928513,4.416,4.55182240959609
2023-04-09 16:18:10,"madgetech","red",102.56636,35.86312,-35.38736,42.42866,0.715075477429453,8.35096024761038,4.405,3.68992452257055
2023-04-09 16:18:20,"arduino","green",130.59,36,34.25,43.25,-0.142375454083215,9.47284953303062,4.427,4.56937545408321
2023-04-09 16:18:40,"madgetech","red",102.61496,35.86502,-35.38726,42.43926,0.713379009124442,8.35187513179546,4.427,3.71362099087556
2023-04-09 16:18:50,"arduino","green",130.62,36,34.25,43.25,-0.142375454083215,9.47340334575936,4.437,4.57937545408322
2023-04-09 16:19:10,"madgetech","red",102.5995,35.86472,-35.38754,42.44872,0.711385607634641,8.35161473126161,4.427,3.71561439236536
2023-04-09 16:19:20,"arduino","green",130.59,36,34.25,43.25,-0.142375454083215,9.47284953303062,4.416,4.55837545408322
2023-04-09 16:19:40,"madgetech","red",102.62538,35.86564,-35.38738,42.45848,0.709624759478055,8.35211229460034,4.437,3.72737524052195
2023-04-09 16:19:50,"arduino","green",130.59,36,34.25,43.25,-0.142375454083215,9.47284953303062,4.437,4.57937545408322
2023-04-09 16:20:10,"madgetech","red",102.61488,35.86682,-35.38908,42.46764,0.708048504235135,8.35193812666028,4.427,3.71895149576486
2023-04-09 16:20:20,"arduino","green",130.62,36,34.25,43.25,-0.142375454083215,9.47340334575936,4.416,4.55837545408322
2023-04-09 16:20:40,"madgetech","red",102.66862,35.86724,-35.38924,42.4795,0.70574164826678,8.35295501736907,4.427,3.72125835173322
2023-04-09 16:20:50,"arduino","green",130.66,36,34.25,43.25,-0.142375454083215,9.47414176273102,4.448,4.59037545408322
2023-04-09 16:21:10,"madgetech","red",102.66192,35.86754,-35.38958,42.49066,0.703548378707312,8.3528582490655,4.427,3.72345162129269
2023-04-09 16:21:20,"arduino","green",130.66,36,33.75,43.25,-0.142375454083215,9.47414176273102,4.416,4.55837545408322
2023-04-09 16:21:40,"madgetech","red",102.7147,35.8676,-35.38906,42.50324,0.701009510253388,8.35386030453202,4.448,3.74699048974661
2023-04-09 16:21:50,"arduino","green",130.66,36,34.25,43.25,-0.142375454083215,9.47414176273102,4.416,4.55837545408322
2023-04-09 16:22:10,"madgetech","red",102.72368,35.86788,-35.38928,42.51578,0.698532050551461,8.35405555148968,4.416,3.71746794944854
2023-04-09 16:22:20,"arduino","green",130.69,36,34.25,43.25,-0.142375454083215,9.47469557545977,4.427,4.56937545408321
2023-04-09 16:22:40,"madgetech","red",102.77132,35.86774,-35.39016,42.53068,0.69547512546926,8.35496931182782,4.437,3.74152487453074
2023-04-09 16:22:50,"arduino","green",130.72,36,34.25,43.25,-0.142375454083215,9.47524938818851,4.427,4.56937545408321
2023-04-09 16:23:10,"madgetech","red",102.79406,35.86794,-35.3902,42.54574,0.69246806180739,8.35542422555964,4.427,3.73453193819261
2023-04-09 16:23:20,"arduino","green",130.72,36,34.25,43.28,-0.148926251639244,9.47535581814118,4.437,4.58592625163924
2023-04-09 16:23:40,"madgetech","red",102.8478,35.8677,-35.39022,42.56328,0.688852682325308,8.35645705170093,4.416,3.72714731767469
2023-04-09 16:23:50,"arduino","green",130.72,36,34.25,43.28,-0.148926251639244,9.47535581814118,4.416,4.56492625163924
2023-04-09 16:24:10,"madgetech","red",102.85358,35.86766,-35.3907,42.58056,0.685338861812738,8.3566059888858,4.416,3.73066113818726
2023-04-09 16:24:20,"arduino","green",130.75,36,34.25,43.28,-0.148926251639244,9.47590964415894,4.416,4.56492625163924
2023-04-09 16:24:40,"madgetech","red",102.89348,35.867,-35.38904,42.60118,0.680999351294905,8.35739290722568,4.395,3.71400064870509
2023-04-09 16:24:50,"arduino","green",130.72,36,34.25,43.31,-0.155474803748196,9.47546221671754,4.395,4.5504748037482
2023-04-09 16:25:10,"madgetech","red",102.91172,35.86688,-35.38932,42.6216,0.676831344967003,8.35777911559876,4.395,3.718168655033
2023-04-09 16:25:20,"arduino","green",130.75,36,34.25,43.31,-0.155474803748196,9.4760160560204,4.395,4.5504748037482
2023-04-09 16:25:40,"madgetech","red",102.91748,35.8659,-35.38916,42.64294,0.672270698781025,8.35794039327921,4.395,3.72272930121897
2023-04-09 16:25:50,"arduino","green",130.78,36,34.25,43.34,-0.162021111893005,9.47667628910488,4.405,4.56702111189301
2023-04-09 16:26:10,"madgetech","red",102.93186,35.86556,-35.38828,42.6658,0.667557298426143,8.35826218565301,4.373,3.70544270157386
2023-04-09 16:26:20,"arduino","green",130.78,36,34.25,43.37,-0.168565177555084,9.47678265154078,4.395,4.56356517755508
2023-04-09 16:26:40,"madgetech","red",102.9423,35.86514,-35.38828,42.68918,0.66272047624371,8.35851296482929,4.395,3.73227952375629
2023-04-09 16:26:50,"arduino","green",130.78,36,33.75,43.37,-0.168565177555084,9.47678265154078,4.373,4.54156517755508
2023-04-09 16:27:10,"madgetech","red",102.96316,35.8642,-35.38782,42.71378,0.657512471882385,8.35896004778586,4.373,3.71548752811761
2023-04-09 16:27:20,"arduino","green",130.78,36,34.25,43.41,-0.177287112688936,9.4769244193951,4.373,4.55028711268894
2023-04-09 16:27:40,"madgetech","red",103.00146,35.86378,-35.3876,42.73898,0.652309722120623,8.35972809941475,4.373,3.72069027787938
2023-04-09 16:27:50,"arduino","green",130.81,36,34,43.44,-0.183825951643987,9.47758460559191,4.352,4.53582595164399
2023-04-09 16:28:10,"madgetech","red",102.9994,35.8632,-35.38764,42.7646,0.646984795941772,8.35975474731185,4.341,3.69401520405823
2023-04-09 16:28:20,"arduino","green",130.81,36,34,43.5,-0.196896918363549,9.47779711703086,4.362,4.55889691836355
2023-04-09 16:28:40,"madgetech","red",103.03568,35.86266,-35.38624,42.79096,0.641521268642762,8.36048882312929,4.341,3.69947873135724
2023-04-09 16:28:50,"arduino","green",130.81,36,34.25,43.53,-0.203429049076998,9.47790332586947,4.362,4.565429049077
2023-04-09 16:29:10,"madgetech","red",103.02406,35.86232,-35.38544,42.81888,0.635792086899848,8.3603444099345,4.341,3.70520791310015
2023-04-09 16:29:20,"arduino","green",130.81,36,34,43.56,-0.209958946656443,9.47800950347963,4.341,4.55095894665644
2023-04-09 16:29:40,"madgetech","red",103.05442,35.86204,-35.38584,42.84482,0.63047944521575,8.36096771992111,4.33,3.69952055478425
2023-04-09 16:29:50,"arduino","green",130.84,36,34,43.59,-0.216486612572744,9.478669612989,4.341,4.55748661257274
2023-04-09 16:30:10,"madgetech","red",103.02852,35.86082,-35.3865,42.8734,0.624407641515958,8.36056459052653,4.33,3.70559235848404
2023-04-09 16:30:20,"arduino","green",130.84,36,34,43.62,-0.223012048295425,9.47877574144421,4.309,4.53201204829543
2023-04-09 16:30:40,"madgetech","red",103.05014,35.86094,-35.38486,42.90164,0.61873011286033,8.36103146194499,4.298,3.67926988713967
2023-04-09 16:30:50,"arduino","green",130.84,36,34,43.65,-0.229535255292432,9.47888183872423,4.319,4.54853525529243
2023-04-09 16:31:10,"madgetech","red",103.05904,35.85962,-35.3847,42.9301,0.612661838522395,8.36126892481451,4.287,3.6743381614776
2023-04-09 16:31:20,"arduino","green",130.84,36,34.25,43.69,-0.238229400250055,9.47902325330241,4.298,4.53622940025005
2023-04-09 16:31:40,"madgetech","red",103.06672,35.86018,-35.38324,42.9583,0.607102455494675,8.36147776344933,4.287,3.67989754450532
2023-04-09 16:31:50,"arduino","green",130.84,36,34,43.72,-0.244747412588362,9.47912927791428,4.287,4.53174741258836
2023-04-09 16:32:10,"madgetech","red",103.07086,35.85874,-35.3842,42.98632,0.601097415473907,8.36162684599935,4.266,3.66490258452609
2023-04-09 16:32:20,"arduino","green",130.84,36,33.75,43.75,-0.251263201084302,9.4792352714143,4.277,4.5282632010843
2023-04-09 16:32:40,"madgetech","red",103.10962,35.8589,-35.38244,43.0146,0.595428772250284,8.36240923024158,4.277,3.68157122774972
2023-04-09 16:32:50,"arduino","green",130.84,36,34,43.78,-0.257776767199877,9.47934123382145,4.277,4.53477676719988
2023-04-09 16:33:10,"madgetech","red",103.09212,35.85854,-35.38108,43.04296,0.589619962262959,8.36215754235271,4.266,3.67638003773704
2023-04-09 16:33:20,"arduino","green",130.84,36,34,43.81,-0.264288112395327,9.47944716515465,4.255,4.51928811239533
2023-04-09 16:33:40,"madgetech","red",103.10886,35.85776,-35.38228,43.07196,0.583582164170213,8.36253903141494,4.255,3.67141783582979
2023-04-09 16:33:50,"arduino","green",130.84,36,34,43.84,-0.270797238129985,9.47955306543284,4.244,4.51479723812998
2023-04-09 16:34:10,"madgetech","red",103.0894,35.85752,-35.38014,43.10208,0.577451249871739,8.36225515774563,4.244,3.66654875012826
2023-04-09 16:34:20,"arduino","green",130.84,36,34.25,43.87,-0.277304145861362,9.47965893467494,4.244,4.52130414586136
2023-04-09 16:34:40,"madgetech","red",103.11754,35.85672,-35.3799,43.13292,0.57104155462804,8.36285108084703,4.234,3.66295844537196
2023-04-09 16:34:50,"arduino","green",130.84,36,34.25,43.9,-0.283808837045878,9.47976477289983,4.223,4.50680883704588
2023-04-09 16:35:10,"madgetech","red",103.1173,35.85602,-35.38032,43.1618,0.565053000857807,8.36291936532758,4.234,3.66894699914219
2023-04-09 16:35:20,"arduino","green",130.91,36,34.25,43.94,-0.292478313177665,9.48119878289126,4.212,4.50447831317766
2023-04-09 16:35:40,"madgetech","red",103.14814,35.85652,-35.37918,43.19216,0.559059306195805,8.36355999484938,4.223,3.6639406938042
2023-04-09 16:35:50,"arduino","green",130.87,36,34.25,43.97,-0.298977838074663,9.48056573883008,4.212,4.51097783807466
2023-04-09 16:36:10,"madgetech","red",103.11944,35.85606,-35.37872,43.22194,0.552951625893691,8.36310569551058,4.212,3.65904837410631
2023-04-09 16:36:20,"arduino","green",130.87,36,34.25,44,-0.305475151268854,9.48067148699617,4.191,4.49647515126885
2023-04-09 16:36:40,"madgetech","red",103.15612,35.85548,-35.3782,43.25284,0.546591388030514,8.36385834641824,4.212,3.66540861196949
2023-04-09 16:36:50,"arduino","green",130.91,36,34.25,44.06,-0.318463148348161,9.48162178408095,4.191,4.50946314834816
2023-04-09 16:37:10,"madgetech","red",103.14562,35.85558,-35.37784,43.28294,0.540559322339053,8.36373825617259,4.223,3.68244067766095
2023-04-09 16:37:20,"arduino","green",130.91,36,34,44.06,-0.318463148348161,9.48162178408095,4.191,4.50946314834816
2023-04-09 16:37:40,"madgetech","red",103.14394,35.85498,-35.37716,43.31292,0.534383440729865,8.36378232554037,4.191,3.65661655927013
2023-04-09 16:37:50,"arduino","green",130.91,36,33.75,44.09,-0.324953835129433,9.48172745706402,4.159,4.48395383512943
2023-04-09 16:38:10,"madgetech","red",103.16462,35.85424,-35.37684,43.34314,0.528127250141132,8.36423913610056,4.191,3.66287274985887
2023-04-09 16:38:20,"arduino","green",130.87,36,34.25,44.12,-0.33144231600033,9.48109417045455,4.159,4.49044231600033
2023-04-09 16:38:40,"madgetech","red",103.18578,35.85402,-35.37604,43.37316,0.522039644649987,8.36470275888611,4.159,3.63696035535001
2023-04-09 16:38:50,"arduino","green",130.91,36,34,44.15,-0.337928592405501,9.4819387103844,4.159,4.4969285924055
2023-04-09 16:39:10,"madgetech","red",103.1902,35.85444,-35.37492,43.40198,0.516350802058549,8.36485327325475,4.148,3.63164919794145
2023-04-09 16:39:20,"arduino","green",130.87,36,34,44.19,-0.346573534270944,9.48134050767549,4.137,4.48357353427094
2023-04-09 16:39:40,"madgetech","red",103.20204,35.85378,-35.37562,43.43164,0.510232494351469,8.36514566188448,4.148,3.63776750564853
2023-04-09 16:39:50,"arduino","green",130.87,36,34.25,44.22,-0.353054672532755,9.48144602938866,4.159,4.51205467253275
2023-04-09 16:40:10,"madgetech","red",103.20774,35.8531,-35.37482,43.46042,0.504287902669329,8.36532287333468,4.159,3.65471209733067
2023-04-09 16:40:20,"arduino","green",130.87,36,34,44.25,-0.359533611134188,9.48155152029994,4.148,4.50753361113419
2023-04-09 16:40:40,"madgetech","red",103.20864,35.85346,-35.3755,43.48836,0.498766881769427,8.36540654238421,4.116,3.61723311823057
2023-04-09 16:40:50,"arduino","green",130.87,36,34,44.28,-0.366010351513886,9.48165698042802,4.137,4.50301035151389
2023-04-09 16:41:10,"madgetech","red",103.22088,35.85346,-35.3748,43.51644,0.493131948433854,8.36570045425488,4.116,3.62286805156615
2023-04-09 16:41:20,"arduino","green",130.87,36,34.25,44.31,-0.372484895109036,9.48176240979153,4.137,4.50948489510904
2023-04-09 16:41:40,"madgetech","red",103.24236,35.85336,-35.37482,43.5442,0.487538647057096,8.3661640538378,4.116,3.6284613529429
2023-04-09 16:41:50,"arduino","green",130.91,36,34.25,44.34,-0.378957243355492,9.48260686583004,4.105,4.48395724335549
2023-04-09 16:42:10,"madgetech","red",103.25782,35.8532,-35.37378,43.57088,0.482149032472991,8.3665143178582,4.126,3.64385096752701
2023-04-09 16:42:20,"arduino","green",130.91,36,34,44.37,-0.385427397687771,9.4827122512513,4.083,4.46842739768777
2023-04-09 16:42:40,"madgetech","red",103.24424,35.85256,-35.37342,43.59636,0.476884570665884,8.36632819647976,4.094,3.61711542933412
2023-04-09 16:42:50,"arduino","green",130.91,36,34.25,44.37,-0.385427397687771,9.4827122512513,4.105,4.49042739768777
2023-04-09 16:43:10,"madgetech","red",103.27672,35.85218,-35.37306,43.6232,0.471412348231046,8.36699297337977,4.105,3.63358765176895
2023-04-09 16:43:20,"arduino","green",130.91,36,33.75,44.4,-0.391895359538936,9.48281760595877,4.094,4.48589535953894
2023-04-09 16:43:40,"madgetech","red",103.27894,35.85262,-35.3737,43.64664,0.466822888228441,8.36708967170449,4.083,3.61617711177156
2023-04-09 16:43:50,"arduino","green",130.94,36,34.25,44.44,-0.400515900622109,9.48351236803532,4.073,4.47351590062211
2023-04-09 16:44:10,"madgetech","red",103.27792,35.85176,-35.37346,43.6707,0.461793399303825,8.36713204469249,4.062,3.60020660069618
2023-04-09 16:44:20,"arduino","green",130.91,36,34,44.47,-0.406978752249476,9.48306331427151,4.094,4.50097875224948
2023-04-09 16:44:40,"madgetech","red",103.28276,35.8518,-35.37306,43.69582,0.456772500403592,8.36728225597129,4.073,3.61622749959641
2023-04-09 16:44:50,"arduino","green",130.91,36,34,44.5,-0.413439416162853,9.48316856673393,4.073,4.48643941616285
2023-04-09 16:45:10,"madgetech","red",103.2941,35.85172,-35.37298,43.71854,0.452204190664366,8.3675467002931,4.062,3.60979580933563
2023-04-09 16:45:20,"arduino","green",130.94,36,34.25,44.5,-0.413439416162853,9.48372292987906,4.062,4.47543941616285
2023-04-09 16:45:40,"madgetech","red",103.27882,35.85244,-35.37212,43.74014,0.448056533456653,8.36731568073487,4.051,3.60294346654335
2023-04-09 16:45:50,"arduino","green",130.91,36,34,44.53,-0.419897893789359,9.48327378856305,4.073,4.49289789378936
2023-04-09 16:46:10,"madgetech","red",103.26934,35.85182,-35.37236,43.76228,0.443474716535773,8.3671967753011,4.03,3.58652528346423
2023-04-09 16:46:20,"arduino","green",130.91,36,34,44.56,-0.426354186554773,9.48337897977737,4.03,4.45635418655477
2023-04-09 16:46:40,"madgetech","red",103.29148,35.8522,-35.37208,43.78434,0.439154234262151,8.36765716556418,4.051,3.61184576573785
2023-04-09 16:46:50,"arduino","green",130.94,36,34.25,44.59,-0.432808295883545,9.48403854291244,4.051,4.48380829588355
2023-04-09 16:47:10,"madgetech","red",103.29504,35.8523,-35.3723,43.80436,0.4351744582634,8.36777115492336,4.03,3.5948255417366
2023-04-09 16:47:20,"arduino","green",130.94,36,34,44.59,-0.432808295883545,9.48403854291244,4.03,4.46280829588355
2023-04-09 16:47:40,"madgetech","red",103.30092,35.85208,-35.37272,43.82602,0.430789495318544,8.36793281506394,4.03,3.59921050468146
2023-04-09 16:47:50,"arduino","green",130.91,36,34.25,44.62,-0.439260223198785,9.48358927043566,4.019,4.45826022319878
2023-04-09 16:48:10,"madgetech","red",103.32488,35.8518,-35.3718,43.84438,0.427050555218235,8.36841969083344,4.041,3.61394944478177
2023-04-09 16:48:20,"arduino","green",130.91,36,34,44.62,-0.439260223198785,9.48358927043566,4.019,4.45826022319878
2023-04-09 16:48:40,"madgetech","red",103.33496,35.85156,-35.3716,43.8641,0.423050330515646,8.36865405833806,4.008,3.58494966948435
2023-04-09 16:48:50,"arduino","green",130.91,36,34,44.65,-0.445709969922089,9.48369436991659,4.019,4.46470996992209
2023-04-09 16:49:10,"madgetech","red",103.32516,35.85274,-35.37136,43.88328,0.41950614724095,8.36851664368306,3.998,3.57849385275905
2023-04-09 16:49:20,"arduino","green",130.94,36,34.25,44.69,-0.45430624264269,9.48438890127632,3.998,4.45230624264269
2023-04-09 16:49:40,"madgetech","red",103.35306,35.85194,-35.3718,43.90106,0.415758253894355,8.36907624214859,4.008,3.59224174610564
2023-04-09 16:49:50,"arduino","green",130.94,36,34,44.69,-0.45430624264269,9.48438890127632,3.998,4.45230624264269
2023-04-09 16:50:10,"madgetech","red",103.35638,35.85224,-35.37136,43.91882,0.412284125370907,8.3691796864666,4.008,3.59571587462909
2023-04-09 16:50:20,"arduino","green",130.91,36,34,44.72,-0.460750906839406,9.4839394833006,4.019,4.47975090683941
2023-04-09 16:50:40,"madgetech","red",103.3617,35.85218,-35.37084,43.93554,0.408930321305665,8.36931851540198,3.987,3.57806967869434
2023-04-09 16:50:50,"arduino","green",130.94,36,34.25,44.72,-0.460750906839406,9.48449394262754,3.998,4.45875090683941
2023-04-09 16:51:10,"madgetech","red",103.37264,35.85246,-35.37112,43.95186,0.405740224565019,8.36955889486407,3.966,3.56025977543498
2023-04-09 16:51:20,"arduino","green",130.94,36,34,44.75,-0.467193395173454,9.48459895347711,3.955,4.42219339517345
2023-04-09 16:51:40,"madgetech","red",103.36882,35.853,-35.3715,43.96776,0.402698241792994,8.36952554400369,3.998,3.59530175820701
2023-04-09 16:51:50,"arduino","green",130.91,36,34.25,44.75,-0.467193395173454,9.48404448105033,3.966,4.43319339517345
2023-04-09 16:52:10,"madgetech","red",103.35214,35.85298,-35.37148,43.98416,0.399419981337071,8.36925813752709,3.976,3.57658001866293
2023-04-09 16:52:20,"arduino","green",130.91,36,34,44.78,-0.473633709060607,9.4841494483206,3.966,4.43963370906061
2023-04-09 16:52:40,"madgetech","red",103.36608,35.85286,-35.37156,43.99748,0.396732434439828,8.36954767963875,3.955,3.55826756556017
2023-04-09 16:52:50,"arduino","green",130.94,36,34,44.78,-0.473633709060607,9.4847039338434,3.966,4.43963370906061
2023-04-09 16:53:10,"madgetech","red",103.35114,35.8524,-35.37072,44.01124,0.393874221243959,8.36930721315212,3.966,3.57212577875604
2023-04-09 16:53:20,"arduino","green",130.94,36,34,44.81,-0.48007184991524,9.48480888374482,3.966,4.44607184991524
2023-04-09 16:53:40,"madgetech","red",103.33458,35.85284,-35.37214,44.0247,0.391296708503256,8.36903347773534,3.944,3.55270329149674
2023-04-09 16:53:50,"arduino","green",130.94,36,34.25,44.81,-0.48007184991524,9.48480888374482,3.944,4.42407184991524
2023-04-09 16:54:10,"madgetech","red",103.31756,35.85358,-35.37234,44.03644,0.389136194821027,8.36874618705982,3.955,3.56586380517897
2023-04-09 16:54:20,"arduino","green",130.91,36,34,44.84,-0.486507819150576,9.48435929149628,3.944,4.43050781915058
2023-04-09 16:54:40,"madgetech","red",103.35848,35.85338,-35.37188,44.04996,0.386390745498598,8.36953353921081,3.923,3.5366092545014
2023-04-09 16:54:50,"arduino","green",130.94,36,34.25,44.87,-0.492941618178382,9.48501869222649,3.933,4.42594161817838
2023-04-09 16:55:10,"madgetech","red",103.38958,35.854,-35.37152,44.06222,0.384097877222592,8.37013446419805,3.923,3.53890212277741
2023-04-09 16:55:20,"arduino","green",130.91,36,34.25,44.87,-0.492941618178382,9.48446416743841,3.923,4.41594161817838
2023-04-09 16:55:40,"madgetech","red",103.38552,35.85392,-35.37162,44.07302,0.381924915487829,8.37008611471682,3.944,3.56207508451217
2023-04-09 16:55:50,"arduino","green",130.94,36,34.25,44.9,-0.499373248409031,9.48512355084343,3.923,4.42237324840903
2023-04-09 16:56:10,"madgetech","red",103.37074,35.8539,-35.37266,44.08348,0.379834698011273,8.36983923912822,3.923,3.54316530198873
2023-04-09 16:56:20,"arduino","green",130.94,36,33.75,44.9,-0.499373248409031,9.48512355084343,3.923,4.42237324840903
2023-04-09 16:56:40,"madgetech","red",103.3779,35.8527,-35.3727,44.09278,0.37768668332475,8.36999731498911,3.89,3.51231331667525
2023-04-09 16:56:50,"arduino","green",130.94,36,34.25,44.91,-0.501516643441175,9.48515849696117,3.912,4.41351664344117
2023-04-09 16:57:10,"madgetech","red",103.38278,35.85336,-35.3733,44.10128,0.376154256374956,8.3701058882649,3.923,3.54684574362504
2023-04-09 16:57:20,"arduino","green",130.94,36,34.25,44.94,-0.507945384133906,9.48526331506018,3.923,4.43094538413391
2023-04-09 16:57:40,"madgetech","red",103.3664,35.85418,-35.37296,44.10976,0.374665233681408,8.36982220753501,3.89,3.51533476631859
2023-04-09 16:57:50,"arduino","green",130.94,36,34.25,44.94,-0.507945384133906,9.48526331506018,3.89,4.39794538413391
2023-04-09 16:58:10,"madgetech","red",103.38684,35.85482,-35.3724,44.11848,0.373084446570177,8.37021807268968,3.88,3.50691555342982
2023-04-09 16:58:20,"arduino","green",130.94,36,34.25,44.97,-0.514371959315251,9.48536810279209,3.912,4.42637195931525
2023-04-09 16:58:40,"madgetech","red",103.38336,35.85516,-35.37372,44.12544,0.371780972119634,8.37016982218443,3.901,3.52921902788037
2023-04-09 16:58:50,"arduino","green",130.94,36,34,44.97,-0.514371959315251,9.48536810279209,3.869,4.38337195931525
2023-04-09 16:59:10,"madgetech","red",103.39354,35.85468,-35.37398,44.13398,0.36996174045056,8.37037954795272,3.89,3.52003825954944
2023-04-09 16:59:20,"arduino","green",130.91,36,34,45,-0.520796370391032,9.48491827873085,3.912,4.43279637039103
2023-04-09 16:59:40,"madgetech","red",103.38192,35.85562,-35.37376,44.14016,0.368961060768247,8.37017762376357,3.89,3.52103893923175
2023-04-09 16:59:50,"arduino","green",130.94,36,34.25,45.03,-0.527218618765916,9.48557758722773,3.88,4.40721861876592
2023-04-09 17:00:10,"madgetech","red",103.41326,35.85588,-35.37374,44.14694,0.367674195659268,8.37077076341607,3.88,3.51232580434073
2023-04-09 17:00:20,"arduino","green",130.91,36,34,45.03,-0.527218618765916,9.48502299271896,3.88,4.40721861876592
2023-04-09 17:00:40,"madgetech","red",103.3998,35.85606,-35.37368,44.15194,0.366722372869774,8.37053434006032,3.88,3.51327762713023
2023-04-09 17:00:50,"arduino","green",130.94,36,34.25,45.06,-0.533638705843178,9.48568228396797,3.848,4.38163870584318
2023-04-09 17:01:10,"madgetech","red",103.40568,35.85636,-35.37472,44.15806,0.365576969575055,8.37065663375806,3.88,3.51442303042495
2023-04-09 17:01:20,"arduino","green",130.94,36,34.25,45.06,-0.533638705843178,9.48568228396797,3.848,4.38163870584318
2023-04-09 17:01:40,"madgetech","red",103.42188,35.85672,-35.37416,44.1638,0.36452205876078,8.37096798494376,3.869,3.50447794123922
2023-04-09 17:01:50,"arduino","green",130.94,36,33.75,45.09,-0.540056633024696,9.48578695041414,3.88,4.4200566330247
2023-04-09 17:02:10,"madgetech","red",103.42664,35.8568,-35.37402,44.16978,0.363350749656391,8.37106995951503,3.858,3.49464925034361
2023-04-09 17:02:20,"arduino","green",130.94,36,34.25,45.09,-0.540056633024696,9.48578695041414,3.88,4.4200566330247
2023-04-09 17:02:40,"madgetech","red",103.39216,35.85704,-35.3748,44.17414,0.362541373221753,8.37044447688537,3.848,3.48545862677825
2023-04-09 17:02:50,"arduino","green",130.94,36,34.25,45.09,-0.540056633024696,9.48578695041414,3.858,4.3980566330247
2023-04-09 17:03:10,"madgetech","red",103.37578,35.85688,-35.37442,44.17908,0.361518417485541,8.37015510896678,3.837,3.47548158251446
2023-04-09 17:03:20,"arduino","green",130.94,36,34,45.12,-0.546472401711073,9.48589158658446,3.848,4.39447240171107
2023-04-09 17:03:40,"madgetech","red",103.37298,35.85764,-35.37604,44.18242,0.361039816466171,8.37010934244634,3.837,3.47596018353383
2023-04-09 17:03:50,"arduino","green",130.97,36,34.25,45.12,-0.546472401711073,9.48644622026381,3.848,4.39447240171107
2023-04-09 17:04:10,"madgetech","red",103.40388,35.85726,-35.37544,44.18668,0.360098371673593,8.37069018468703,3.858,3.49790162832641
2023-04-09 17:04:20,"arduino","green",130.94,36,34.25,45.16,-0.555023404718655,9.48603105441389,3.826,4.38102340471865
2023-04-09 17:04:40,"madgetech","red",103.42282,35.8584,-35.376,44.1901,0.35969715261575,8.37104406942257,3.837,3.47730284738425
2023-04-09 17:04:50,"arduino","green",130.94,36,34,45.16,-0.555023404718655,9.48603105441389,3.848,4.40302340471866
2023-04-09 17:05:10,"madgetech","red",103.38168,35.85834,-35.3759,44.19336,0.359033391075529,8.37029408414015,3.837,3.47796660892447
2023-04-09 17:05:20,"arduino","green",130.94,36,34.25,45.16,-0.555023404718655,9.48603105441389,3.837,4.39202340471866
2023-04-09 17:05:40,"madgetech","red",103.43714,35.85896,-35.37568,44.19672,0.358516596951264,8.37132231719596,3.826,3.46748340304874
2023-04-09 17:05:50,"arduino","green",130.94,36,34,45.19,-0.561434142355589,9.48613562001129,3.848,4.40943414235559
2023-04-09 17:06:10,"madgetech","red",103.3814,35.85886,-35.37572,44.19934,0.357970479877529,8.37030186755621,3.826,3.46802952012247
2023-04-09 17:06:20,"arduino","green",130.94,36,34,45.19,-0.561434142355589,9.48613562001129,3.815,4.37643414235559
2023-04-09 17:06:40,"madgetech","red",103.39642,35.85924,-35.37674,44.20224,0.357486421651566,8.37058453069504,3.805,3.44751357834843
2023-04-09 17:06:50,"arduino","green",130.94,36,34.25,45.19,-0.561434142355589,9.48613562001129,3.826,4.38743414235559
2023-04-09 17:07:10,"madgetech","red",103.38354,35.8598,-35.37704,44.2043,0.357213765412632,8.370350515127,3.805,3.44778623458737
2023-04-09 17:07:20,"arduino","green",130.94,36,33.75,45.19,-0.561434142355589,9.48613562001129,3.826,4.38743414235559
2023-04-09 17:07:40,"madgetech","red",103.3966,35.85956,-35.37748,44.20654,0.35670898435008,8.37059731509179,3.805,3.44829101564992
2023-04-09 17:07:50,"arduino","green",130.94,36,34.25,45.22,-0.567842726156336,9.48624015539343,3.815,4.38284272615634
2023-04-09 17:08:10,"madgetech","red",103.40292,35.86038,-35.37702,44.20952,0.356317032039988,8.3707185454419,3.805,3.44868296796001
2023-04-09 17:08:20,"arduino","green",130.94,36,34.25,45.22,-0.567842726156336,9.48624015539343,3.783,4.35084272615634
2023-04-09 17:08:40,"madgetech","red",103.40932,35.85958,-35.37784,44.21038,0.355949536753265,8.37084095242287,3.794,3.43805046324673
2023-04-09 17:08:50,"arduino","green",130.97,36,34,45.22,-0.567842726156336,9.48679483255583,3.794,4.36184272615634
