#,Date-Time (PST),Ch: 1 - Temperature   (°C )
1,12/15/2022 13:30:00,9.038
2,12/15/2022 13:31:00,8.835
3,12/15/2022 13:32:00,8.685
4,12/15/2022 13:33:00,8.577
5,12/15/2022 13:34:00,8.513
6,12/15/2022 13:35:00,8.470
7,12/15/2022 13:36:00,8.438
8,12/15/2022 13:37:00,8.406
9,12/15/2022 13:38:00,8.374
10,12/15/2022 13:39:00,8.384
11,12/15/2022 13:40:00,8.384
12,12/15/2022 13:41:00,8.352
13,12/15/2022 13:42:00,8.374
14,12/15/2022 13:43:00,8.363
15,12/15/2022 13:44:00,8.406
16,12/15/2022 13:45:00,8.374
17,12/15/2022 13:46:00,8.363
18,12/15/2022 13:47:00,8.363
19,12/15/2022 13:48:00,8.395
20,12/15/2022 13:49:00,8.374
21,12/15/2022 13:50:00,8.363
22,12/15/2022 13:51:00,8.374
23,12/15/2022 13:52:00,8.374
24,12/15/2022 13:53:00,8.384
25,12/15/2022 13:54:00,8.374
26,12/15/2022 13:55:00,8.374
27,12/15/2022 13:56:00,8.363
28,12/15/2022 13:57:00,8.363
29,12/15/2022 13:58:00,8.384
30,12/15/2022 13:59:00,8.384
31,12/15/2022 14:00:00,8.352
32,12/15/2022 14:01:00,8.341
33,12/15/2022 14:02:00,8.331
34,12/15/2022 14:03:00,8.320
35,12/15/2022 14:04:00,8.320
36,12/15/2022 14:05:00,8.277
37,12/15/2022 14:06:00,8.256
38,12/15/2022 14:07:00,8.266
39,12/15/2022 14:08:00,8.277
40,12/15/2022 14:09:00,8.256
41,12/15/2022 14:10:00,8.223
42,12/15/2022 14:11:00,8.234
43,12/15/2022 14:12:00,8.213
44,12/15/2022 14:13:00,8.213
45,12/15/2022 14:14:00,8.234
46,12/15/2022 14:15:00,8.202
47,12/15/2022 14:16:00,8.191
48,12/15/2022 14:17:00,8.180
49,12/15/2022 14:18:00,8.202
50,12/15/2022 14:19:00,8.180
51,12/15/2022 14:20:00,8.191
52,12/15/2022 14:21:00,8.180
53,12/15/2022 14:22:00,8.191
54,12/15/2022 14:23:00,8.170
55,12/15/2022 14:24:00,8.148
56,12/15/2022 14:25:00,8.159
57,12/15/2022 14:26:00,8.180
58,12/15/2022 14:27:00,8.180
59,12/15/2022 14:28:00,8.159
60,12/15/2022 14:29:00,8.180
61,12/15/2022 14:30:00,8.191
62,12/15/2022 14:31:00,8.191
63,12/15/2022 14:32:00,8.223
64,12/15/2022 14:33:00,8.191
65,12/15/2022 14:34:00,8.191
66,12/15/2022 14:35:00,8.180
67,12/15/2022 14:36:00,8.213
68,12/15/2022 14:37:00,8.245
69,12/15/2022 14:38:00,8.256
70,12/15/2022 14:39:00,8.256
71,12/15/2022 14:40:00,8.266
72,12/15/2022 14:41:00,8.266
73,12/15/2022 14:42:00,8.277
74,12/15/2022 14:43:00,8.277
75,12/15/2022 14:44:00,8.234
76,12/15/2022 14:45:00,8.256
77,12/15/2022 14:46:00,8.256
78,12/15/2022 14:47:00,8.245
79,12/15/2022 14:48:00,8.245
80,12/15/2022 14:49:00,8.234
81,12/15/2022 14:50:00,8.223
82,12/15/2022 14:51:00,8.245
83,12/15/2022 14:52:00,8.245
84,12/15/2022 14:53:00,8.245
85,12/15/2022 14:54:00,8.234
86,12/15/2022 14:55:00,8.245
87,12/15/2022 14:56:00,8.256
88,12/15/2022 14:57:00,8.234
89,12/15/2022 14:58:00,8.256
90,12/15/2022 14:59:00,8.245
91,12/15/2022 15:00:00,8.256
92,12/15/2022 15:01:00,8.266
93,12/15/2022 15:02:00,8.234
94,12/15/2022 15:03:00,8.234
95,12/15/2022 15:04:00,8.245
96,12/15/2022 15:05:00,8.256
97,12/15/2022 15:06:00,8.245
98,12/15/2022 15:07:00,8.234
99,12/15/2022 15:08:00,8.266
100,12/15/2022 15:09:00,8.288
101,12/15/2022 15:10:00,8.298
102,12/15/2022 15:11:00,8.298
103,12/15/2022 15:12:00,8.309
104,12/15/2022 15:13:00,8.309
105,12/15/2022 15:14:00,8.331
106,12/15/2022 15:15:00,8.341
107,12/15/2022 15:16:00,8.331
108,12/15/2022 15:17:00,8.341
109,12/15/2022 15:18:00,8.352
110,12/15/2022 15:19:00,8.363
111,12/15/2022 15:20:00,8.363
112,12/15/2022 15:21:00,8.374
113,12/15/2022 15:22:00,8.395
114,12/15/2022 15:23:00,8.406
115,12/15/2022 15:24:00,8.427
116,12/15/2022 15:25:00,8.416
117,12/15/2022 15:26:00,8.395
118,12/15/2022 15:27:00,8.427
119,12/15/2022 15:28:00,8.416
120,12/15/2022 15:29:00,8.416
121,12/15/2022 15:30:00,8.427
122,12/15/2022 15:31:00,8.427
123,12/15/2022 15:32:00,8.416
124,12/15/2022 15:33:00,8.427
125,12/15/2022 15:34:00,8.427
126,12/15/2022 15:35:00,8.416
127,12/15/2022 15:36:00,8.416
128,12/15/2022 15:37:00,8.438
129,12/15/2022 15:38:00,8.416
130,12/15/2022 15:39:00,8.438
131,12/15/2022 15:40:00,8.406
132,12/15/2022 15:41:00,8.427
133,12/15/2022 15:42:00,8.438
134,12/15/2022 15:43:00,8.438
135,12/15/2022 15:44:00,8.438
136,12/15/2022 15:45:00,8.427
137,12/15/2022 15:46:00,8.427
138,12/15/2022 15:47:00,8.438
139,12/15/2022 15:48:00,8.438
140,12/15/2022 15:49:00,8.438
141,12/15/2022 15:50:00,8.427
142,12/15/2022 15:51:00,8.438
143,12/15/2022 15:52:00,8.449
144,12/15/2022 15:53:00,8.449
145,12/15/2022 15:54:00,8.438
146,12/15/2022 15:55:00,8.416
147,12/15/2022 15:56:00,8.449
148,12/15/2022 15:57:00,8.449
149,12/15/2022 15:58:00,8.449
150,12/15/2022 15:59:00,8.449
151,12/15/2022 16:00:00,8.449
152,12/15/2022 16:01:00,8.449
153,12/15/2022 16:02:00,8.449
154,12/15/2022 16:03:00,8.449
155,12/15/2022 16:04:00,8.449
156,12/15/2022 16:05:00,8.438
157,12/15/2022 16:06:00,8.438
158,12/15/2022 16:07:00,8.416
159,12/15/2022 16:08:00,8.427
160,12/15/2022 16:09:00,8.427
161,12/15/2022 16:10:00,8.427
162,12/15/2022 16:11:00,8.416
163,12/15/2022 16:12:00,8.438
164,12/15/2022 16:13:00,8.427
165,12/15/2022 16:14:00,8.438
166,12/15/2022 16:15:00,8.427
167,12/15/2022 16:16:00,8.416
168,12/15/2022 16:17:00,8.438
169,12/15/2022 16:18:00,8.416
170,12/15/2022 16:19:00,8.416
171,12/15/2022 16:20:00,8.427
172,12/15/2022 16:21:00,8.427
173,12/15/2022 16:22:00,8.427
174,12/15/2022 16:23:00,8.449
175,12/15/2022 16:24:00,8.438
176,12/15/2022 16:25:00,8.438
177,12/15/2022 16:26:00,8.427
178,12/15/2022 16:27:00,8.438
179,12/15/2022 16:28:00,8.438
180,12/15/2022 16:29:00,8.438
181,12/15/2022 16:30:00,8.427
182,12/15/2022 16:31:00,8.427
183,12/15/2022 16:32:00,8.449
184,12/15/2022 16:33:00,8.438
185,12/15/2022 16:34:00,8.449
186,12/15/2022 16:35:00,8.427
187,12/15/2022 16:36:00,8.449
188,12/15/2022 16:37:00,8.438
189,12/15/2022 16:38:00,8.438
190,12/15/2022 16:39:00,8.427
191,12/15/2022 16:40:00,8.438
192,12/15/2022 16:41:00,8.438
193,12/15/2022 16:42:00,8.427
194,12/15/2022 16:43:00,8.438
195,12/15/2022 16:44:00,8.449
196,12/15/2022 16:45:00,8.438
197,12/15/2022 16:46:00,8.427
198,12/15/2022 16:47:00,8.438
199,12/15/2022 16:48:00,8.449
200,12/15/2022 16:49:00,8.427
201,12/15/2022 16:50:00,8.438
202,12/15/2022 16:51:00,8.438
203,12/15/2022 16:52:00,8.438
204,12/15/2022 16:53:00,8.438
205,12/15/2022 16:54:00,8.438
206,12/15/2022 16:55:00,8.416
207,12/15/2022 16:56:00,8.438
208,12/15/2022 16:57:00,8.416
209,12/15/2022 16:58:00,8.427
210,12/15/2022 16:59:00,8.427
211,12/15/2022 17:00:00,8.427
212,12/15/2022 17:01:00,8.427
213,12/15/2022 17:02:00,8.427
214,12/15/2022 17:03:00,8.427
215,12/15/2022 17:04:00,8.416
216,12/15/2022 17:05:00,8.427
217,12/15/2022 17:06:00,8.427
218,12/15/2022 17:07:00,8.406
219,12/15/2022 17:08:00,8.416
220,12/15/2022 17:09:00,8.416
221,12/15/2022 17:10:00,8.427
222,12/15/2022 17:11:00,8.438
223,12/15/2022 17:12:00,8.427
224,12/15/2022 17:13:00,8.427
225,12/15/2022 17:14:00,8.427
226,12/15/2022 17:15:00,8.416
227,12/15/2022 17:16:00,8.416
228,12/15/2022 17:17:00,8.449
229,12/15/2022 17:18:00,8.427
230,12/15/2022 17:19:00,8.449
231,12/15/2022 17:20:00,8.449
232,12/15/2022 17:21:00,8.449
233,12/15/2022 17:22:00,8.438
234,12/15/2022 17:23:00,8.438
235,12/15/2022 17:24:00,8.449
236,12/15/2022 17:25:00,8.438
237,12/15/2022 17:26:00,8.438
238,12/15/2022 17:27:00,8.449
239,12/15/2022 17:28:00,8.449
240,12/15/2022 17:29:00,8.449
241,12/15/2022 17:30:00,8.438
242,12/15/2022 17:31:00,8.449
243,12/15/2022 17:32:00,8.449
244,12/15/2022 17:33:00,8.449
245,12/15/2022 17:34:00,8.438
246,12/15/2022 17:35:00,8.427
247,12/15/2022 17:36:00,8.416
248,12/15/2022 17:37:00,8.416
249,12/15/2022 17:38:00,8.427
250,12/15/2022 17:39:00,8.449
251,12/15/2022 17:40:00,8.427
252,12/15/2022 17:41:00,8.438
253,12/15/2022 17:42:00,8.449
254,12/15/2022 17:43:00,8.416
255,12/15/2022 17:44:00,8.427
256,12/15/2022 17:45:00,8.438
257,12/15/2022 17:46:00,8.438
258,12/15/2022 17:47:00,8.427
259,12/15/2022 17:48:00,8.416
260,12/15/2022 17:49:00,8.427
261,12/15/2022 17:50:00,8.438
262,12/15/2022 17:51:00,8.438
263,12/15/2022 17:52:00,8.416
264,12/15/2022 17:53:00,8.427
265,12/15/2022 17:54:00,8.438
266,12/15/2022 17:55:00,8.427
267,12/15/2022 17:56:00,8.438
268,12/15/2022 17:57:00,8.438
269,12/15/2022 17:58:00,8.438
270,12/15/2022 17:59:00,8.416
271,12/15/2022 18:00:00,8.416
272,12/15/2022 18:01:00,8.427
273,12/15/2022 18:02:00,8.416
274,12/15/2022 18:03:00,8.427
275,12/15/2022 18:04:00,8.427
276,12/15/2022 18:05:00,8.427
277,12/15/2022 18:06:00,8.406
278,12/15/2022 18:07:00,8.427
279,12/15/2022 18:08:00,8.427
280,12/15/2022 18:09:00,8.416
281,12/15/2022 18:10:00,8.416
282,12/15/2022 18:11:00,8.395
283,12/15/2022 18:12:00,8.395
284,12/15/2022 18:13:00,8.416
285,12/15/2022 18:14:00,8.406
286,12/15/2022 18:15:00,8.416
287,12/15/2022 18:16:00,8.395
288,12/15/2022 18:17:00,8.406
289,12/15/2022 18:18:00,8.438
290,12/15/2022 18:19:00,8.427
291,12/15/2022 18:20:00,8.406
292,12/15/2022 18:21:00,8.427
293,12/15/2022 18:22:00,8.427
294,12/15/2022 18:23:00,8.416
295,12/15/2022 18:24:00,8.406
296,12/15/2022 18:25:00,8.416
297,12/15/2022 18:26:00,8.427
298,12/15/2022 18:27:00,8.416
299,12/15/2022 18:28:00,8.416
300,12/15/2022 18:29:00,8.406
301,12/15/2022 18:30:00,8.416
302,12/15/2022 18:31:00,8.427
303,12/15/2022 18:32:00,8.416
304,12/15/2022 18:33:00,8.438
305,12/15/2022 18:34:00,8.438
306,12/15/2022 18:35:00,8.427
307,12/15/2022 18:36:00,8.416
308,12/15/2022 18:37:00,8.416
309,12/15/2022 18:38:00,8.427
310,12/15/2022 18:39:00,8.427
311,12/15/2022 18:40:00,8.427
312,12/15/2022 18:41:00,8.427
313,12/15/2022 18:42:00,8.427
314,12/15/2022 18:43:00,8.438
315,12/15/2022 18:44:00,8.427
316,12/15/2022 18:45:00,8.406
317,12/15/2022 18:46:00,8.449
318,12/15/2022 18:47:00,8.427
319,12/15/2022 18:48:00,8.416
320,12/15/2022 18:49:00,8.449
321,12/15/2022 18:50:00,8.416
322,12/15/2022 18:51:00,8.438
323,12/15/2022 18:52:00,8.438
324,12/15/2022 18:53:00,8.438
325,12/15/2022 18:54:00,8.438
326,12/15/2022 18:55:00,8.427
327,12/15/2022 18:56:00,8.427
328,12/15/2022 18:57:00,8.449
329,12/15/2022 18:58:00,8.438
330,12/15/2022 18:59:00,8.438
331,12/15/2022 19:00:00,8.427
332,12/15/2022 19:01:00,8.438
333,12/15/2022 19:02:00,8.427
334,12/15/2022 19:03:00,8.416
335,12/15/2022 19:04:00,8.449
336,12/15/2022 19:05:00,8.449
337,12/15/2022 19:06:00,8.449
338,12/15/2022 19:07:00,8.416
339,12/15/2022 19:08:00,8.449
340,12/15/2022 19:09:00,8.416
341,12/15/2022 19:10:00,8.427
342,12/15/2022 19:11:00,8.416
343,12/15/2022 19:12:00,8.438
344,12/15/2022 19:13:00,8.416
345,12/15/2022 19:14:00,8.438
346,12/15/2022 19:15:00,8.438
347,12/15/2022 19:16:00,8.427
348,12/15/2022 19:17:00,8.438
349,12/15/2022 19:18:00,8.438
350,12/15/2022 19:19:00,8.438
351,12/15/2022 19:20:00,8.438
352,12/15/2022 19:21:00,8.416
353,12/15/2022 19:22:00,8.416
354,12/15/2022 19:23:00,8.438
355,12/15/2022 19:24:00,8.427
356,12/15/2022 19:25:00,8.427
357,12/15/2022 19:26:00,8.438
358,12/15/2022 19:27:00,8.416
359,12/15/2022 19:28:00,8.427
360,12/15/2022 19:29:00,8.438
361,12/15/2022 19:30:00,8.449
362,12/15/2022 19:31:00,8.449
363,12/15/2022 19:32:00,8.449
364,12/15/2022 19:33:00,8.416
365,12/15/2022 19:34:00,8.438
366,12/15/2022 19:35:00,8.438
367,12/15/2022 19:36:00,8.416
368,12/15/2022 19:37:00,8.427
369,12/15/2022 19:38:00,8.438
370,12/15/2022 19:39:00,8.416
371,12/15/2022 19:40:00,8.416
372,12/15/2022 19:41:00,8.427
373,12/15/2022 19:42:00,8.427
374,12/15/2022 19:43:00,8.427
375,12/15/2022 19:44:00,8.427
376,12/15/2022 19:45:00,8.449
377,12/15/2022 19:46:00,8.416
378,12/15/2022 19:47:00,8.427
379,12/15/2022 19:48:00,8.416
380,12/15/2022 19:49:00,8.406
381,12/15/2022 19:50:00,8.438
382,12/15/2022 19:51:00,8.438
383,12/15/2022 19:52:00,8.438
384,12/15/2022 19:53:00,8.416
385,12/15/2022 19:54:00,8.427
386,12/15/2022 19:55:00,8.427
387,12/15/2022 19:56:00,8.427
388,12/15/2022 19:57:00,8.438
389,12/15/2022 19:58:00,8.427
390,12/15/2022 19:59:00,8.438
391,12/15/2022 20:00:00,8.427
392,12/15/2022 20:01:00,8.449
393,12/15/2022 20:02:00,8.438
394,12/15/2022 20:03:00,8.438
395,12/15/2022 20:04:00,8.416
396,12/15/2022 20:05:00,8.438
397,12/15/2022 20:06:00,8.449
398,12/15/2022 20:07:00,8.406
399,12/15/2022 20:08:00,8.449
400,12/15/2022 20:09:00,8.427
401,12/15/2022 20:10:00,8.427
402,12/15/2022 20:11:00,8.449
403,12/15/2022 20:12:00,8.449
404,12/15/2022 20:13:00,8.427
405,12/15/2022 20:14:00,8.438
406,12/15/2022 20:15:00,8.438
407,12/15/2022 20:16:00,8.427
408,12/15/2022 20:17:00,8.427
409,12/15/2022 20:18:00,8.427
410,12/15/2022 20:19:00,8.438
411,12/15/2022 20:20:00,8.449
412,12/15/2022 20:21:00,8.427
413,12/15/2022 20:22:00,8.427
414,12/15/2022 20:23:00,8.427
415,12/15/2022 20:24:00,8.427
416,12/15/2022 20:25:00,8.427
417,12/15/2022 20:26:00,8.438
418,12/15/2022 20:27:00,8.438
419,12/15/2022 20:28:00,8.427
420,12/15/2022 20:29:00,8.427
421,12/15/2022 20:30:00,8.416
422,12/15/2022 20:31:00,8.416
423,12/15/2022 20:32:00,8.416
424,12/15/2022 20:33:00,8.406
425,12/15/2022 20:34:00,8.427
426,12/15/2022 20:35:00,8.406
427,12/15/2022 20:36:00,8.416
428,12/15/2022 20:37:00,8.416
429,12/15/2022 20:38:00,8.406
430,12/15/2022 20:39:00,8.438
431,12/15/2022 20:40:00,8.427
432,12/15/2022 20:41:00,8.406
433,12/15/2022 20:42:00,8.406
434,12/15/2022 20:43:00,8.395
435,12/15/2022 20:44:00,8.416
436,12/15/2022 20:45:00,8.438
437,12/15/2022 20:46:00,8.416
438,12/15/2022 20:47:00,8.406
439,12/15/2022 20:48:00,8.395
440,12/15/2022 20:49:00,8.427
441,12/15/2022 20:50:00,8.427
442,12/15/2022 20:51:00,8.416
443,12/15/2022 20:52:00,8.438
444,12/15/2022 20:53:00,8.427
445,12/15/2022 20:54:00,8.438
446,12/15/2022 20:55:00,8.438
447,12/15/2022 20:56:00,8.427
448,12/15/2022 20:57:00,8.449
449,12/15/2022 20:58:00,8.438
450,12/15/2022 20:59:00,8.384
451,12/15/2022 21:00:00,8.406
452,12/15/2022 21:01:00,8.406
453,12/15/2022 21:02:00,8.406
454,12/15/2022 21:03:00,8.416
455,12/15/2022 21:04:00,8.384
456,12/15/2022 21:05:00,8.416
457,12/15/2022 21:06:00,8.427
458,12/15/2022 21:07:00,8.427
459,12/15/2022 21:08:00,8.395
460,12/15/2022 21:09:00,8.416
461,12/15/2022 21:10:00,8.406
462,12/15/2022 21:11:00,8.406
463,12/15/2022 21:12:00,8.374
464,12/15/2022 21:13:00,8.406
465,12/15/2022 21:14:00,8.395
466,12/15/2022 21:15:00,8.416
467,12/15/2022 21:16:00,8.406
468,12/15/2022 21:17:00,8.416
469,12/15/2022 21:18:00,8.427
470,12/15/2022 21:19:00,8.427
471,12/15/2022 21:20:00,8.438
472,12/15/2022 21:21:00,8.416
473,12/15/2022 21:22:00,8.427
474,12/15/2022 21:23:00,8.395
475,12/15/2022 21:24:00,8.427
476,12/15/2022 21:25:00,8.395
477,12/15/2022 21:26:00,8.395
478,12/15/2022 21:27:00,8.384
479,12/15/2022 21:28:00,8.395
480,12/15/2022 21:29:00,8.374
481,12/15/2022 21:30:00,8.384
482,12/15/2022 21:31:00,8.363
483,12/15/2022 21:32:00,8.374
484,12/15/2022 21:33:00,8.374
485,12/15/2022 21:34:00,8.374
486,12/15/2022 21:35:00,8.384
487,12/15/2022 21:36:00,8.395
488,12/15/2022 21:37:00,8.352
489,12/15/2022 21:38:00,8.363
490,12/15/2022 21:39:00,8.395
491,12/15/2022 21:40:00,8.374
492,12/15/2022 21:41:00,8.352
493,12/15/2022 21:42:00,8.363
494,12/15/2022 21:43:00,8.352
495,12/15/2022 21:44:00,8.352
496,12/15/2022 21:45:00,8.341
497,12/15/2022 21:46:00,8.331
498,12/15/2022 21:47:00,8.341
499,12/15/2022 21:48:00,8.363
500,12/15/2022 21:49:00,8.363
501,12/15/2022 21:50:00,8.352
502,12/15/2022 21:51:00,8.341
503,12/15/2022 21:52:00,8.320
504,12/15/2022 21:53:00,8.341
505,12/15/2022 21:54:00,8.331
506,12/15/2022 21:55:00,8.331
507,12/15/2022 21:56:00,8.352
508,12/15/2022 21:57:00,8.352
509,12/15/2022 21:58:00,8.352
510,12/15/2022 21:59:00,8.331
511,12/15/2022 22:00:00,8.363
512,12/15/2022 22:01:00,8.352
513,12/15/2022 22:02:00,8.363
514,12/15/2022 22:03:00,8.374
515,12/15/2022 22:04:00,8.352
516,12/15/2022 22:05:00,8.363
517,12/15/2022 22:06:00,8.374
518,12/15/2022 22:07:00,8.352
519,12/15/2022 22:08:00,8.384
520,12/15/2022 22:09:00,8.374
521,12/15/2022 22:10:00,8.395
522,12/15/2022 22:11:00,8.374
523,12/15/2022 22:12:00,8.374
524,12/15/2022 22:13:00,8.384
525,12/15/2022 22:14:00,8.406
526,12/15/2022 22:15:00,8.395
527,12/15/2022 22:16:00,8.406
528,12/15/2022 22:17:00,8.395
529,12/15/2022 22:18:00,8.384
530,12/15/2022 22:19:00,8.395
531,12/15/2022 22:20:00,8.395
532,12/15/2022 22:21:00,8.406
533,12/15/2022 22:22:00,8.406
534,12/15/2022 22:23:00,8.395
535,12/15/2022 22:24:00,8.406
536,12/15/2022 22:25:00,8.416
537,12/15/2022 22:26:00,8.406
538,12/15/2022 22:27:00,8.416
539,12/15/2022 22:28:00,8.395
540,12/15/2022 22:29:00,8.416
541,12/15/2022 22:30:00,8.416
542,12/15/2022 22:31:00,8.406
543,12/15/2022 22:32:00,8.395
544,12/15/2022 22:33:00,8.406
545,12/15/2022 22:34:00,8.427
546,12/15/2022 22:35:00,8.395
547,12/15/2022 22:36:00,8.406
548,12/15/2022 22:37:00,8.427
549,12/15/2022 22:38:00,8.416
550,12/15/2022 22:39:00,8.406
551,12/15/2022 22:40:00,8.395
552,12/15/2022 22:41:00,8.406
553,12/15/2022 22:42:00,8.406
554,12/15/2022 22:43:00,8.395
555,12/15/2022 22:44:00,8.416
556,12/15/2022 22:45:00,8.406
557,12/15/2022 22:46:00,8.416
558,12/15/2022 22:47:00,8.416
559,12/15/2022 22:48:00,8.406
560,12/15/2022 22:49:00,8.406
561,12/15/2022 22:50:00,8.406
562,12/15/2022 22:51:00,8.406
563,12/15/2022 22:52:00,8.427
564,12/15/2022 22:53:00,8.427
565,12/15/2022 22:54:00,8.406
566,12/15/2022 22:55:00,8.427
567,12/15/2022 22:56:00,8.427
568,12/15/2022 22:57:00,8.416
569,12/15/2022 22:58:00,8.406
570,12/15/2022 22:59:00,8.416
571,12/15/2022 23:00:00,8.406
572,12/15/2022 23:01:00,8.406
573,12/15/2022 23:02:00,8.406
574,12/15/2022 23:03:00,8.427
575,12/15/2022 23:04:00,8.406
576,12/15/2022 23:05:00,8.416
577,12/15/2022 23:06:00,8.395
578,12/15/2022 23:07:00,8.406
579,12/15/2022 23:08:00,8.406
580,12/15/2022 23:09:00,8.416
581,12/15/2022 23:10:00,8.416
582,12/15/2022 23:11:00,8.416
583,12/15/2022 23:12:00,8.427
584,12/15/2022 23:13:00,8.416
585,12/15/2022 23:14:00,8.406
586,12/15/2022 23:15:00,8.416
587,12/15/2022 23:16:00,8.395
588,12/15/2022 23:17:00,8.416
589,12/15/2022 23:18:00,8.395
590,12/15/2022 23:19:00,8.395
591,12/15/2022 23:20:00,8.384
592,12/15/2022 23:21:00,8.416
593,12/15/2022 23:22:00,8.395
594,12/15/2022 23:23:00,8.406
595,12/15/2022 23:24:00,8.416
596,12/15/2022 23:25:00,8.416
597,12/15/2022 23:26:00,8.416
598,12/15/2022 23:27:00,8.427
599,12/15/2022 23:28:00,8.427
600,12/15/2022 23:29:00,8.416
601,12/15/2022 23:30:00,8.406
602,12/15/2022 23:31:00,8.416
603,12/15/2022 23:32:00,8.427
604,12/15/2022 23:33:00,8.406
605,12/15/2022 23:34:00,8.384
606,12/15/2022 23:35:00,8.406
607,12/15/2022 23:36:00,8.406
608,12/15/2022 23:37:00,8.406
609,12/15/2022 23:38:00,8.406
610,12/15/2022 23:39:00,8.374
611,12/15/2022 23:40:00,8.384
612,12/15/2022 23:41:00,8.416
613,12/15/2022 23:42:00,8.395
614,12/15/2022 23:43:00,8.395
615,12/15/2022 23:44:00,8.416
616,12/15/2022 23:45:00,8.427
617,12/15/2022 23:46:00,8.406
618,12/15/2022 23:47:00,8.395
619,12/15/2022 23:48:00,8.406
620,12/15/2022 23:49:00,8.416
621,12/15/2022 23:50:00,8.406
622,12/15/2022 23:51:00,8.406
623,12/15/2022 23:52:00,8.427
624,12/15/2022 23:53:00,8.427
625,12/15/2022 23:54:00,8.416
626,12/15/2022 23:55:00,8.416
627,12/15/2022 23:56:00,8.416
628,12/15/2022 23:57:00,8.406
629,12/15/2022 23:58:00,8.427
630,12/15/2022 23:59:00,8.395
631,12/16/2022 00:00:00,8.416
632,12/16/2022 00:01:00,8.416
633,12/16/2022 00:02:00,8.427
634,12/16/2022 00:03:00,8.427
635,12/16/2022 00:04:00,8.406
636,12/16/2022 00:05:00,8.427
637,12/16/2022 00:06:00,8.416
638,12/16/2022 00:07:00,8.416
639,12/16/2022 00:08:00,8.427
640,12/16/2022 00:09:00,8.427
641,12/16/2022 00:10:00,8.427
642,12/16/2022 00:11:00,8.395
643,12/16/2022 00:12:00,8.406
644,12/16/2022 00:13:00,8.427
645,12/16/2022 00:14:00,8.406
646,12/16/2022 00:15:00,8.406
647,12/16/2022 00:16:00,8.406
648,12/16/2022 00:17:00,8.416
649,12/16/2022 00:18:00,8.427
650,12/16/2022 00:19:00,8.427
651,12/16/2022 00:20:00,8.438
652,12/16/2022 00:21:00,8.395
653,12/16/2022 00:22:00,8.427
654,12/16/2022 00:23:00,8.395
655,12/16/2022 00:24:00,8.395
656,12/16/2022 00:25:00,8.406
657,12/16/2022 00:26:00,8.427
658,12/16/2022 00:27:00,8.395
659,12/16/2022 00:28:00,8.406
660,12/16/2022 00:29:00,8.395
661,12/16/2022 00:30:00,8.395
662,12/16/2022 00:31:00,8.395
663,12/16/2022 00:32:00,8.406
664,12/16/2022 00:33:00,8.395
665,12/16/2022 00:34:00,8.406
666,12/16/2022 00:35:00,8.416
667,12/16/2022 00:36:00,8.416
668,12/16/2022 00:37:00,8.416
669,12/16/2022 00:38:00,8.438
670,12/16/2022 00:39:00,8.438
671,12/16/2022 00:40:00,8.406
672,12/16/2022 00:41:00,8.438
673,12/16/2022 00:42:00,8.427
674,12/16/2022 00:43:00,8.416
675,12/16/2022 00:44:00,8.416
676,12/16/2022 00:45:00,8.438
677,12/16/2022 00:46:00,8.406
678,12/16/2022 00:47:00,8.427
679,12/16/2022 00:48:00,8.406
680,12/16/2022 00:49:00,8.416
681,12/16/2022 00:50:00,8.427
682,12/16/2022 00:51:00,8.416
683,12/16/2022 00:52:00,8.406
684,12/16/2022 00:53:00,8.427
685,12/16/2022 00:54:00,8.416
686,12/16/2022 00:55:00,8.406
687,12/16/2022 00:56:00,8.416
688,12/16/2022 00:57:00,8.416
689,12/16/2022 00:58:00,8.406
690,12/16/2022 00:59:00,8.395
691,12/16/2022 01:00:00,8.427
692,12/16/2022 01:01:00,8.416
693,12/16/2022 01:02:00,8.438
694,12/16/2022 01:03:00,8.395
695,12/16/2022 01:04:00,8.416
696,12/16/2022 01:05:00,8.416
697,12/16/2022 01:06:00,8.406
698,12/16/2022 01:07:00,8.395
699,12/16/2022 01:08:00,8.406
700,12/16/2022 01:09:00,8.406
701,12/16/2022 01:10:00,8.406
702,12/16/2022 01:11:00,8.416
703,12/16/2022 01:12:00,8.416
704,12/16/2022 01:13:00,8.406
705,12/16/2022 01:14:00,8.416
706,12/16/2022 01:15:00,8.416
707,12/16/2022 01:16:00,8.395
708,12/16/2022 01:17:00,8.416
709,12/16/2022 01:18:00,8.416
710,12/16/2022 01:19:00,8.406
711,12/16/2022 01:20:00,8.416
712,12/16/2022 01:21:00,8.395
713,12/16/2022 01:22:00,8.395
714,12/16/2022 01:23:00,8.406
715,12/16/2022 01:24:00,8.416
716,12/16/2022 01:25:00,8.427
717,12/16/2022 01:26:00,8.416
718,12/16/2022 01:27:00,8.416
719,12/16/2022 01:28:00,8.395
720,12/16/2022 01:29:00,8.374
721,12/16/2022 01:30:00,8.384
722,12/16/2022 01:31:00,8.384
723,12/16/2022 01:32:00,8.374
724,12/16/2022 01:33:00,8.363
725,12/16/2022 01:34:00,8.374
726,12/16/2022 01:35:00,8.395
727,12/16/2022 01:36:00,8.384
728,12/16/2022 01:37:00,8.374
729,12/16/2022 01:38:00,8.374
730,12/16/2022 01:39:00,8.384
731,12/16/2022 01:40:00,8.406
732,12/16/2022 01:41:00,8.384
733,12/16/2022 01:42:00,8.406
734,12/16/2022 01:43:00,8.416
735,12/16/2022 01:44:00,8.384
736,12/16/2022 01:45:00,8.406
737,12/16/2022 01:46:00,8.395
738,12/16/2022 01:47:00,8.406
739,12/16/2022 01:48:00,8.374
740,12/16/2022 01:49:00,8.406
741,12/16/2022 01:50:00,8.416
742,12/16/2022 01:51:00,8.406
743,12/16/2022 01:52:00,8.406
744,12/16/2022 01:53:00,8.406
745,12/16/2022 01:54:00,8.427
746,12/16/2022 01:55:00,8.427
747,12/16/2022 01:56:00,8.406
748,12/16/2022 01:57:00,8.384
749,12/16/2022 01:58:00,8.395
750,12/16/2022 01:59:00,8.427
751,12/16/2022 02:00:00,8.395
752,12/16/2022 02:01:00,8.427
753,12/16/2022 02:02:00,8.395
754,12/16/2022 02:03:00,8.416
755,12/16/2022 02:04:00,8.406
756,12/16/2022 02:05:00,8.406
757,12/16/2022 02:06:00,8.416
758,12/16/2022 02:07:00,8.416
759,12/16/2022 02:08:00,8.416
760,12/16/2022 02:09:00,8.406
761,12/16/2022 02:10:00,8.416
762,12/16/2022 02:11:00,8.406
763,12/16/2022 02:12:00,8.406
764,12/16/2022 02:13:00,8.416
765,12/16/2022 02:14:00,8.406
766,12/16/2022 02:15:00,8.406
767,12/16/2022 02:16:00,8.416
768,12/16/2022 02:17:00,8.395
769,12/16/2022 02:18:00,8.395
770,12/16/2022 02:19:00,8.406
771,12/16/2022 02:20:00,8.395
772,12/16/2022 02:21:00,8.406
773,12/16/2022 02:22:00,8.395
774,12/16/2022 02:23:00,8.395
775,12/16/2022 02:24:00,8.395
776,12/16/2022 02:25:00,8.374
777,12/16/2022 02:26:00,8.363
778,12/16/2022 02:27:00,8.416
779,12/16/2022 02:28:00,8.395
780,12/16/2022 02:29:00,8.406
781,12/16/2022 02:30:00,8.395
782,12/16/2022 02:31:00,8.406
783,12/16/2022 02:32:00,8.416
784,12/16/2022 02:33:00,8.395
785,12/16/2022 02:34:00,8.395
786,12/16/2022 02:35:00,8.416
787,12/16/2022 02:36:00,8.427
788,12/16/2022 02:37:00,8.406
789,12/16/2022 02:38:00,8.395
790,12/16/2022 02:39:00,8.395
791,12/16/2022 02:40:00,8.406
792,12/16/2022 02:41:00,8.384
793,12/16/2022 02:42:00,8.395
794,12/16/2022 02:43:00,8.363
795,12/16/2022 02:44:00,8.384
796,12/16/2022 02:45:00,8.395
797,12/16/2022 02:46:00,8.395
798,12/16/2022 02:47:00,8.352
799,12/16/2022 02:48:00,8.395
800,12/16/2022 02:49:00,8.395
801,12/16/2022 02:50:00,8.384
802,12/16/2022 02:51:00,8.384
803,12/16/2022 02:52:00,8.374
804,12/16/2022 02:53:00,8.395
805,12/16/2022 02:54:00,8.395
806,12/16/2022 02:55:00,8.384
807,12/16/2022 02:56:00,8.395
808,12/16/2022 02:57:00,8.374
809,12/16/2022 02:58:00,8.395
810,12/16/2022 02:59:00,8.395
811,12/16/2022 03:00:00,8.384
812,12/16/2022 03:01:00,8.374
813,12/16/2022 03:02:00,8.384
814,12/16/2022 03:03:00,8.384
815,12/16/2022 03:04:00,8.406
816,12/16/2022 03:05:00,8.374
817,12/16/2022 03:06:00,8.374
818,12/16/2022 03:07:00,8.395
819,12/16/2022 03:08:00,8.384
820,12/16/2022 03:09:00,8.384
821,12/16/2022 03:10:00,8.406
822,12/16/2022 03:11:00,8.406
823,12/16/2022 03:12:00,8.395
824,12/16/2022 03:13:00,8.406
825,12/16/2022 03:14:00,8.374
826,12/16/2022 03:15:00,8.395
827,12/16/2022 03:16:00,8.384
828,12/16/2022 03:17:00,8.384
829,12/16/2022 03:18:00,8.395
830,12/16/2022 03:19:00,8.374
831,12/16/2022 03:20:00,8.374
832,12/16/2022 03:21:00,8.384
833,12/16/2022 03:22:00,8.395
834,12/16/2022 03:23:00,8.374
835,12/16/2022 03:24:00,8.384
836,12/16/2022 03:25:00,8.395
837,12/16/2022 03:26:00,8.374
838,12/16/2022 03:27:00,8.395
839,12/16/2022 03:28:00,8.384
840,12/16/2022 03:29:00,8.384
841,12/16/2022 03:30:00,8.384
842,12/16/2022 03:31:00,8.374
843,12/16/2022 03:32:00,8.374
844,12/16/2022 03:33:00,8.384
845,12/16/2022 03:34:00,8.374
846,12/16/2022 03:35:00,8.374
847,12/16/2022 03:36:00,8.374
848,12/16/2022 03:37:00,8.384
849,12/16/2022 03:38:00,8.363
850,12/16/2022 03:39:00,8.363
851,12/16/2022 03:40:00,8.363
852,12/16/2022 03:41:00,8.374
853,12/16/2022 03:42:00,8.374
854,12/16/2022 03:43:00,8.384
855,12/16/2022 03:44:00,8.374
856,12/16/2022 03:45:00,8.374
857,12/16/2022 03:46:00,8.406
858,12/16/2022 03:47:00,8.384
859,12/16/2022 03:48:00,8.374
860,12/16/2022 03:49:00,8.406
861,12/16/2022 03:50:00,8.374
862,12/16/2022 03:51:00,8.395
863,12/16/2022 03:52:00,8.395
864,12/16/2022 03:53:00,8.363
865,12/16/2022 03:54:00,8.374
866,12/16/2022 03:55:00,8.374
867,12/16/2022 03:56:00,8.363
868,12/16/2022 03:57:00,8.374
869,12/16/2022 03:58:00,8.363
870,12/16/2022 03:59:00,8.384
871,12/16/2022 04:00:00,8.374
872,12/16/2022 04:01:00,8.384
873,12/16/2022 04:02:00,8.374
874,12/16/2022 04:03:00,8.363
875,12/16/2022 04:04:00,8.374
876,12/16/2022 04:05:00,8.374
877,12/16/2022 04:06:00,8.374
878,12/16/2022 04:07:00,8.363
879,12/16/2022 04:08:00,8.374
880,12/16/2022 04:09:00,8.395
881,12/16/2022 04:10:00,8.363
882,12/16/2022 04:11:00,8.384
883,12/16/2022 04:12:00,8.384
884,12/16/2022 04:13:00,8.406
885,12/16/2022 04:14:00,8.374
886,12/16/2022 04:15:00,8.395
887,12/16/2022 04:16:00,8.395
888,12/16/2022 04:17:00,8.395
889,12/16/2022 04:18:00,8.374
890,12/16/2022 04:19:00,8.406
891,12/16/2022 04:20:00,8.374
892,12/16/2022 04:21:00,8.406
893,12/16/2022 04:22:00,8.395
894,12/16/2022 04:23:00,8.416
895,12/16/2022 04:24:00,8.395
896,12/16/2022 04:25:00,8.384
897,12/16/2022 04:26:00,8.384
898,12/16/2022 04:27:00,8.395
899,12/16/2022 04:28:00,8.406
900,12/16/2022 04:29:00,8.395
901,12/16/2022 04:30:00,8.395
902,12/16/2022 04:31:00,8.374
903,12/16/2022 04:32:00,8.352
904,12/16/2022 04:33:00,8.363
905,12/16/2022 04:34:00,8.352
906,12/16/2022 04:35:00,8.320
907,12/16/2022 04:36:00,8.363
908,12/16/2022 04:37:00,8.341
909,12/16/2022 04:38:00,8.331
910,12/16/2022 04:39:00,8.341
911,12/16/2022 04:40:00,8.352
912,12/16/2022 04:41:00,8.341
913,12/16/2022 04:42:00,8.363
914,12/16/2022 04:43:00,8.341
915,12/16/2022 04:44:00,8.352
916,12/16/2022 04:45:00,8.363
917,12/16/2022 04:46:00,8.363
918,12/16/2022 04:47:00,8.352
919,12/16/2022 04:48:00,8.341
920,12/16/2022 04:49:00,8.341
921,12/16/2022 04:50:00,8.320
922,12/16/2022 04:51:00,8.331
923,12/16/2022 04:52:00,8.320
924,12/16/2022 04:53:00,8.363
925,12/16/2022 04:54:00,8.341
926,12/16/2022 04:55:00,8.320
927,12/16/2022 04:56:00,8.331
928,12/16/2022 04:57:00,8.331
929,12/16/2022 04:58:00,8.320
930,12/16/2022 04:59:00,8.331
931,12/16/2022 05:00:00,8.363
932,12/16/2022 05:01:00,8.341
933,12/16/2022 05:02:00,8.341
934,12/16/2022 05:03:00,8.352
935,12/16/2022 05:04:00,8.363
936,12/16/2022 05:05:00,8.341
937,12/16/2022 05:06:00,8.341
938,12/16/2022 05:07:00,8.352
939,12/16/2022 05:08:00,8.363
940,12/16/2022 05:09:00,8.341
941,12/16/2022 05:10:00,8.341
942,12/16/2022 05:11:00,8.341
943,12/16/2022 05:12:00,8.320
944,12/16/2022 05:13:00,8.320
945,12/16/2022 05:14:00,8.331
946,12/16/2022 05:15:00,8.331
947,12/16/2022 05:16:00,8.331
948,12/16/2022 05:17:00,8.331
949,12/16/2022 05:18:00,8.331
950,12/16/2022 05:19:00,8.331
951,12/16/2022 05:20:00,8.331
952,12/16/2022 05:21:00,8.331
953,12/16/2022 05:22:00,8.331
954,12/16/2022 05:23:00,8.331
955,12/16/2022 05:24:00,8.331
956,12/16/2022 05:25:00,8.352
957,12/16/2022 05:26:00,8.331
958,12/16/2022 05:27:00,8.352
959,12/16/2022 05:28:00,8.331
960,12/16/2022 05:29:00,8.341
961,12/16/2022 05:30:00,8.341
962,12/16/2022 05:31:00,8.341
963,12/16/2022 05:32:00,8.320
964,12/16/2022 05:33:00,8.331
965,12/16/2022 05:34:00,8.320
966,12/16/2022 05:35:00,8.341
967,12/16/2022 05:36:00,8.331
968,12/16/2022 05:37:00,8.341
969,12/16/2022 05:38:00,8.331
970,12/16/2022 05:39:00,8.331
971,12/16/2022 05:40:00,8.320
972,12/16/2022 05:41:00,8.331
973,12/16/2022 05:42:00,8.320
974,12/16/2022 05:43:00,8.341
975,12/16/2022 05:44:00,8.363
976,12/16/2022 05:45:00,8.341
977,12/16/2022 05:46:00,8.341
978,12/16/2022 05:47:00,8.352
979,12/16/2022 05:48:00,8.352
980,12/16/2022 05:49:00,8.352
981,12/16/2022 05:50:00,8.352
982,12/16/2022 05:51:00,8.363
983,12/16/2022 05:52:00,8.352
984,12/16/2022 05:53:00,8.331
985,12/16/2022 05:54:00,8.352
986,12/16/2022 05:55:00,8.352
987,12/16/2022 05:56:00,8.352
988,12/16/2022 05:57:00,8.341
989,12/16/2022 05:58:00,8.341
990,12/16/2022 05:59:00,8.341
991,12/16/2022 06:00:00,8.341
992,12/16/2022 06:01:00,8.331
993,12/16/2022 06:02:00,8.341
994,12/16/2022 06:03:00,8.363
995,12/16/2022 06:04:00,8.352
996,12/16/2022 06:05:00,8.352
997,12/16/2022 06:06:00,8.352
998,12/16/2022 06:07:00,8.341
999,12/16/2022 06:08:00,8.363
1000,12/16/2022 06:09:00,8.363
1001,12/16/2022 06:10:00,8.363
1002,12/16/2022 06:11:00,8.363
1003,12/16/2022 06:12:00,8.352
1004,12/16/2022 06:13:00,8.363
1005,12/16/2022 06:14:00,8.352
1006,12/16/2022 06:15:00,8.374
1007,12/16/2022 06:16:00,8.352
1008,12/16/2022 06:17:00,8.363
1009,12/16/2022 06:18:00,8.363
1010,12/16/2022 06:19:00,8.363
1011,12/16/2022 06:20:00,8.363
1012,12/16/2022 06:21:00,8.352
1013,12/16/2022 06:22:00,8.363
1014,12/16/2022 06:23:00,8.352
1015,12/16/2022 06:24:00,8.352
1016,12/16/2022 06:25:00,8.363
1017,12/16/2022 06:26:00,8.363
1018,12/16/2022 06:27:00,8.384
1019,12/16/2022 06:28:00,8.374
1020,12/16/2022 06:29:00,8.395
1021,12/16/2022 06:30:00,8.374
1022,12/16/2022 06:31:00,8.374
1023,12/16/2022 06:32:00,8.384
1024,12/16/2022 06:33:00,8.384
1025,12/16/2022 06:34:00,8.374
1026,12/16/2022 06:35:00,8.395
1027,12/16/2022 06:36:00,8.384
1028,12/16/2022 06:37:00,8.406
1029,12/16/2022 06:38:00,8.384
1030,12/16/2022 06:39:00,8.374
1031,12/16/2022 06:40:00,8.384
1032,12/16/2022 06:41:00,8.363
1033,12/16/2022 06:42:00,8.374
1034,12/16/2022 06:43:00,8.374
1035,12/16/2022 06:44:00,8.384
1036,12/16/2022 06:45:00,8.384
1037,12/16/2022 06:46:00,8.363
1038,12/16/2022 06:47:00,8.374
1039,12/16/2022 06:48:00,8.384
1040,12/16/2022 06:49:00,8.363
1041,12/16/2022 06:50:00,8.374
1042,12/16/2022 06:51:00,8.374
1043,12/16/2022 06:52:00,8.374
1044,12/16/2022 06:53:00,8.384
1045,12/16/2022 06:54:00,8.384
1046,12/16/2022 06:55:00,8.384
1047,12/16/2022 06:56:00,8.363
1048,12/16/2022 06:57:00,8.384
1049,12/16/2022 06:58:00,8.363
1050,12/16/2022 06:59:00,8.384
1051,12/16/2022 07:00:00,8.374
1052,12/16/2022 07:01:00,8.363
1053,12/16/2022 07:02:00,8.374
1054,12/16/2022 07:03:00,8.363
1055,12/16/2022 07:04:00,8.363
1056,12/16/2022 07:05:00,8.374
1057,12/16/2022 07:06:00,8.384
1058,12/16/2022 07:07:00,8.374
1059,12/16/2022 07:08:00,8.363
1060,12/16/2022 07:09:00,8.374
1061,12/16/2022 07:10:00,8.384
1062,12/16/2022 07:11:00,8.363
1063,12/16/2022 07:12:00,8.384
1064,12/16/2022 07:13:00,8.363
1065,12/16/2022 07:14:00,8.374
1066,12/16/2022 07:15:00,8.363
1067,12/16/2022 07:16:00,8.363
1068,12/16/2022 07:17:00,8.363
1069,12/16/2022 07:18:00,8.374
1070,12/16/2022 07:19:00,8.374
1071,12/16/2022 07:20:00,8.352
1072,12/16/2022 07:21:00,8.352
1073,12/16/2022 07:22:00,8.363
1074,12/16/2022 07:23:00,8.363
1075,12/16/2022 07:24:00,8.374
1076,12/16/2022 07:25:00,8.384
1077,12/16/2022 07:26:00,8.374
1078,12/16/2022 07:27:00,8.406
1079,12/16/2022 07:28:00,8.374
1080,12/16/2022 07:29:00,8.384
1081,12/16/2022 07:30:00,8.384
1082,12/16/2022 07:31:00,8.374
1083,12/16/2022 07:32:00,8.374
1084,12/16/2022 07:33:00,8.395
1085,12/16/2022 07:34:00,8.384
1086,12/16/2022 07:35:00,8.384
1087,12/16/2022 07:36:00,8.406
1088,12/16/2022 07:37:00,8.395
1089,12/16/2022 07:38:00,8.384
1090,12/16/2022 07:39:00,8.374
1091,12/16/2022 07:40:00,8.406
1092,12/16/2022 07:41:00,8.395
1093,12/16/2022 07:42:00,8.395
1094,12/16/2022 07:43:00,8.395
1095,12/16/2022 07:44:00,8.395
1096,12/16/2022 07:45:00,8.395
1097,12/16/2022 07:46:00,8.395
1098,12/16/2022 07:47:00,8.374
1099,12/16/2022 07:48:00,8.384
1100,12/16/2022 07:49:00,8.374
1101,12/16/2022 07:50:00,8.395
1102,12/16/2022 07:51:00,8.395
1103,12/16/2022 07:52:00,8.395
1104,12/16/2022 07:53:00,8.395
1105,12/16/2022 07:54:00,8.395
1106,12/16/2022 07:55:00,8.374
1107,12/16/2022 07:56:00,8.395
1108,12/16/2022 07:57:00,8.406
1109,12/16/2022 07:58:00,8.374
1110,12/16/2022 07:59:00,8.395
1111,12/16/2022 08:00:00,8.384
1112,12/16/2022 08:01:00,8.384
1113,12/16/2022 08:02:00,8.374
1114,12/16/2022 08:03:00,8.374
1115,12/16/2022 08:04:00,8.363
1116,12/16/2022 08:05:00,8.374
1117,12/16/2022 08:06:00,8.374
1118,12/16/2022 08:07:00,8.363
1119,12/16/2022 08:08:00,8.374
1120,12/16/2022 08:09:00,8.374
1121,12/16/2022 08:10:00,8.363
1122,12/16/2022 08:11:00,8.363
1123,12/16/2022 08:12:00,8.374
1124,12/16/2022 08:13:00,8.363
1125,12/16/2022 08:14:00,8.374
1126,12/16/2022 08:15:00,8.352
1127,12/16/2022 08:16:00,8.363
1128,12/16/2022 08:17:00,8.374
1129,12/16/2022 08:18:00,8.374
1130,12/16/2022 08:19:00,8.363
1131,12/16/2022 08:20:00,8.363
1132,12/16/2022 08:21:00,8.341
1133,12/16/2022 08:22:00,8.374
1134,12/16/2022 08:23:00,8.341
1135,12/16/2022 08:24:00,8.331
1136,12/16/2022 08:25:00,8.320
1137,12/16/2022 08:26:00,8.309
1138,12/16/2022 08:27:00,8.352
1139,12/16/2022 08:28:00,8.363
1140,12/16/2022 08:29:00,8.363
1141,12/16/2022 08:30:00,8.363
1142,12/16/2022 08:31:00,8.331
1143,12/16/2022 08:32:00,8.331
1144,12/16/2022 08:33:00,8.320
1145,12/16/2022 08:34:00,8.352
1146,12/16/2022 08:35:00,8.352
1147,12/16/2022 08:36:00,8.363
1148,12/16/2022 08:37:00,8.374
1149,12/16/2022 08:38:00,8.384
1150,12/16/2022 08:39:00,8.374
1151,12/16/2022 08:40:00,8.363
1152,12/16/2022 08:41:00,8.374
1153,12/16/2022 08:42:00,8.374
1154,12/16/2022 08:43:00,8.352
1155,12/16/2022 08:44:00,8.374
1156,12/16/2022 08:45:00,8.374
1157,12/16/2022 08:46:00,8.363
1158,12/16/2022 08:47:00,8.341
1159,12/16/2022 08:48:00,8.352
1160,12/16/2022 08:49:00,8.320
1161,12/16/2022 08:50:00,8.331
1162,12/16/2022 08:51:00,8.331
1163,12/16/2022 08:52:00,8.320
1164,12/16/2022 08:53:00,8.320
1165,12/16/2022 08:54:00,8.331
1166,12/16/2022 08:55:00,8.341
1167,12/16/2022 08:56:00,8.309
1168,12/16/2022 08:57:00,8.331
1169,12/16/2022 08:58:00,8.320
1170,12/16/2022 08:59:00,8.341
1171,12/16/2022 09:00:00,8.331
1172,12/16/2022 09:01:00,8.341
1173,12/16/2022 09:02:00,8.341
1174,12/16/2022 09:03:00,8.363
1175,12/16/2022 09:04:00,8.352
1176,12/16/2022 09:05:00,8.363
1177,12/16/2022 09:06:00,8.331
1178,12/16/2022 09:07:00,8.352
1179,12/16/2022 09:08:00,8.352
1180,12/16/2022 09:09:00,8.363
1181,12/16/2022 09:10:00,8.352
1182,12/16/2022 09:11:00,8.374
1183,12/16/2022 09:12:00,8.352
1184,12/16/2022 09:13:00,8.363
1185,12/16/2022 09:14:00,8.363
1186,12/16/2022 09:15:00,8.363
1187,12/16/2022 09:16:00,8.363
1188,12/16/2022 09:17:00,8.363
1189,12/16/2022 09:18:00,8.374
1190,12/16/2022 09:19:00,8.374
1191,12/16/2022 09:20:00,8.374
1192,12/16/2022 09:21:00,8.384
1193,12/16/2022 09:22:00,8.384
1194,12/16/2022 09:23:00,8.406
1195,12/16/2022 09:24:00,8.374
1196,12/16/2022 09:25:00,8.374
1197,12/16/2022 09:26:00,8.384
1198,12/16/2022 09:27:00,8.341
1199,12/16/2022 09:28:00,8.341
1200,12/16/2022 09:29:00,8.309
1201,12/16/2022 09:30:00,8.320
1202,12/16/2022 09:31:00,8.288
1203,12/16/2022 09:32:00,8.277
1204,12/16/2022 09:33:00,8.298
1205,12/16/2022 09:34:00,8.298
1206,12/16/2022 09:35:00,8.288
1207,12/16/2022 09:36:00,8.309
1208,12/16/2022 09:37:00,8.320
1209,12/16/2022 09:38:00,8.341
1210,12/16/2022 09:39:00,8.331
1211,12/16/2022 09:40:00,8.352
1212,12/16/2022 09:41:00,8.363
1213,12/16/2022 09:42:00,8.352
1214,12/16/2022 09:43:00,8.363
1215,12/16/2022 09:44:00,8.363
1216,12/16/2022 09:45:00,8.363
1217,12/16/2022 09:46:00,8.363
1218,12/16/2022 09:47:00,8.352
1219,12/16/2022 09:48:00,8.352
1220,12/16/2022 09:49:00,8.363
1221,12/16/2022 09:50:00,8.331
1222,12/16/2022 09:51:00,8.352
1223,12/16/2022 09:52:00,8.320
1224,12/16/2022 09:53:00,8.309
1225,12/16/2022 09:54:00,8.309
1226,12/16/2022 09:55:00,8.309
1227,12/16/2022 09:56:00,8.331
1228,12/16/2022 09:57:00,8.309
1229,12/16/2022 09:58:00,8.309
1230,12/16/2022 09:59:00,8.320
1231,12/16/2022 10:00:00,8.320
1232,12/16/2022 10:01:00,8.309
1233,12/16/2022 10:02:00,8.298
1234,12/16/2022 10:03:00,8.331
1235,12/16/2022 10:04:00,8.288
1236,12/16/2022 10:05:00,8.288
1237,12/16/2022 10:06:00,8.288
1238,12/16/2022 10:07:00,8.266
1239,12/16/2022 10:08:00,8.256
1240,12/16/2022 10:09:00,8.234
1241,12/16/2022 10:10:00,8.223
1242,12/16/2022 10:11:00,8.234
1243,12/16/2022 10:12:00,8.223
1244,12/16/2022 10:13:00,8.202
1245,12/16/2022 10:14:00,8.191
1246,12/16/2022 10:15:00,8.202
1247,12/16/2022 10:16:00,8.180
1248,12/16/2022 10:17:00,8.191
1249,12/16/2022 10:18:00,8.180
1250,12/16/2022 10:19:00,8.191
1251,12/16/2022 10:20:00,8.180
1252,12/16/2022 10:21:00,8.180
1253,12/16/2022 10:22:00,8.180
1254,12/16/2022 10:23:00,8.170
1255,12/16/2022 10:24:00,8.213
1256,12/16/2022 10:25:00,8.234
1257,12/16/2022 10:26:00,8.245
1258,12/16/2022 10:27:00,8.277
1259,12/16/2022 10:28:00,8.277
1260,12/16/2022 10:29:00,8.277
1261,12/16/2022 10:30:00,8.266
1262,12/16/2022 10:31:00,8.277
1263,12/16/2022 10:32:00,8.256
1264,12/16/2022 10:33:00,8.309
1265,12/16/2022 10:34:00,8.298
1266,12/16/2022 10:35:00,8.309
1267,12/16/2022 10:36:00,8.320
1268,12/16/2022 10:37:00,8.331
1269,12/16/2022 10:38:00,8.320
1270,12/16/2022 10:39:00,8.320
1271,12/16/2022 10:40:00,8.320
1272,12/16/2022 10:41:00,8.352
1273,12/16/2022 10:42:00,8.352
1274,12/16/2022 10:43:00,8.352
1275,12/16/2022 10:44:00,8.352
1276,12/16/2022 10:45:00,8.352
1277,12/16/2022 10:46:00,8.363
1278,12/16/2022 10:47:00,8.352
1279,12/16/2022 10:48:00,8.374
1280,12/16/2022 10:49:00,8.363
1281,12/16/2022 10:50:00,8.352
1282,12/16/2022 10:51:00,8.352
1283,12/16/2022 10:52:00,8.363
1284,12/16/2022 10:53:00,8.374
1285,12/16/2022 10:54:00,8.352
1286,12/16/2022 10:55:00,8.331
1287,12/16/2022 10:56:00,8.331
1288,12/16/2022 10:57:00,8.341
1289,12/16/2022 10:58:00,8.320
1290,12/16/2022 10:59:00,8.331
1291,12/16/2022 11:00:00,8.320
1292,12/16/2022 11:01:00,8.341
1293,12/16/2022 11:02:00,8.309
1294,12/16/2022 11:03:00,8.277
1295,12/16/2022 11:04:00,8.277
1296,12/16/2022 11:05:00,8.288
1297,12/16/2022 11:06:00,8.256
1298,12/16/2022 11:07:00,8.266
1299,12/16/2022 11:08:00,8.277
1300,12/16/2022 11:09:00,8.256
1301,12/16/2022 11:10:00,8.245
1302,12/16/2022 11:11:00,8.266
1303,12/16/2022 11:12:00,8.256
1304,12/16/2022 11:13:00,8.234
1305,12/16/2022 11:14:00,8.256
1306,12/16/2022 11:15:00,8.234
1307,12/16/2022 11:16:00,8.234
1308,12/16/2022 11:17:00,8.234
1309,12/16/2022 11:18:00,8.245
1310,12/16/2022 11:19:00,8.234
1311,12/16/2022 11:20:00,8.245
1312,12/16/2022 11:21:00,8.245
1313,12/16/2022 11:22:00,8.223
1314,12/16/2022 11:23:00,8.245
1315,12/16/2022 11:24:00,8.234
1316,12/16/2022 11:25:00,8.245
1317,12/16/2022 11:26:00,8.234
1318,12/16/2022 11:27:00,8.245
1319,12/16/2022 11:28:00,8.223
1320,12/16/2022 11:29:00,8.234
1321,12/16/2022 11:30:00,8.234
1322,12/16/2022 11:31:00,8.234
1323,12/16/2022 11:32:00,8.234
1324,12/16/2022 11:33:00,8.213
1325,12/16/2022 11:34:00,8.223
1326,12/16/2022 11:35:00,8.213
1327,12/16/2022 11:36:00,8.234
1328,12/16/2022 11:37:00,8.256
1329,12/16/2022 11:38:00,8.266
1330,12/16/2022 11:39:00,8.288
1331,12/16/2022 11:40:00,8.309
1332,12/16/2022 11:41:00,8.320
1333,12/16/2022 11:42:00,8.331
1334,12/16/2022 11:43:00,8.341
1335,12/16/2022 11:44:00,8.331
1336,12/16/2022 11:45:00,8.352
1337,12/16/2022 11:46:00,8.331
1338,12/16/2022 11:47:00,8.298
1339,12/16/2022 11:48:00,8.320
1340,12/16/2022 11:49:00,8.331
1341,12/16/2022 11:50:00,8.352
1342,12/16/2022 11:51:00,8.341
1343,12/16/2022 11:52:00,8.341
1344,12/16/2022 11:53:00,8.363
1345,12/16/2022 11:54:00,8.331
1346,12/16/2022 11:55:00,8.352
1347,12/16/2022 11:56:00,8.352
1348,12/16/2022 11:57:00,8.331
1349,12/16/2022 11:58:00,8.341
1350,12/16/2022 11:59:00,8.320
1351,12/16/2022 12:00:00,8.298
1352,12/16/2022 12:01:00,8.341
1353,12/16/2022 12:02:00,8.331
1354,12/16/2022 12:03:00,8.331
1355,12/16/2022 12:04:00,8.341
1356,12/16/2022 12:05:00,8.320
1357,12/16/2022 12:06:00,8.341
1358,12/16/2022 12:07:00,8.331
1359,12/16/2022 12:08:00,8.341
1360,12/16/2022 12:09:00,8.309
1361,12/16/2022 12:10:00,8.331
1362,12/16/2022 12:11:00,8.341
1363,12/16/2022 12:12:00,8.341
1364,12/16/2022 12:13:00,8.341
1365,12/16/2022 12:14:00,8.331
1366,12/16/2022 12:15:00,8.363
1367,12/16/2022 12:16:00,8.363
1368,12/16/2022 12:17:00,8.341
1369,12/16/2022 12:18:00,8.363
1370,12/16/2022 12:19:00,8.363
1371,12/16/2022 12:20:00,8.352
1372,12/16/2022 12:21:00,8.363
1373,12/16/2022 12:22:00,8.363
1374,12/16/2022 12:23:00,8.352
1375,12/16/2022 12:24:00,8.384
1376,12/16/2022 12:25:00,8.363
1377,12/16/2022 12:26:00,8.374
1378,12/16/2022 12:27:00,8.331
1379,12/16/2022 12:28:00,8.341
1380,12/16/2022 12:29:00,8.363
1381,12/16/2022 12:30:00,8.374
1382,12/16/2022 12:31:00,8.341
1383,12/16/2022 12:32:00,8.363
1384,12/16/2022 12:33:00,8.363
1385,12/16/2022 12:34:00,8.363
1386,12/16/2022 12:35:00,8.341
1387,12/16/2022 12:36:00,8.320
1388,12/16/2022 12:37:00,8.331
1389,12/16/2022 12:38:00,8.309
1390,12/16/2022 12:39:00,8.277
1391,12/16/2022 12:40:00,8.298
1392,12/16/2022 12:41:00,8.298
1393,12/16/2022 12:42:00,8.320
1394,12/16/2022 12:43:00,8.320
1395,12/16/2022 12:44:00,8.341
1396,12/16/2022 12:45:00,8.331
1397,12/16/2022 12:46:00,8.341
1398,12/16/2022 12:47:00,8.341
1399,12/16/2022 12:48:00,8.363
1400,12/16/2022 12:49:00,8.352
1401,12/16/2022 12:50:00,8.331
1402,12/16/2022 12:51:00,8.331
1403,12/16/2022 12:52:00,8.320
1404,12/16/2022 12:53:00,8.331
1405,12/16/2022 12:54:00,8.331
1406,12/16/2022 12:55:00,8.320
1407,12/16/2022 12:56:00,8.320
1408,12/16/2022 12:57:00,8.331
1409,12/16/2022 12:58:00,8.309
1410,12/16/2022 12:59:00,8.352
1411,12/16/2022 13:00:00,8.341
1412,12/16/2022 13:01:00,8.331
1413,12/16/2022 13:02:00,8.352
1414,12/16/2022 13:03:00,8.352
1415,12/16/2022 13:04:00,8.352
1416,12/16/2022 13:05:00,8.352
1417,12/16/2022 13:06:00,8.363
1418,12/16/2022 13:07:00,8.363
1419,12/16/2022 13:08:00,8.363
1420,12/16/2022 13:09:00,8.341
1421,12/16/2022 13:10:00,8.363
1422,12/16/2022 13:11:00,8.352
1423,12/16/2022 13:12:00,8.363
1424,12/16/2022 13:13:00,8.341
1425,12/16/2022 13:14:00,8.363
1426,12/16/2022 13:15:00,8.363
1427,12/16/2022 13:16:00,8.352
1428,12/16/2022 13:17:00,8.352
1429,12/16/2022 13:18:00,8.363
1430,12/16/2022 13:19:00,8.298
1431,12/16/2022 13:20:00,8.191
1432,12/16/2022 13:21:00,8.116
1433,12/16/2022 13:22:00,7.923
1434,12/16/2022 13:23:00,7.827
1435,12/16/2022 13:24:00,7.612
1436,12/16/2022 13:25:00,7.558
1437,12/16/2022 13:26:00,7.440
1438,12/16/2022 13:27:00,7.355
1439,12/16/2022 13:28:00,7.333
1440,12/16/2022 13:29:00,7.280
1441,12/16/2022 13:30:00,7.419
1442,12/16/2022 13:31:00,8.105
1443,12/16/2022 13:32:00,8.803
1444,12/16/2022 13:33:00,9.328
1445,12/16/2022 13:34:00,9.800
1446,12/16/2022 13:35:00,10.261
1447,12/16/2022 13:36:00,10.669
1448,12/16/2022 13:37:00,11.055
1449,12/16/2022 13:38:00,11.387
1450,12/16/2022 13:39:00,11.698
1451,12/16/2022 13:40:00,11.988
1452,12/16/2022 13:41:00,12.288