#,Date-Time (PDT),Ch: 1 - Temperature   (°C)
1,04/02/2023 18:08:02,20.761
2,04/02/2023 18:08:32,20.793
3,04/02/2023 18:09:02,20.825
4,04/02/2023 18:09:32,20.772
5,04/02/2023 18:10:02,20.643
6,04/02/2023 18:10:32,20.482
7,04/02/2023 18:11:02,20.300
8,04/02/2023 18:11:32,20.118
9,04/02/2023 18:12:02,19.903
10,04/02/2023 18:12:32,19.699
11,04/02/2023 18:13:02,19.495
12,04/02/2023 18:13:32,19.281
13,04/02/2023 18:14:02,19.088
14,04/02/2023 18:14:32,18.895
15,04/02/2023 18:15:02,18.723
16,04/02/2023 18:15:32,18.498
17,04/02/2023 18:16:02,18.326
18,04/02/2023 18:16:32,18.144
19,04/02/2023 18:17:02,17.972
20,04/02/2023 18:17:32,17.822
21,04/02/2023 18:18:02,17.661
22,04/02/2023 18:18:32,17.501
23,04/02/2023 18:19:02,17.383
24,04/02/2023 18:19:32,17.232
25,04/02/2023 18:20:02,17.104
26,04/02/2023 18:20:32,16.964
27,04/02/2023 18:21:02,16.836
28,04/02/2023 18:21:32,16.718
29,04/02/2023 18:22:02,16.621
30,04/02/2023 18:22:32,16.514
31,04/02/2023 18:23:02,16.407
32,04/02/2023 18:23:32,16.289
33,04/02/2023 18:24:02,16.203
34,04/02/2023 18:24:32,16.106
35,04/02/2023 18:25:02,16.031
36,04/02/2023 18:25:32,15.945
37,04/02/2023 18:26:02,15.870
38,04/02/2023 18:26:32,15.795
39,04/02/2023 18:27:02,15.720
40,04/02/2023 18:27:32,15.656
41,04/02/2023 18:28:02,15.592
42,04/02/2023 18:28:32,15.527
43,04/02/2023 18:29:02,15.441
44,04/02/2023 18:29:32,15.377
45,04/02/2023 18:30:02,15.259
46,04/02/2023 18:30:32,15.152
47,04/02/2023 18:31:02,15.023
48,04/02/2023 18:31:32,14.894
49,04/02/2023 18:32:02,14.723
50,04/02/2023 18:32:32,14.562
51,04/02/2023 18:33:02,14.380
52,04/02/2023 18:33:32,14.187
53,04/02/2023 18:34:02,14.026
54,04/02/2023 18:34:32,13.843
55,04/02/2023 18:35:02,13.661
56,04/02/2023 18:35:32,13.522
57,04/02/2023 18:36:02,13.371
58,04/02/2023 18:36:32,13.211
59,04/02/2023 18:37:02,13.082
60,04/02/2023 18:37:32,12.964
61,04/02/2023 18:38:02,12.835
62,04/02/2023 18:38:32,12.717
63,04/02/2023 18:39:02,12.599
64,04/02/2023 18:39:32,12.503
65,04/02/2023 18:40:02,12.428
66,04/02/2023 18:40:32,12.342
67,04/02/2023 18:41:02,12.256
68,04/02/2023 18:41:32,12.181
69,04/02/2023 18:42:02,12.106
70,04/02/2023 18:42:32,12.042
71,04/02/2023 18:43:02,11.988
72,04/02/2023 18:43:32,11.924
73,04/02/2023 18:44:02,11.859
74,04/02/2023 18:44:32,11.816
75,04/02/2023 18:45:02,11.773
76,04/02/2023 18:45:32,11.730
77,04/02/2023 18:46:02,11.709
78,04/02/2023 18:46:32,11.677
79,04/02/2023 18:47:02,11.645
80,04/02/2023 18:47:32,11.623
81,04/02/2023 18:48:02,11.613
82,04/02/2023 18:48:32,11.591
83,04/02/2023 18:49:02,11.570
84,04/02/2023 18:49:32,11.559
85,04/02/2023 18:50:02,11.559
86,04/02/2023 18:50:32,11.559
87,04/02/2023 18:51:02,11.537
88,04/02/2023 18:51:32,11.570
89,04/02/2023 18:52:02,11.580
90,04/02/2023 18:52:32,11.570
91,04/02/2023 18:53:02,11.559
92,04/02/2023 18:53:32,11.580
93,04/02/2023 18:54:02,11.591
94,04/02/2023 18:54:32,11.570
95,04/02/2023 18:55:02,11.580
96,04/02/2023 18:55:32,11.634
97,04/02/2023 18:56:02,11.623
98,04/02/2023 18:56:32,11.645
99,04/02/2023 18:57:02,11.645
100,04/02/2023 18:57:32,11.688
101,04/02/2023 18:58:02,11.709
102,04/02/2023 18:58:32,11.720
103,04/02/2023 18:59:02,11.763
104,04/02/2023 18:59:32,11.741
105,04/02/2023 19:00:02,11.806
106,04/02/2023 19:00:32,11.795
107,04/02/2023 19:01:02,11.827
108,04/02/2023 19:01:32,11.870
109,04/02/2023 19:02:02,11.902
110,04/02/2023 19:02:32,11.924
111,04/02/2023 19:03:02,11.934
112,04/02/2023 19:03:32,11.966
113,04/02/2023 19:04:02,11.988
114,04/02/2023 19:04:32,12.042
115,04/02/2023 19:05:02,12.042
116,04/02/2023 19:05:32,12.084
117,04/02/2023 19:06:02,12.106
118,04/02/2023 19:06:32,12.117
119,04/02/2023 19:07:02,12.170
120,04/02/2023 19:07:32,12.170
121,04/02/2023 19:08:02,12.224
122,04/02/2023 19:08:32,12.245
123,04/02/2023 19:09:02,12.245
124,04/02/2023 19:09:32,12.288
125,04/02/2023 19:10:02,12.320
126,04/02/2023 19:10:32,12.342
127,04/02/2023 19:11:02,12.385
128,04/02/2023 19:11:32,12.395
129,04/02/2023 19:12:02,12.428
130,04/02/2023 19:12:32,12.471
131,04/02/2023 19:13:02,12.471
132,04/02/2023 19:13:32,12.460
133,04/02/2023 19:14:02,12.428
134,04/02/2023 19:14:32,12.374
135,04/02/2023 19:15:02,12.320
136,04/02/2023 19:15:32,12.235
137,04/02/2023 19:16:02,12.149
138,04/02/2023 19:16:32,12.042
139,04/02/2023 19:17:02,11.924
140,04/02/2023 19:17:32,11.816
141,04/02/2023 19:18:02,11.688
142,04/02/2023 19:18:32,11.602
143,04/02/2023 19:19:02,11.505
144,04/02/2023 19:19:32,11.409
145,04/02/2023 19:20:02,11.334
146,04/02/2023 19:20:32,11.248
147,04/02/2023 19:21:02,11.173
148,04/02/2023 19:21:32,11.130
149,04/02/2023 19:22:02,11.023
150,04/02/2023 19:22:32,10.980
151,04/02/2023 19:23:02,10.937
152,04/02/2023 19:23:32,10.894
153,04/02/2023 19:24:02,10.851
154,04/02/2023 19:24:32,10.808
155,04/02/2023 19:25:02,10.787
156,04/02/2023 19:25:32,10.754
157,04/02/2023 19:26:02,10.733
158,04/02/2023 19:26:32,10.712
159,04/02/2023 19:27:02,10.690
160,04/02/2023 19:27:32,10.690
161,04/02/2023 19:28:02,10.679
162,04/02/2023 19:28:32,10.669
163,04/02/2023 19:29:02,10.637
164,04/02/2023 19:29:32,10.637
165,04/02/2023 19:30:02,10.658
166,04/02/2023 19:30:32,10.647
167,04/02/2023 19:31:02,10.669
168,04/02/2023 19:31:32,10.679
169,04/02/2023 19:32:02,10.679
170,04/02/2023 19:32:32,10.712
171,04/02/2023 19:33:02,10.722
172,04/02/2023 19:33:32,10.733
173,04/02/2023 19:34:02,10.733
174,04/02/2023 19:34:32,10.776
175,04/02/2023 19:35:02,10.776
176,04/02/2023 19:35:32,10.808
177,04/02/2023 19:36:02,10.840
178,04/02/2023 19:36:32,10.862
179,04/02/2023 19:37:02,10.894
180,04/02/2023 19:37:32,10.926
181,04/02/2023 19:38:02,10.926
182,04/02/2023 19:38:32,10.990
183,04/02/2023 19:39:02,10.990
184,04/02/2023 19:39:32,11.023
185,04/02/2023 19:40:02,11.076
186,04/02/2023 19:40:32,11.098
187,04/02/2023 19:41:02,11.119
188,04/02/2023 19:41:32,11.173
189,04/02/2023 19:42:02,11.194
190,04/02/2023 19:42:32,11.226
191,04/02/2023 19:43:02,11.280
192,04/02/2023 19:43:32,11.291
193,04/02/2023 19:44:02,11.312
194,04/02/2023 19:44:32,11.344
195,04/02/2023 19:45:02,11.398
196,04/02/2023 19:45:32,11.441
197,04/02/2023 19:46:02,11.462
198,04/02/2023 19:46:32,11.516
199,04/02/2023 19:47:02,11.548
200,04/02/2023 19:47:32,11.570
201,04/02/2023 19:48:02,11.613
202,04/02/2023 19:48:32,11.634
203,04/02/2023 19:49:02,11.688
204,04/02/2023 19:49:32,11.720
205,04/02/2023 19:50:02,11.763
206,04/02/2023 19:50:32,11.806
207,04/02/2023 19:51:02,11.838
208,04/02/2023 19:51:32,11.859
209,04/02/2023 19:52:02,11.891
210,04/02/2023 19:52:32,11.934
211,04/02/2023 19:53:02,11.977
212,04/02/2023 19:53:32,12.009
213,04/02/2023 19:54:02,12.042
214,04/02/2023 19:54:32,12.074
215,04/02/2023 19:55:02,12.106
216,04/02/2023 19:55:32,12.127
217,04/02/2023 19:56:02,12.159
218,04/02/2023 19:56:32,12.192
219,04/02/2023 19:57:02,12.213
220,04/02/2023 19:57:32,12.181
221,04/02/2023 19:58:02,12.127
222,04/02/2023 19:58:32,12.095
223,04/02/2023 19:59:02,12.009
224,04/02/2023 19:59:32,11.924
225,04/02/2023 20:00:02,11.816
226,04/02/2023 20:00:32,11.730
227,04/02/2023 20:01:02,11.634
228,04/02/2023 20:01:32,11.505
229,04/02/2023 20:02:02,11.419
230,04/02/2023 20:02:32,11.312
231,04/02/2023 20:03:02,11.237
232,04/02/2023 20:03:32,11.151
233,04/02/2023 20:04:02,11.066
234,04/02/2023 20:04:32,11.001
235,04/02/2023 20:05:02,10.937
236,04/02/2023 20:05:32,10.862
237,04/02/2023 20:06:02,10.808
238,04/02/2023 20:06:32,10.787
239,04/02/2023 20:07:02,10.722
240,04/02/2023 20:07:32,10.690
241,04/02/2023 20:08:02,10.637
242,04/02/2023 20:08:32,10.626
243,04/02/2023 20:09:02,10.594
244,04/02/2023 20:09:32,10.572
245,04/02/2023 20:10:02,10.561
246,04/02/2023 20:10:32,10.572
247,04/02/2023 20:11:02,10.519
248,04/02/2023 20:11:32,10.519
249,04/02/2023 20:12:02,10.497
250,04/02/2023 20:12:32,10.519
251,04/02/2023 20:13:02,10.508
252,04/02/2023 20:13:32,10.519
253,04/02/2023 20:14:02,10.519
254,04/02/2023 20:14:32,10.529
255,04/02/2023 20:15:02,10.551
256,04/02/2023 20:15:32,10.540
257,04/02/2023 20:16:02,10.572
258,04/02/2023 20:16:32,10.594
259,04/02/2023 20:17:02,10.626
260,04/02/2023 20:17:32,10.626
261,04/02/2023 20:18:02,10.647
262,04/02/2023 20:18:32,10.637
263,04/02/2023 20:19:02,10.722
264,04/02/2023 20:19:32,10.712
265,04/02/2023 20:20:02,10.765
266,04/02/2023 20:20:32,10.797
267,04/02/2023 20:21:02,10.808
268,04/02/2023 20:21:32,10.851
269,04/02/2023 20:22:02,10.862
270,04/02/2023 20:22:32,10.915
271,04/02/2023 20:23:02,10.958
272,04/02/2023 20:23:32,10.980
273,04/02/2023 20:24:02,11.001
274,04/02/2023 20:24:32,11.033
275,04/02/2023 20:25:02,11.055
276,04/02/2023 20:25:32,11.130
277,04/02/2023 20:26:02,11.141
278,04/02/2023 20:26:32,11.173
279,04/02/2023 20:27:02,11.226
280,04/02/2023 20:27:32,11.280
281,04/02/2023 20:28:02,11.312
282,04/02/2023 20:28:32,11.334
283,04/02/2023 20:29:02,11.377
284,04/02/2023 20:29:32,11.419
285,04/02/2023 20:30:02,11.430
286,04/02/2023 20:30:32,11.484
287,04/02/2023 20:31:02,11.516
288,04/02/2023 20:31:32,11.570
289,04/02/2023 20:32:02,11.602
290,04/02/2023 20:32:32,11.623
291,04/02/2023 20:33:02,11.677
292,04/02/2023 20:33:32,11.720
293,04/02/2023 20:34:02,11.741
294,04/02/2023 20:34:32,11.795
295,04/02/2023 20:35:02,11.816
296,04/02/2023 20:35:32,11.870
297,04/02/2023 20:36:02,11.902
298,04/02/2023 20:36:32,11.934
299,04/02/2023 20:37:02,11.977
300,04/02/2023 20:37:32,12.009
301,04/02/2023 20:38:02,12.031
302,04/02/2023 20:38:32,12.074
303,04/02/2023 20:39:02,12.117
304,04/02/2023 20:39:32,12.159
305,04/02/2023 20:40:02,12.170
306,04/02/2023 20:40:32,12.192
307,04/02/2023 20:41:02,12.170
308,04/02/2023 20:41:32,12.138
309,04/02/2023 20:42:02,12.063
310,04/02/2023 20:42:32,11.999
311,04/02/2023 20:43:02,11.934
312,04/02/2023 20:43:32,11.827
313,04/02/2023 20:44:02,11.730
314,04/02/2023 20:44:32,11.623
315,04/02/2023 20:45:02,11.505
316,04/02/2023 20:45:32,11.398
317,04/02/2023 20:46:02,11.312
318,04/02/2023 20:46:32,11.216
319,04/02/2023 20:47:02,11.141
320,04/02/2023 20:47:32,11.055
321,04/02/2023 20:48:02,10.969
322,04/02/2023 20:48:32,10.926
323,04/02/2023 20:49:02,10.862
324,04/02/2023 20:49:32,10.797
325,04/02/2023 20:50:02,10.744
326,04/02/2023 20:50:32,10.733
327,04/02/2023 20:51:02,10.658
328,04/02/2023 20:51:32,10.637
329,04/02/2023 20:52:02,10.594
330,04/02/2023 20:52:32,10.583
331,04/02/2023 20:53:02,10.561
332,04/02/2023 20:53:32,10.529
333,04/02/2023 20:54:02,10.519
334,04/02/2023 20:54:32,10.486
335,04/02/2023 20:55:02,10.497
336,04/02/2023 20:55:32,10.508
337,04/02/2023 20:56:02,10.529
338,04/02/2023 20:56:32,10.497
339,04/02/2023 20:57:02,10.508
340,04/02/2023 20:57:32,10.497
341,04/02/2023 20:58:02,10.497
342,04/02/2023 20:58:32,10.540
343,04/02/2023 20:59:02,10.551
344,04/02/2023 20:59:32,10.551
345,04/02/2023 21:00:02,10.551
346,04/02/2023 21:00:32,10.594
347,04/02/2023 21:01:02,10.615
348,04/02/2023 21:01:32,10.637
349,04/02/2023 21:02:02,10.658
350,04/02/2023 21:02:32,10.701
351,04/02/2023 21:03:02,10.679
352,04/02/2023 21:03:32,10.733
353,04/02/2023 21:04:02,10.744
354,04/02/2023 21:04:32,10.787
355,04/02/2023 21:05:02,10.808
356,04/02/2023 21:05:32,10.851
357,04/02/2023 21:06:02,10.862
358,04/02/2023 21:06:32,10.905
359,04/02/2023 21:07:02,10.937
360,04/02/2023 21:07:32,10.969
361,04/02/2023 21:08:02,11.001
362,04/02/2023 21:08:32,11.044
363,04/02/2023 21:09:02,11.066
364,04/02/2023 21:09:32,11.098
365,04/02/2023 21:10:02,11.141
366,04/02/2023 21:10:32,11.162
367,04/02/2023 21:11:02,11.216
368,04/02/2023 21:11:32,11.248
369,04/02/2023 21:12:02,11.259
370,04/02/2023 21:12:32,11.312
371,04/02/2023 21:13:02,11.366
372,04/02/2023 21:13:32,11.398
373,04/02/2023 21:14:02,11.419
374,04/02/2023 21:14:32,11.462
375,04/02/2023 21:15:02,11.495
376,04/02/2023 21:15:32,11.537
377,04/02/2023 21:16:02,11.580
378,04/02/2023 21:16:32,11.591
379,04/02/2023 21:17:02,11.645
380,04/02/2023 21:17:32,11.698
381,04/02/2023 21:18:02,11.720
382,04/02/2023 21:18:32,11.741
383,04/02/2023 21:19:02,11.784
384,04/02/2023 21:19:32,11.806
385,04/02/2023 21:20:02,11.859
386,04/02/2023 21:20:32,11.891
387,04/02/2023 21:21:02,11.945
388,04/02/2023 21:21:32,11.966
389,04/02/2023 21:22:02,11.988
390,04/02/2023 21:22:32,12.020
391,04/02/2023 21:23:02,12.063
392,04/02/2023 21:23:32,12.084
393,04/02/2023 21:24:02,12.149
394,04/02/2023 21:24:32,12.159
395,04/02/2023 21:25:02,12.181
396,04/02/2023 21:25:32,12.170
397,04/02/2023 21:26:02,12.138
398,04/02/2023 21:26:32,12.095
399,04/02/2023 21:27:02,12.020
400,04/02/2023 21:27:32,11.956
401,04/02/2023 21:28:02,11.859
402,04/02/2023 21:28:32,11.741
403,04/02/2023 21:29:02,11.666
404,04/02/2023 21:29:32,11.537
405,04/02/2023 21:30:02,11.430
406,04/02/2023 21:30:32,11.344
407,04/02/2023 21:31:02,11.237
408,04/02/2023 21:31:32,11.173
409,04/02/2023 21:32:02,11.098
410,04/02/2023 21:32:32,11.001
411,04/02/2023 21:33:02,10.926
412,04/02/2023 21:33:32,10.872
413,04/02/2023 21:34:02,10.830
414,04/02/2023 21:34:32,10.776
415,04/02/2023 21:35:02,10.722
416,04/02/2023 21:35:32,10.679
417,04/02/2023 21:36:02,10.647
418,04/02/2023 21:36:32,10.615
419,04/02/2023 21:37:02,10.561
420,04/02/2023 21:37:32,10.572
421,04/02/2023 21:38:02,10.551
422,04/02/2023 21:38:32,10.529
423,04/02/2023 21:39:02,10.508
424,04/02/2023 21:39:32,10.476
425,04/02/2023 21:40:02,10.465
426,04/02/2023 21:40:32,10.465
427,04/02/2023 21:41:02,10.465
428,04/02/2023 21:41:32,10.465
429,04/02/2023 21:42:02,10.454
430,04/02/2023 21:42:32,10.476
431,04/02/2023 21:43:02,10.476
432,04/02/2023 21:43:32,10.486
433,04/02/2023 21:44:02,10.508
434,04/02/2023 21:44:32,10.540
435,04/02/2023 21:45:02,10.540
436,04/02/2023 21:45:32,10.572
437,04/02/2023 21:46:02,10.583
438,04/02/2023 21:46:32,10.594
439,04/02/2023 21:47:02,10.637
440,04/02/2023 21:47:32,10.637
441,04/02/2023 21:48:02,10.679
442,04/02/2023 21:48:32,10.701
443,04/02/2023 21:49:02,10.733
444,04/02/2023 21:49:32,10.754
445,04/02/2023 21:50:02,10.765
446,04/02/2023 21:50:32,10.819
447,04/02/2023 21:51:02,10.819
448,04/02/2023 21:51:32,10.851
449,04/02/2023 21:52:02,10.894
450,04/02/2023 21:52:32,10.926
451,04/02/2023 21:53:02,10.969
452,04/02/2023 21:53:32,11.001
453,04/02/2023 21:54:02,11.012
454,04/02/2023 21:54:32,11.055
455,04/02/2023 21:55:02,11.076
456,04/02/2023 21:55:32,11.108
457,04/02/2023 21:56:02,11.173
458,04/02/2023 21:56:32,11.184
459,04/02/2023 21:57:02,11.237
460,04/02/2023 21:57:32,11.259
461,04/02/2023 21:58:02,11.312
462,04/02/2023 21:58:32,11.323
463,04/02/2023 21:59:02,11.377
464,04/02/2023 21:59:32,11.398
465,04/02/2023 22:00:02,11.441
466,04/02/2023 22:00:32,11.484
467,04/02/2023 22:01:02,11.527
468,04/02/2023 22:01:32,11.548
469,04/02/2023 22:02:02,11.591
470,04/02/2023 22:02:32,11.613
471,04/02/2023 22:03:02,11.645
472,04/02/2023 22:03:32,11.688
473,04/02/2023 22:04:02,11.741
474,04/02/2023 22:04:32,11.773
475,04/02/2023 22:05:02,11.773
476,04/02/2023 22:05:32,11.848
477,04/02/2023 22:06:02,11.870
478,04/02/2023 22:06:32,11.924
479,04/02/2023 22:07:02,11.934
480,04/02/2023 22:07:32,11.999
481,04/02/2023 22:08:02,12.020
482,04/02/2023 22:08:32,12.052
483,04/02/2023 22:09:02,12.084
484,04/02/2023 22:09:32,12.127
485,04/02/2023 22:10:02,12.138
486,04/02/2023 22:10:32,12.138
487,04/02/2023 22:11:02,12.159
488,04/02/2023 22:11:32,12.138
489,04/02/2023 22:12:02,12.095
490,04/02/2023 22:12:32,12.031
491,04/02/2023 22:13:02,11.956
492,04/02/2023 22:13:32,11.870
493,04/02/2023 22:14:02,11.763
494,04/02/2023 22:14:32,11.677
495,04/02/2023 22:15:02,11.570
496,04/02/2023 22:15:32,11.484
497,04/02/2023 22:16:02,11.366
498,04/02/2023 22:16:32,11.269
499,04/02/2023 22:17:02,11.194
500,04/02/2023 22:17:32,11.119
501,04/02/2023 22:18:02,11.044
502,04/02/2023 22:18:32,10.980
503,04/02/2023 22:19:02,10.937
504,04/02/2023 22:19:32,10.862
505,04/02/2023 22:20:02,10.819
506,04/02/2023 22:20:32,10.765
507,04/02/2023 22:21:02,10.722
508,04/02/2023 22:21:32,10.712
509,04/02/2023 22:22:02,10.669
510,04/02/2023 22:22:32,10.637
511,04/02/2023 22:23:02,10.594
512,04/02/2023 22:23:32,10.594
513,04/02/2023 22:24:02,10.583
514,04/02/2023 22:24:32,10.551
515,04/02/2023 22:25:02,10.551
516,04/02/2023 22:25:32,10.551
517,04/02/2023 22:26:02,10.529
518,04/02/2023 22:26:32,10.540
519,04/02/2023 22:27:02,10.551
520,04/02/2023 22:27:32,10.551
521,04/02/2023 22:28:02,10.551
522,04/02/2023 22:28:32,10.561
523,04/02/2023 22:29:02,10.561
524,04/02/2023 22:29:32,10.594
525,04/02/2023 22:30:02,10.583
526,04/02/2023 22:30:32,10.615
527,04/02/2023 22:31:02,10.615
528,04/02/2023 22:31:32,10.637
529,04/02/2023 22:32:02,10.669
530,04/02/2023 22:32:32,10.690
531,04/02/2023 22:33:02,10.690
532,04/02/2023 22:33:32,10.733
533,04/02/2023 22:34:02,10.754
534,04/02/2023 22:34:32,10.776
535,04/02/2023 22:35:02,10.797
536,04/02/2023 22:35:32,10.830
537,04/02/2023 22:36:02,10.862
538,04/02/2023 22:36:32,10.883
539,04/02/2023 22:37:02,10.905
540,04/02/2023 22:37:32,10.969
541,04/02/2023 22:38:02,10.990
542,04/02/2023 22:38:32,11.001
543,04/02/2023 22:39:02,11.066
544,04/02/2023 22:39:32,11.087
545,04/02/2023 22:40:02,11.108
546,04/02/2023 22:40:32,11.162
547,04/02/2023 22:41:02,11.173
548,04/02/2023 22:41:32,11.216
549,04/02/2023 22:42:02,11.259
550,04/02/2023 22:42:32,11.301
551,04/02/2023 22:43:02,11.323
552,04/02/2023 22:43:32,11.355
553,04/02/2023 22:44:02,11.409
554,04/02/2023 22:44:32,11.452
555,04/02/2023 22:45:02,11.473
556,04/02/2023 22:45:32,11.505
557,04/02/2023 22:46:02,11.527
558,04/02/2023 22:46:32,11.570
559,04/02/2023 22:47:02,11.623
560,04/02/2023 22:47:32,11.645
561,04/02/2023 22:48:02,11.677
562,04/02/2023 22:48:32,11.730
563,04/02/2023 22:49:02,11.773
564,04/02/2023 22:49:32,11.795
565,04/02/2023 22:50:02,11.816
566,04/02/2023 22:50:32,11.870
567,04/02/2023 22:51:02,11.891
568,04/02/2023 22:51:32,11.945
569,04/02/2023 22:52:02,11.956
570,04/02/2023 22:52:32,12.009
571,04/02/2023 22:53:02,12.063
572,04/02/2023 22:53:32,12.084
573,04/02/2023 22:54:02,12.117
574,04/02/2023 22:54:32,12.149
575,04/02/2023 22:55:02,12.138
576,04/02/2023 22:55:32,12.127
577,04/02/2023 22:56:02,12.095
578,04/02/2023 22:56:32,12.042
579,04/02/2023 22:57:02,11.988
580,04/02/2023 22:57:32,11.902
581,04/02/2023 22:58:02,11.827
582,04/02/2023 22:58:32,11.730
583,04/02/2023 22:59:02,11.613
584,04/02/2023 22:59:32,11.505
585,04/02/2023 23:00:02,11.419
586,04/02/2023 23:00:32,11.323
587,04/02/2023 23:01:02,11.248
588,04/02/2023 23:01:32,11.162
589,04/02/2023 23:02:02,11.098
590,04/02/2023 23:02:32,11.012
591,04/02/2023 23:03:02,10.948
592,04/02/2023 23:03:32,10.883
593,04/02/2023 23:04:02,10.840
594,04/02/2023 23:04:32,10.787
595,04/02/2023 23:05:02,10.744
596,04/02/2023 23:05:32,10.690
597,04/02/2023 23:06:02,10.647
598,04/02/2023 23:06:32,10.626
599,04/02/2023 23:07:02,10.594
600,04/02/2023 23:07:32,10.561
601,04/02/2023 23:08:02,10.561
602,04/02/2023 23:08:32,10.529
603,04/02/2023 23:09:02,10.519
604,04/02/2023 23:09:32,10.508
605,04/02/2023 23:10:02,10.508
606,04/02/2023 23:10:32,10.529
607,04/02/2023 23:11:02,10.486
608,04/02/2023 23:11:32,10.508
609,04/02/2023 23:12:02,10.519
610,04/02/2023 23:12:32,10.519
611,04/02/2023 23:13:02,10.551
612,04/02/2023 23:13:32,10.540
613,04/02/2023 23:14:02,10.551
614,04/02/2023 23:14:32,10.551
615,04/02/2023 23:15:02,10.583
616,04/02/2023 23:15:32,10.604
617,04/02/2023 23:16:02,10.604
618,04/02/2023 23:16:32,10.637
619,04/02/2023 23:17:02,10.637
620,04/02/2023 23:17:32,10.690
621,04/02/2023 23:18:02,10.690
622,04/02/2023 23:18:32,10.744
623,04/02/2023 23:19:02,10.765
624,04/02/2023 23:19:32,10.765
625,04/02/2023 23:20:02,10.797
626,04/02/2023 23:20:32,10.851
627,04/02/2023 23:21:02,10.883
628,04/02/2023 23:21:32,10.894
629,04/02/2023 23:22:02,10.926
630,04/02/2023 23:22:32,10.969
631,04/02/2023 23:23:02,11.001
632,04/02/2023 23:23:32,11.033
633,04/02/2023 23:24:02,11.055
634,04/02/2023 23:24:32,11.087
635,04/02/2023 23:25:02,11.119
636,04/02/2023 23:25:32,11.162
637,04/02/2023 23:26:02,11.194
638,04/02/2023 23:26:32,11.237
639,04/02/2023 23:27:02,11.280
640,04/02/2023 23:27:32,11.312
641,04/02/2023 23:28:02,11.344
642,04/02/2023 23:28:32,11.398
643,04/02/2023 23:29:02,11.430
644,04/02/2023 23:29:32,11.462
645,04/02/2023 23:30:02,11.495
646,04/02/2023 23:30:32,11.516
647,04/02/2023 23:31:02,11.559
648,04/02/2023 23:31:32,11.591
649,04/02/2023 23:32:02,11.623
650,04/02/2023 23:32:32,11.677
651,04/02/2023 23:33:02,11.709
652,04/02/2023 23:33:32,11.763
653,04/02/2023 23:34:02,11.795
654,04/02/2023 23:34:32,11.816
655,04/02/2023 23:35:02,11.838
656,04/02/2023 23:35:32,11.881
657,04/02/2023 23:36:02,11.945
658,04/02/2023 23:36:32,11.945
659,04/02/2023 23:37:02,12.020
660,04/02/2023 23:37:32,12.042
661,04/02/2023 23:38:02,12.084
662,04/02/2023 23:38:32,12.095
663,04/02/2023 23:39:02,12.138
664,04/02/2023 23:39:32,12.138
665,04/02/2023 23:40:02,12.138
666,04/02/2023 23:40:32,12.095
667,04/02/2023 23:41:02,12.063
668,04/02/2023 23:41:32,11.999
669,04/02/2023 23:42:02,11.913
670,04/02/2023 23:42:32,11.816
671,04/02/2023 23:43:02,11.741
672,04/02/2023 23:43:32,11.634
673,04/02/2023 23:44:02,11.516
674,04/02/2023 23:44:32,11.419
675,04/02/2023 23:45:02,11.334
676,04/02/2023 23:45:32,11.259
677,04/02/2023 23:46:02,11.151
678,04/02/2023 23:46:32,11.066
679,04/02/2023 23:47:02,11.001
680,04/02/2023 23:47:32,10.958
681,04/02/2023 23:48:02,10.862
682,04/02/2023 23:48:32,10.819
683,04/02/2023 23:49:02,10.765
684,04/02/2023 23:49:32,10.744
685,04/02/2023 23:50:02,10.690
686,04/02/2023 23:50:32,10.669
687,04/02/2023 23:51:02,10.626
688,04/02/2023 23:51:32,10.594
689,04/02/2023 23:52:02,10.561
690,04/02/2023 23:52:32,10.561
691,04/02/2023 23:53:02,10.529
692,04/02/2023 23:53:32,10.529
693,04/02/2023 23:54:02,10.497
694,04/02/2023 23:54:32,10.508
695,04/02/2023 23:55:02,10.508
696,04/02/2023 23:55:32,10.486
697,04/02/2023 23:56:02,10.519
698,04/02/2023 23:56:32,10.476
699,04/02/2023 23:57:02,10.508
700,04/02/2023 23:57:32,10.540
701,04/02/2023 23:58:02,10.529
702,04/02/2023 23:58:32,10.540
703,04/02/2023 23:59:02,10.551
704,04/02/2023 23:59:32,10.572
705,04/03/2023 00:00:02,10.583
706,04/03/2023 00:00:32,10.604
707,04/03/2023 00:01:02,10.615
708,04/03/2023 00:01:32,10.647
709,04/03/2023 00:02:02,10.679
710,04/03/2023 00:02:32,10.712
711,04/03/2023 00:03:02,10.722
712,04/03/2023 00:03:32,10.754
713,04/03/2023 00:04:02,10.776
714,04/03/2023 00:04:32,10.787
715,04/03/2023 00:05:02,10.830
716,04/03/2023 00:05:32,10.851
717,04/03/2023 00:06:02,10.905
718,04/03/2023 00:06:32,10.958
719,04/03/2023 00:07:02,10.969
720,04/03/2023 00:07:32,11.001
721,04/03/2023 00:08:02,11.044
722,04/03/2023 00:08:32,11.066
723,04/03/2023 00:09:02,11.108
724,04/03/2023 00:09:32,11.151
725,04/03/2023 00:10:02,11.173
726,04/03/2023 00:10:32,11.226
727,04/03/2023 00:11:02,11.237
728,04/03/2023 00:11:32,11.291
729,04/03/2023 00:12:02,11.312
730,04/03/2023 00:12:32,11.323
731,04/03/2023 00:13:02,11.377
732,04/03/2023 00:13:32,11.419
733,04/03/2023 00:14:02,11.441
734,04/03/2023 00:14:32,11.484
735,04/03/2023 00:15:02,11.548
736,04/03/2023 00:15:32,11.570
737,04/03/2023 00:16:02,11.613
738,04/03/2023 00:16:32,11.645
739,04/03/2023 00:17:02,11.666
740,04/03/2023 00:17:32,11.709
741,04/03/2023 00:18:02,11.730
742,04/03/2023 00:18:32,11.784
743,04/03/2023 00:19:02,11.848
744,04/03/2023 00:19:32,11.848
745,04/03/2023 00:20:02,11.891
746,04/03/2023 00:20:32,11.924
747,04/03/2023 00:21:02,11.956
748,04/03/2023 00:21:32,12.009
749,04/03/2023 00:22:02,12.042
750,04/03/2023 00:22:32,12.063
751,04/03/2023 00:23:02,12.106
752,04/03/2023 00:23:32,12.138
753,04/03/2023 00:24:02,12.159
754,04/03/2023 00:24:32,12.149
755,04/03/2023 00:25:02,12.138
756,04/03/2023 00:25:32,12.084
757,04/03/2023 00:26:02,12.042
758,04/03/2023 00:26:32,11.988
759,04/03/2023 00:27:02,11.891
760,04/03/2023 00:27:32,11.806
761,04/03/2023 00:28:02,11.720
762,04/03/2023 00:28:32,11.613
763,04/03/2023 00:29:02,11.495
764,04/03/2023 00:29:32,11.409
765,04/03/2023 00:30:02,11.323
766,04/03/2023 00:30:32,11.237
767,04/03/2023 00:31:02,11.141
768,04/03/2023 00:31:32,11.076
769,04/03/2023 00:32:02,11.001
770,04/03/2023 00:32:32,10.937
771,04/03/2023 00:33:02,10.894
772,04/03/2023 00:33:32,10.830
773,04/03/2023 00:34:02,10.797
774,04/03/2023 00:34:32,10.754
775,04/03/2023 00:35:02,10.722
776,04/03/2023 00:35:32,10.669
777,04/03/2023 00:36:02,10.647
778,04/03/2023 00:36:32,10.604
779,04/03/2023 00:37:02,10.594
780,04/03/2023 00:37:32,10.594
781,04/03/2023 00:38:02,10.561
782,04/03/2023 00:38:32,10.551
783,04/03/2023 00:39:02,10.551
784,04/03/2023 00:39:32,10.551
785,04/03/2023 00:40:02,10.551
786,04/03/2023 00:40:32,10.519
787,04/03/2023 00:41:02,10.540
788,04/03/2023 00:41:32,10.551
789,04/03/2023 00:42:02,10.551
790,04/03/2023 00:42:32,10.561
791,04/03/2023 00:43:02,10.583
792,04/03/2023 00:43:32,10.561
793,04/03/2023 00:44:02,10.594
794,04/03/2023 00:44:32,10.604
795,04/03/2023 00:45:02,10.604
796,04/03/2023 00:45:32,10.647
797,04/03/2023 00:46:02,10.669
798,04/03/2023 00:46:32,10.679
799,04/03/2023 00:47:02,10.701
800,04/03/2023 00:47:32,10.733
801,04/03/2023 00:48:02,10.733
802,04/03/2023 00:48:32,10.787
803,04/03/2023 00:49:02,10.808
804,04/03/2023 00:49:32,10.819
805,04/03/2023 00:50:02,10.851
806,04/03/2023 00:50:32,10.883
807,04/03/2023 00:51:02,10.926
808,04/03/2023 00:51:32,10.915
809,04/03/2023 00:52:02,10.980
810,04/03/2023 00:52:32,11.001
811,04/03/2023 00:53:02,11.033
812,04/03/2023 00:53:32,11.066
813,04/03/2023 00:54:02,11.076
814,04/03/2023 00:54:32,11.141
815,04/03/2023 00:55:02,11.162
816,04/03/2023 00:55:32,11.194
817,04/03/2023 00:56:02,11.248
818,04/03/2023 00:56:32,11.259
819,04/03/2023 00:57:02,11.280
820,04/03/2023 00:57:32,11.334
821,04/03/2023 00:58:02,11.366
822,04/03/2023 00:58:32,11.398
823,04/03/2023 00:59:02,11.452
824,04/03/2023 00:59:32,11.495
825,04/03/2023 01:00:02,11.495
826,04/03/2023 01:00:32,11.527
827,04/03/2023 01:01:02,11.559
828,04/03/2023 01:01:32,11.623
829,04/03/2023 01:02:02,11.666
830,04/03/2023 01:02:32,11.666
831,04/03/2023 01:03:02,11.709
832,04/03/2023 01:03:32,11.763
833,04/03/2023 01:04:02,11.763
834,04/03/2023 01:04:32,11.795
835,04/03/2023 01:05:02,11.859
836,04/03/2023 01:05:32,11.870
837,04/03/2023 01:06:02,11.902
838,04/03/2023 01:06:32,11.934
839,04/03/2023 01:07:02,11.988
840,04/03/2023 01:07:32,12.031
841,04/03/2023 01:08:02,12.063
842,04/03/2023 01:08:32,12.095
843,04/03/2023 01:09:02,12.117
844,04/03/2023 01:09:32,12.159
845,04/03/2023 01:10:02,12.170
846,04/03/2023 01:10:32,12.170
847,04/03/2023 01:11:02,12.181
848,04/03/2023 01:11:32,12.117
849,04/03/2023 01:12:02,12.084
850,04/03/2023 01:12:32,12.009
851,04/03/2023 01:13:02,11.924
852,04/03/2023 01:13:32,11.838
853,04/03/2023 01:14:02,11.730
854,04/03/2023 01:14:32,11.623
855,04/03/2023 01:15:02,11.527
856,04/03/2023 01:15:32,11.430
857,04/03/2023 01:16:02,11.334
858,04/03/2023 01:16:32,11.237
859,04/03/2023 01:17:02,11.162
860,04/03/2023 01:17:32,11.087
861,04/03/2023 01:18:02,11.012
862,04/03/2023 01:18:32,10.948
863,04/03/2023 01:19:02,10.894
864,04/03/2023 01:19:32,10.830
865,04/03/2023 01:20:02,10.765
866,04/03/2023 01:20:32,10.722
867,04/03/2023 01:21:02,10.679
868,04/03/2023 01:21:32,10.679
869,04/03/2023 01:22:02,10.637
870,04/03/2023 01:22:32,10.594
871,04/03/2023 01:23:02,10.551
872,04/03/2023 01:23:32,10.551
873,04/03/2023 01:24:02,10.519
874,04/03/2023 01:24:32,10.508
875,04/03/2023 01:25:02,10.465
876,04/03/2023 01:25:32,10.486
877,04/03/2023 01:26:02,10.476
878,04/03/2023 01:26:32,10.476
879,04/03/2023 01:27:02,10.486
880,04/03/2023 01:27:32,10.476
881,04/03/2023 01:28:02,10.476
882,04/03/2023 01:28:32,10.476
883,04/03/2023 01:29:02,10.497
884,04/03/2023 01:29:32,10.497
885,04/03/2023 01:30:02,10.519
886,04/03/2023 01:30:32,10.540
887,04/03/2023 01:31:02,10.529
888,04/03/2023 01:31:32,10.561
889,04/03/2023 01:32:02,10.583
890,04/03/2023 01:32:32,10.594
891,04/03/2023 01:33:02,10.637
892,04/03/2023 01:33:32,10.647
893,04/03/2023 01:34:02,10.669
894,04/03/2023 01:34:32,10.679
895,04/03/2023 01:35:02,10.712
896,04/03/2023 01:35:32,10.733
897,04/03/2023 01:36:02,10.744
898,04/03/2023 01:36:32,10.787
899,04/03/2023 01:37:02,10.830
900,04/03/2023 01:37:32,10.851
901,04/03/2023 01:38:02,10.883
902,04/03/2023 01:38:32,10.894
903,04/03/2023 01:39:02,10.948
904,04/03/2023 01:39:32,10.958
905,04/03/2023 01:40:02,10.990
906,04/03/2023 01:40:32,11.001
907,04/03/2023 01:41:02,11.076
908,04/03/2023 01:41:32,11.087
909,04/03/2023 01:42:02,11.108
910,04/03/2023 01:42:32,11.173
911,04/03/2023 01:43:02,11.194
912,04/03/2023 01:43:32,11.216
913,04/03/2023 01:44:02,11.269
914,04/03/2023 01:44:32,11.301
915,04/03/2023 01:45:02,11.334
916,04/03/2023 01:45:32,11.377
917,04/03/2023 01:46:02,11.398
918,04/03/2023 01:46:32,11.441
919,04/03/2023 01:47:02,11.473
920,04/03/2023 01:47:32,11.473
921,04/03/2023 01:48:02,11.516
922,04/03/2023 01:48:32,11.548
923,04/03/2023 01:49:02,11.602
924,04/03/2023 01:49:32,11.634
925,04/03/2023 01:50:02,11.677
926,04/03/2023 01:50:32,11.698
927,04/03/2023 01:51:02,11.730
928,04/03/2023 01:51:32,11.752
929,04/03/2023 01:52:02,11.816
930,04/03/2023 01:52:32,11.859
931,04/03/2023 01:53:02,11.891
932,04/03/2023 01:53:32,11.913
933,04/03/2023 01:54:02,11.956
934,04/03/2023 01:54:32,11.988
935,04/03/2023 01:55:02,12.042
936,04/03/2023 01:55:32,12.074
937,04/03/2023 01:56:02,12.095
938,04/03/2023 01:56:32,12.127
939,04/03/2023 01:57:02,12.159
940,04/03/2023 01:57:32,12.159
941,04/03/2023 01:58:02,12.159
942,04/03/2023 01:58:32,12.138
943,04/03/2023 01:59:02,12.084
944,04/03/2023 01:59:32,12.052
945,04/03/2023 02:00:02,11.966
946,04/03/2023 02:00:32,11.881
947,04/03/2023 02:01:02,11.784
948,04/03/2023 02:01:32,11.688
949,04/03/2023 02:02:02,11.570
950,04/03/2023 02:02:32,11.495
951,04/03/2023 02:03:02,11.398
952,04/03/2023 02:03:32,11.312
953,04/03/2023 02:04:02,11.226
954,04/03/2023 02:04:32,11.141
955,04/03/2023 02:05:02,11.076
956,04/03/2023 02:05:32,11.001
957,04/03/2023 02:06:02,10.958
958,04/03/2023 02:06:32,10.894
959,04/03/2023 02:07:02,10.840
960,04/03/2023 02:07:32,10.808
961,04/03/2023 02:08:02,10.754
962,04/03/2023 02:08:32,10.712
963,04/03/2023 02:09:02,10.701
964,04/03/2023 02:09:32,10.658
965,04/03/2023 02:10:02,10.615
966,04/03/2023 02:10:32,10.594
967,04/03/2023 02:11:02,10.583
968,04/03/2023 02:11:32,10.572
969,04/03/2023 02:12:02,10.551
970,04/03/2023 02:12:32,10.561
971,04/03/2023 02:13:02,10.551
972,04/03/2023 02:13:32,10.540
973,04/03/2023 02:14:02,10.551
974,04/03/2023 02:14:32,10.551
975,04/03/2023 02:15:02,10.561
976,04/03/2023 02:15:32,10.551
977,04/03/2023 02:16:02,10.572
978,04/03/2023 02:16:32,10.572
979,04/03/2023 02:17:02,10.594
980,04/03/2023 02:17:32,10.604
981,04/03/2023 02:18:02,10.615
982,04/03/2023 02:18:32,10.637
983,04/03/2023 02:19:02,10.647
984,04/03/2023 02:19:32,10.679
985,04/03/2023 02:20:02,10.669
986,04/03/2023 02:20:32,10.701
987,04/03/2023 02:21:02,10.733
988,04/03/2023 02:21:32,10.744
989,04/03/2023 02:22:02,10.765
990,04/03/2023 02:22:32,10.787
991,04/03/2023 02:23:02,10.797
992,04/03/2023 02:23:32,10.851
993,04/03/2023 02:24:02,10.862
994,04/03/2023 02:24:32,10.926
995,04/03/2023 02:25:02,10.948
996,04/03/2023 02:25:32,10.980
997,04/03/2023 02:26:02,11.001
998,04/03/2023 02:26:32,11.033
999,04/03/2023 02:27:02,11.055
1000,04/03/2023 02:27:32,11.087
1001,04/03/2023 02:28:02,11.130
1002,04/03/2023 02:28:32,11.151
1003,04/03/2023 02:29:02,11.184
1004,04/03/2023 02:29:32,11.226
1005,04/03/2023 02:30:02,11.259
1006,04/03/2023 02:30:32,11.291
1007,04/03/2023 02:31:02,11.323
1008,04/03/2023 02:31:32,11.366
1009,04/03/2023 02:32:02,11.398
1010,04/03/2023 02:32:32,11.430
1011,04/03/2023 02:33:02,11.473
1012,04/03/2023 02:33:32,11.505
1013,04/03/2023 02:34:02,11.527
1014,04/03/2023 02:34:32,11.559
1015,04/03/2023 02:35:02,11.602
1016,04/03/2023 02:35:32,11.634
1017,04/03/2023 02:36:02,11.677
1018,04/03/2023 02:36:32,11.741
1019,04/03/2023 02:37:02,11.752
1020,04/03/2023 02:37:32,11.773
1021,04/03/2023 02:38:02,11.816
1022,04/03/2023 02:38:32,11.848
1023,04/03/2023 02:39:02,11.891
1024,04/03/2023 02:39:32,11.924
1025,04/03/2023 02:40:02,11.977
1026,04/03/2023 02:40:32,11.988
1027,04/03/2023 02:41:02,12.042
1028,04/03/2023 02:41:32,12.074
1029,04/03/2023 02:42:02,12.106
1030,04/03/2023 02:42:32,12.149
1031,04/03/2023 02:43:02,12.138
1032,04/03/2023 02:43:32,12.170
1033,04/03/2023 02:44:02,12.149
1034,04/03/2023 02:44:32,12.117
1035,04/03/2023 02:45:02,12.074
1036,04/03/2023 02:45:32,11.988
1037,04/03/2023 02:46:02,11.902
1038,04/03/2023 02:46:32,11.838
1039,04/03/2023 02:47:02,11.741
1040,04/03/2023 02:47:32,11.634
1041,04/03/2023 02:48:02,11.527
1042,04/03/2023 02:48:32,11.441
1043,04/03/2023 02:49:02,11.344
1044,04/03/2023 02:49:32,11.259
1045,04/03/2023 02:50:02,11.194
1046,04/03/2023 02:50:32,11.119
1047,04/03/2023 02:51:02,11.044
1048,04/03/2023 02:51:32,10.990
1049,04/03/2023 02:52:02,10.937
1050,04/03/2023 02:52:32,10.872
1051,04/03/2023 02:53:02,10.840
1052,04/03/2023 02:53:32,10.787
1053,04/03/2023 02:54:02,10.744
1054,04/03/2023 02:54:32,10.754
1055,04/03/2023 02:55:02,10.679
1056,04/03/2023 02:55:32,10.647
1057,04/03/2023 02:56:02,10.658
1058,04/03/2023 02:56:32,10.637
1059,04/03/2023 02:57:02,10.615
1060,04/03/2023 02:57:32,10.594
1061,04/03/2023 02:58:02,10.583
1062,04/03/2023 02:58:32,10.594
1063,04/03/2023 02:59:02,10.572
1064,04/03/2023 02:59:32,10.572
1065,04/03/2023 03:00:02,10.572
1066,04/03/2023 03:00:32,10.583
1067,04/03/2023 03:01:02,10.561
1068,04/03/2023 03:01:32,10.604
1069,04/03/2023 03:02:02,10.615
1070,04/03/2023 03:02:32,10.594
1071,04/03/2023 03:03:02,10.615
1072,04/03/2023 03:03:32,10.626
1073,04/03/2023 03:04:02,10.637
1074,04/03/2023 03:04:32,10.669
1075,04/03/2023 03:05:02,10.690
1076,04/03/2023 03:05:32,10.679
1077,04/03/2023 03:06:02,10.722
1078,04/03/2023 03:06:32,10.744
1079,04/03/2023 03:07:02,10.776
1080,04/03/2023 03:07:32,10.797
1081,04/03/2023 03:08:02,10.808
1082,04/03/2023 03:08:32,10.830
1083,04/03/2023 03:09:02,10.862
1084,04/03/2023 03:09:32,10.883
1085,04/03/2023 03:10:02,10.926
1086,04/03/2023 03:10:32,10.969
1087,04/03/2023 03:11:02,10.990
1088,04/03/2023 03:11:32,11.033
1089,04/03/2023 03:12:02,11.044
1090,04/03/2023 03:12:32,11.076
1091,04/03/2023 03:13:02,11.130
1092,04/03/2023 03:13:32,11.162
1093,04/03/2023 03:14:02,11.194
1094,04/03/2023 03:14:32,11.216
1095,04/03/2023 03:15:02,11.248
1096,04/03/2023 03:15:32,11.291
1097,04/03/2023 03:16:02,11.334
1098,04/03/2023 03:16:32,11.366
1099,04/03/2023 03:17:02,11.419
1100,04/03/2023 03:17:32,11.419
1101,04/03/2023 03:18:02,11.473
1102,04/03/2023 03:18:32,11.505
1103,04/03/2023 03:19:02,11.548
1104,04/03/2023 03:19:32,11.559
1105,04/03/2023 03:20:02,11.602
1106,04/03/2023 03:20:32,11.645
1107,04/03/2023 03:21:02,11.645
1108,04/03/2023 03:21:32,11.720
1109,04/03/2023 03:22:02,11.730
1110,04/03/2023 03:22:32,11.784
1111,04/03/2023 03:23:02,11.827
1112,04/03/2023 03:23:32,11.859
1113,04/03/2023 03:24:02,11.902
1114,04/03/2023 03:24:32,11.913
1115,04/03/2023 03:25:02,11.956
1116,04/03/2023 03:25:32,12.009
1117,04/03/2023 03:26:02,12.052
1118,04/03/2023 03:26:32,12.063
1119,04/03/2023 03:27:02,12.106
1120,04/03/2023 03:27:32,12.149
1121,04/03/2023 03:28:02,12.138
1122,04/03/2023 03:28:32,12.170
1123,04/03/2023 03:29:02,12.159
1124,04/03/2023 03:29:32,12.084
1125,04/03/2023 03:30:02,12.031
1126,04/03/2023 03:30:32,11.966
1127,04/03/2023 03:31:02,11.902
1128,04/03/2023 03:31:32,11.784
1129,04/03/2023 03:32:02,11.688
1130,04/03/2023 03:32:32,11.570
1131,04/03/2023 03:33:02,11.462
1132,04/03/2023 03:33:32,11.387
1133,04/03/2023 03:34:02,11.280
1134,04/03/2023 03:34:32,11.237
1135,04/03/2023 03:35:02,11.141
1136,04/03/2023 03:35:32,11.055
1137,04/03/2023 03:36:02,11.001
1138,04/03/2023 03:36:32,10.937
1139,04/03/2023 03:37:02,10.883
1140,04/03/2023 03:37:32,10.830
1141,04/03/2023 03:38:02,10.765
1142,04/03/2023 03:38:32,10.733
1143,04/03/2023 03:39:02,10.701
1144,04/03/2023 03:39:32,10.658
1145,04/03/2023 03:40:02,10.637
1146,04/03/2023 03:40:32,10.615
1147,04/03/2023 03:41:02,10.594
1148,04/03/2023 03:41:32,10.583
1149,04/03/2023 03:42:02,10.551
1150,04/03/2023 03:42:32,10.551
1151,04/03/2023 03:43:02,10.529
1152,04/03/2023 03:43:32,10.508
1153,04/03/2023 03:44:02,10.551
1154,04/03/2023 03:44:32,10.519
1155,04/03/2023 03:45:02,10.529
1156,04/03/2023 03:45:32,10.529
1157,04/03/2023 03:46:02,10.540
1158,04/03/2023 03:46:32,10.529
1159,04/03/2023 03:47:02,10.551
1160,04/03/2023 03:47:32,10.561
1161,04/03/2023 03:48:02,10.561
1162,04/03/2023 03:48:32,10.594
1163,04/03/2023 03:49:02,10.615
1164,04/03/2023 03:49:32,10.626
1165,04/03/2023 03:50:02,10.637
1166,04/03/2023 03:50:32,10.658
1167,04/03/2023 03:51:02,10.701
1168,04/03/2023 03:51:32,10.701
1169,04/03/2023 03:52:02,10.733
1170,04/03/2023 03:52:32,10.776
1171,04/03/2023 03:53:02,10.787
1172,04/03/2023 03:53:32,10.808
1173,04/03/2023 03:54:02,10.830
1174,04/03/2023 03:54:32,10.862
1175,04/03/2023 03:55:02,10.894
1176,04/03/2023 03:55:32,10.926
1177,04/03/2023 03:56:02,10.980
1178,04/03/2023 03:56:32,10.990
1179,04/03/2023 03:57:02,11.023
1180,04/03/2023 03:57:32,11.066
1181,04/03/2023 03:58:02,11.087
1182,04/03/2023 03:58:32,11.119
1183,04/03/2023 03:59:02,11.151
1184,04/03/2023 03:59:32,11.184
1185,04/03/2023 04:00:02,11.205
1186,04/03/2023 04:00:32,11.237
1187,04/03/2023 04:01:02,11.269
1188,04/03/2023 04:01:32,11.312
1189,04/03/2023 04:02:02,11.355
1190,04/03/2023 04:02:32,11.398
1191,04/03/2023 04:03:02,11.419
1192,04/03/2023 04:03:32,11.441
1193,04/03/2023 04:04:02,11.473
1194,04/03/2023 04:04:32,11.527
1195,04/03/2023 04:05:02,11.559
1196,04/03/2023 04:05:32,11.580
1197,04/03/2023 04:06:02,11.634
1198,04/03/2023 04:06:32,11.655
1199,04/03/2023 04:07:02,11.709
1200,04/03/2023 04:07:32,11.741
1201,04/03/2023 04:08:02,11.763
1202,04/03/2023 04:08:32,11.806
1203,04/03/2023 04:09:02,11.848
1204,04/03/2023 04:09:32,11.881
1205,04/03/2023 04:10:02,11.913
1206,04/03/2023 04:10:32,11.945
1207,04/03/2023 04:11:02,11.988
1208,04/03/2023 04:11:32,12.031
1209,04/03/2023 04:12:02,12.074
1210,04/03/2023 04:12:32,12.095
1211,04/03/2023 04:13:02,12.138
1212,04/03/2023 04:13:32,12.170
1213,04/03/2023 04:14:02,12.159
1214,04/03/2023 04:14:32,12.159
1215,04/03/2023 04:15:02,12.127
1216,04/03/2023 04:15:32,12.084
1217,04/03/2023 04:16:02,12.031
1218,04/03/2023 04:16:32,11.977
1219,04/03/2023 04:17:02,11.870
1220,04/03/2023 04:17:32,11.773
1221,04/03/2023 04:18:02,11.677
1222,04/03/2023 04:18:32,11.559
1223,04/03/2023 04:19:02,11.473
1224,04/03/2023 04:19:32,11.398
1225,04/03/2023 04:20:02,11.280
1226,04/03/2023 04:20:32,11.237
1227,04/03/2023 04:21:02,11.141
1228,04/03/2023 04:21:32,11.087
1229,04/03/2023 04:22:02,11.023
1230,04/03/2023 04:22:32,10.948
1231,04/03/2023 04:23:02,10.883
1232,04/03/2023 04:23:32,10.851
1233,04/03/2023 04:24:02,10.797
1234,04/03/2023 04:24:32,10.754
1235,04/03/2023 04:25:02,10.733
1236,04/03/2023 04:25:32,10.701
1237,04/03/2023 04:26:02,10.669
1238,04/03/2023 04:26:32,10.637
1239,04/03/2023 04:27:02,10.583
1240,04/03/2023 04:27:32,10.594
1241,04/03/2023 04:28:02,10.594
1242,04/03/2023 04:28:32,10.572
1243,04/03/2023 04:29:02,10.551
1244,04/03/2023 04:29:32,10.540
1245,04/03/2023 04:30:02,10.551
1246,04/03/2023 04:30:32,10.519
1247,04/03/2023 04:31:02,10.540
1248,04/03/2023 04:31:32,10.519
1249,04/03/2023 04:32:02,10.561
1250,04/03/2023 04:32:32,10.540
1251,04/03/2023 04:33:02,10.551
1252,04/03/2023 04:33:32,10.572
1253,04/03/2023 04:34:02,10.594
1254,04/03/2023 04:34:32,10.604
1255,04/03/2023 04:35:02,10.594
1256,04/03/2023 04:35:32,10.637
1257,04/03/2023 04:36:02,10.647
1258,04/03/2023 04:36:32,10.658
1259,04/03/2023 04:37:02,10.669
1260,04/03/2023 04:37:32,10.701
1261,04/03/2023 04:38:02,10.722
1262,04/03/2023 04:38:32,10.744
1263,04/03/2023 04:39:02,10.776
1264,04/03/2023 04:39:32,10.797
1265,04/03/2023 04:40:02,10.808
1266,04/03/2023 04:40:32,10.851
1267,04/03/2023 04:41:02,10.894
1268,04/03/2023 04:41:32,10.905
1269,04/03/2023 04:42:02,10.915
1270,04/03/2023 04:42:32,10.969
1271,04/03/2023 04:43:02,10.980
1272,04/03/2023 04:43:32,11.012
1273,04/03/2023 04:44:02,11.055
1274,04/03/2023 04:44:32,11.098
1275,04/03/2023 04:45:02,11.119
1276,04/03/2023 04:45:32,11.141
1277,04/03/2023 04:46:02,11.173
1278,04/03/2023 04:46:32,11.194
1279,04/03/2023 04:47:02,11.237
1280,04/03/2023 04:47:32,11.259
1281,04/03/2023 04:48:02,11.291
1282,04/03/2023 04:48:32,11.355
1283,04/03/2023 04:49:02,11.355
1284,04/03/2023 04:49:32,11.419
1285,04/03/2023 04:50:02,11.430
1286,04/03/2023 04:50:32,11.462
1287,04/03/2023 04:51:02,11.505
1288,04/03/2023 04:51:32,11.548
1289,04/03/2023 04:52:02,11.570
1290,04/03/2023 04:52:32,11.570
1291,04/03/2023 04:53:02,11.666
1292,04/03/2023 04:53:32,11.677
1293,04/03/2023 04:54:02,11.709
1294,04/03/2023 04:54:32,11.741
1295,04/03/2023 04:55:02,11.795
1296,04/03/2023 04:55:32,11.816
1297,04/03/2023 04:56:02,11.859
1298,04/03/2023 04:56:32,11.891
1299,04/03/2023 04:57:02,11.924
1300,04/03/2023 04:57:32,11.966
1301,04/03/2023 04:58:02,12.020
1302,04/03/2023 04:58:32,12.031
1303,04/03/2023 04:59:02,12.052
1304,04/03/2023 04:59:32,12.117
1305,04/03/2023 05:00:02,12.159
1306,04/03/2023 05:00:32,12.170
1307,04/03/2023 05:01:02,12.181
1308,04/03/2023 05:01:32,12.202
1309,04/03/2023 05:02:02,12.192
1310,04/03/2023 05:02:32,12.138
1311,04/03/2023 05:03:02,12.106
1312,04/03/2023 05:03:32,12.042
1313,04/03/2023 05:04:02,11.956
1314,04/03/2023 05:04:32,11.859
1315,04/03/2023 05:05:02,11.763
1316,04/03/2023 05:05:32,11.677
1317,04/03/2023 05:06:02,11.559
1318,04/03/2023 05:06:32,11.452
1319,04/03/2023 05:07:02,11.377
1320,04/03/2023 05:07:32,11.280
1321,04/03/2023 05:08:02,11.184
1322,04/03/2023 05:08:32,11.130
1323,04/03/2023 05:09:02,11.055
1324,04/03/2023 05:09:32,11.001
1325,04/03/2023 05:10:02,10.926
1326,04/03/2023 05:10:32,10.872
1327,04/03/2023 05:11:02,10.830
1328,04/03/2023 05:11:32,10.787
1329,04/03/2023 05:12:02,10.733
1330,04/03/2023 05:12:32,10.701
1331,04/03/2023 05:13:02,10.669
1332,04/03/2023 05:13:32,10.615
1333,04/03/2023 05:14:02,10.604
1334,04/03/2023 05:14:32,10.604
1335,04/03/2023 05:15:02,10.561
1336,04/03/2023 05:15:32,10.551
1337,04/03/2023 05:16:02,10.551
1338,04/03/2023 05:16:32,10.519
1339,04/03/2023 05:17:02,10.519
1340,04/03/2023 05:17:32,10.519
1341,04/03/2023 05:18:02,10.508
1342,04/03/2023 05:18:32,10.497
1343,04/03/2023 05:19:02,10.508
1344,04/03/2023 05:19:32,10.519
1345,04/03/2023 05:20:02,10.529
1346,04/03/2023 05:20:32,10.540
1347,04/03/2023 05:21:02,10.540
1348,04/03/2023 05:21:32,10.551
1349,04/03/2023 05:22:02,10.561
1350,04/03/2023 05:22:32,10.572
1351,04/03/2023 05:23:02,10.594
1352,04/03/2023 05:23:32,10.594
1353,04/03/2023 05:24:02,10.615
1354,04/03/2023 05:24:32,10.658
1355,04/03/2023 05:25:02,10.658
1356,04/03/2023 05:25:32,10.690
1357,04/03/2023 05:26:02,10.722
1358,04/03/2023 05:26:32,10.722
1359,04/03/2023 05:27:02,10.754
1360,04/03/2023 05:27:32,10.776
1361,04/03/2023 05:28:02,10.787
1362,04/03/2023 05:28:32,10.840
1363,04/03/2023 05:29:02,10.862
1364,04/03/2023 05:29:32,10.905
1365,04/03/2023 05:30:02,10.905
1366,04/03/2023 05:30:32,10.948
1367,04/03/2023 05:31:02,10.958
1368,04/03/2023 05:31:32,10.990
1369,04/03/2023 05:32:02,11.044
1370,04/03/2023 05:32:32,11.055
1371,04/03/2023 05:33:02,11.108
1372,04/03/2023 05:33:32,11.119
1373,04/03/2023 05:34:02,11.173
1374,04/03/2023 05:34:32,11.184
1375,04/03/2023 05:35:02,11.237
1376,04/03/2023 05:35:32,11.248
1377,04/03/2023 05:36:02,11.280
1378,04/03/2023 05:36:32,11.301
1379,04/03/2023 05:37:02,11.366
1380,04/03/2023 05:37:32,11.377
1381,04/03/2023 05:38:02,11.409
1382,04/03/2023 05:38:32,11.452
1383,04/03/2023 05:39:02,11.473
1384,04/03/2023 05:39:32,11.516
1385,04/03/2023 05:40:02,11.559
1386,04/03/2023 05:40:32,11.580
1387,04/03/2023 05:41:02,11.634
1388,04/03/2023 05:41:32,11.655
1389,04/03/2023 05:42:02,11.698
1390,04/03/2023 05:42:32,11.730
1391,04/03/2023 05:43:02,11.773
1392,04/03/2023 05:43:32,11.784
1393,04/03/2023 05:44:02,11.848
1394,04/03/2023 05:44:32,11.881
1395,04/03/2023 05:45:02,11.913
1396,04/03/2023 05:45:32,11.956
1397,04/03/2023 05:46:02,11.988
1398,04/03/2023 05:46:32,12.020
1399,04/03/2023 05:47:02,12.084
1400,04/03/2023 05:47:32,12.084
1401,04/03/2023 05:48:02,12.138
1402,04/03/2023 05:48:32,12.181
1403,04/03/2023 05:49:02,12.159
1404,04/03/2023 05:49:32,12.192
1405,04/03/2023 05:50:02,12.149
1406,04/03/2023 05:50:32,12.095
1407,04/03/2023 05:51:02,12.063
1408,04/03/2023 05:51:32,11.977
1409,04/03/2023 05:52:02,11.902
1410,04/03/2023 05:52:32,11.827
1411,04/03/2023 05:53:02,11.720
1412,04/03/2023 05:53:32,11.591
1413,04/03/2023 05:54:02,11.505
1414,04/03/2023 05:54:32,11.419
1415,04/03/2023 05:55:02,11.334
1416,04/03/2023 05:55:32,11.237
1417,04/03/2023 05:56:02,11.173
1418,04/03/2023 05:56:32,11.087
1419,04/03/2023 05:57:02,11.044
1420,04/03/2023 05:57:32,10.980
1421,04/03/2023 05:58:02,10.894
1422,04/03/2023 05:58:32,10.872
1423,04/03/2023 05:59:02,10.808
1424,04/03/2023 05:59:32,10.776
1425,04/03/2023 06:00:02,10.701
1426,04/03/2023 06:00:32,10.658
1427,04/03/2023 06:01:02,10.658
1428,04/03/2023 06:01:32,10.615
1429,04/03/2023 06:02:02,10.594
1430,04/03/2023 06:02:32,10.583
1431,04/03/2023 06:03:02,10.561
1432,04/03/2023 06:03:32,10.551
1433,04/03/2023 06:04:02,10.529
1434,04/03/2023 06:04:32,10.540
1435,04/03/2023 06:05:02,10.519
1436,04/03/2023 06:05:32,10.529
1437,04/03/2023 06:06:02,10.508
1438,04/03/2023 06:06:32,10.508
1439,04/03/2023 06:07:02,10.519
1440,04/03/2023 06:07:32,10.519
1441,04/03/2023 06:08:02,10.529
1442,04/03/2023 06:08:32,10.529
1443,04/03/2023 06:09:02,10.540
1444,04/03/2023 06:09:32,10.561
1445,04/03/2023 06:10:02,10.561
1446,04/03/2023 06:10:32,10.583
1447,04/03/2023 06:11:02,10.594
1448,04/03/2023 06:11:32,10.626
1449,04/03/2023 06:12:02,10.637
1450,04/03/2023 06:12:32,10.658
1451,04/03/2023 06:13:02,10.669
1452,04/03/2023 06:13:32,10.712
1453,04/03/2023 06:14:02,10.733
1454,04/03/2023 06:14:32,10.744
1455,04/03/2023 06:15:02,10.776
1456,04/03/2023 06:15:32,10.819
1457,04/03/2023 06:16:02,10.851
1458,04/03/2023 06:16:32,10.862
1459,04/03/2023 06:17:02,10.883
1460,04/03/2023 06:17:32,10.905
1461,04/03/2023 06:18:02,10.937
1462,04/03/2023 06:18:32,11.001
1463,04/03/2023 06:19:02,11.012
1464,04/03/2023 06:19:32,11.023
1465,04/03/2023 06:20:02,11.066
1466,04/03/2023 06:20:32,11.108
1467,04/03/2023 06:21:02,11.141
1468,04/03/2023 06:21:32,11.184
1469,04/03/2023 06:22:02,11.205
1470,04/03/2023 06:22:32,11.226
1471,04/03/2023 06:23:02,11.269
1472,04/03/2023 06:23:32,11.301
1473,04/03/2023 06:24:02,11.323
1474,04/03/2023 06:24:32,11.377
1475,04/03/2023 06:25:02,11.419
1476,04/03/2023 06:25:32,11.430
1477,04/03/2023 06:26:02,11.484
1478,04/03/2023 06:26:32,11.527
1479,04/03/2023 06:27:02,11.537
1480,04/03/2023 06:27:32,11.580
1481,04/03/2023 06:28:02,11.623
1482,04/03/2023 06:28:32,11.645
1483,04/03/2023 06:29:02,11.698
1484,04/03/2023 06:29:32,11.730
1485,04/03/2023 06:30:02,11.773
1486,04/03/2023 06:30:32,11.806
1487,04/03/2023 06:31:02,11.848
1488,04/03/2023 06:31:32,11.891
1489,04/03/2023 06:32:02,11.945
1490,04/03/2023 06:32:32,11.977
1491,04/03/2023 06:33:02,11.999
1492,04/03/2023 06:33:32,12.031
1493,04/03/2023 06:34:02,12.074
1494,04/03/2023 06:34:32,12.095
1495,04/03/2023 06:35:02,12.149
1496,04/03/2023 06:35:32,12.149
1497,04/03/2023 06:36:02,12.149
1498,04/03/2023 06:36:32,12.117
1499,04/03/2023 06:37:02,12.095
1500,04/03/2023 06:37:32,12.020
1501,04/03/2023 06:38:02,11.945
1502,04/03/2023 06:38:32,11.870
1503,04/03/2023 06:39:02,11.773
1504,04/03/2023 06:39:32,11.677
1505,04/03/2023 06:40:02,11.570
1506,04/03/2023 06:40:32,11.484
1507,04/03/2023 06:41:02,11.409
1508,04/03/2023 06:41:32,11.301
1509,04/03/2023 06:42:02,11.226
1510,04/03/2023 06:42:32,11.130
1511,04/03/2023 06:43:02,11.087
1512,04/03/2023 06:43:32,11.012
1513,04/03/2023 06:44:02,10.937
1514,04/03/2023 06:44:32,10.883
1515,04/03/2023 06:45:02,10.840
1516,04/03/2023 06:45:32,10.776
1517,04/03/2023 06:46:02,10.733
1518,04/03/2023 06:46:32,10.722
1519,04/03/2023 06:47:02,10.669
1520,04/03/2023 06:47:32,10.637
1521,04/03/2023 06:48:02,10.615
1522,04/03/2023 06:48:32,10.594
1523,04/03/2023 06:49:02,10.583
1524,04/03/2023 06:49:32,10.551
1525,04/03/2023 06:50:02,10.561
1526,04/03/2023 06:50:32,10.551
1527,04/03/2023 06:51:02,10.529
1528,04/03/2023 06:51:32,10.529
1529,04/03/2023 06:52:02,10.540
1530,04/03/2023 06:52:32,10.551
1531,04/03/2023 06:53:02,10.540
1532,04/03/2023 06:53:32,10.540
1533,04/03/2023 06:54:02,10.540
1534,04/03/2023 06:54:32,10.572
1535,04/03/2023 06:55:02,10.551
1536,04/03/2023 06:55:32,10.572
1537,04/03/2023 06:56:02,10.615
1538,04/03/2023 06:56:32,10.594
1539,04/03/2023 06:57:02,10.615
1540,04/03/2023 06:57:32,10.626
1541,04/03/2023 06:58:02,10.647
1542,04/03/2023 06:58:32,10.669
1543,04/03/2023 06:59:02,10.701
1544,04/03/2023 06:59:32,10.722
1545,04/03/2023 07:00:02,10.754
1546,04/03/2023 07:00:32,10.765
1547,04/03/2023 07:01:02,10.797
1548,04/03/2023 07:01:32,10.819
1549,04/03/2023 07:02:02,10.851
1550,04/03/2023 07:02:32,10.883
1551,04/03/2023 07:03:02,10.905
1552,04/03/2023 07:03:32,10.937
1553,04/03/2023 07:04:02,10.969
1554,04/03/2023 07:04:32,11.001
1555,04/03/2023 07:05:02,11.044
1556,04/03/2023 07:05:32,11.076
1557,04/03/2023 07:06:02,11.108
1558,04/03/2023 07:06:32,11.141
1559,04/03/2023 07:07:02,11.162
1560,04/03/2023 07:07:32,11.184
1561,04/03/2023 07:08:02,11.226
1562,04/03/2023 07:08:32,11.269
1563,04/03/2023 07:09:02,11.301
1564,04/03/2023 07:09:32,11.323
1565,04/03/2023 07:10:02,11.366
1566,04/03/2023 07:10:32,11.398
1567,04/03/2023 07:11:02,11.430
1568,04/03/2023 07:11:32,11.473
1569,04/03/2023 07:12:02,11.495
1570,04/03/2023 07:12:32,11.537
1571,04/03/2023 07:13:02,11.591
1572,04/03/2023 07:13:32,11.623
1573,04/03/2023 07:14:02,11.666
1574,04/03/2023 07:14:32,11.677
1575,04/03/2023 07:15:02,11.709
1576,04/03/2023 07:15:32,11.763
1577,04/03/2023 07:16:02,11.806
1578,04/03/2023 07:16:32,11.859
1579,04/03/2023 07:17:02,11.870
1580,04/03/2023 07:17:32,11.924
1581,04/03/2023 07:18:02,11.945
1582,04/03/2023 07:18:32,11.999
1583,04/03/2023 07:19:02,12.031
1584,04/03/2023 07:19:32,12.063
1585,04/03/2023 07:20:02,12.117
1586,04/03/2023 07:20:32,12.117
1587,04/03/2023 07:21:02,12.170
1588,04/03/2023 07:21:32,12.149
1589,04/03/2023 07:22:02,12.149
1590,04/03/2023 07:22:32,12.117
1591,04/03/2023 07:23:02,12.042
1592,04/03/2023 07:23:32,11.966
1593,04/03/2023 07:24:02,11.881
1594,04/03/2023 07:24:32,11.795
1595,04/03/2023 07:25:02,11.688
1596,04/03/2023 07:25:32,11.591
1597,04/03/2023 07:26:02,11.505
1598,04/03/2023 07:26:32,11.366
1599,04/03/2023 07:27:02,11.312
1600,04/03/2023 07:27:32,11.237
1601,04/03/2023 07:28:02,11.141
1602,04/03/2023 07:28:32,11.066
1603,04/03/2023 07:29:02,11.023
1604,04/03/2023 07:29:32,10.948
1605,04/03/2023 07:30:02,10.872
1606,04/03/2023 07:30:32,10.830
1607,04/03/2023 07:31:02,10.787
1608,04/03/2023 07:31:32,10.765
1609,04/03/2023 07:32:02,10.701
1610,04/03/2023 07:32:32,10.647
1611,04/03/2023 07:33:02,10.626
1612,04/03/2023 07:33:32,10.604
1613,04/03/2023 07:34:02,10.594
1614,04/03/2023 07:34:32,10.572
1615,04/03/2023 07:35:02,10.551
1616,04/03/2023 07:35:32,10.529
1617,04/03/2023 07:36:02,10.529
1618,04/03/2023 07:36:32,10.519
1619,04/03/2023 07:37:02,10.508
1620,04/03/2023 07:37:32,10.519
1621,04/03/2023 07:38:02,10.508
1622,04/03/2023 07:38:32,10.508
1623,04/03/2023 07:39:02,10.519
1624,04/03/2023 07:39:32,10.508
1625,04/03/2023 07:40:02,10.540
1626,04/03/2023 07:40:32,10.529
1627,04/03/2023 07:41:02,10.551
1628,04/03/2023 07:41:32,10.572
1629,04/03/2023 07:42:02,10.583
1630,04/03/2023 07:42:32,10.594
1631,04/03/2023 07:43:02,10.604
1632,04/03/2023 07:43:32,10.637
1633,04/03/2023 07:44:02,10.658
1634,04/03/2023 07:44:32,10.658
1635,04/03/2023 07:45:02,10.690
1636,04/03/2023 07:45:32,10.722
1637,04/03/2023 07:46:02,10.733
1638,04/03/2023 07:46:32,10.776
1639,04/03/2023 07:47:02,10.808
1640,04/03/2023 07:47:32,10.819
1641,04/03/2023 07:48:02,10.862
1642,04/03/2023 07:48:32,10.883
1643,04/03/2023 07:49:02,10.905
1644,04/03/2023 07:49:32,10.948
1645,04/03/2023 07:50:02,10.980
1646,04/03/2023 07:50:32,11.023
1647,04/03/2023 07:51:02,11.023
1648,04/03/2023 07:51:32,11.076
1649,04/03/2023 07:52:02,11.098
1650,04/03/2023 07:52:32,11.119
1651,04/03/2023 07:53:02,11.173
1652,04/03/2023 07:53:32,11.184
1653,04/03/2023 07:54:02,11.248
1654,04/03/2023 07:54:32,11.269
1655,04/03/2023 07:55:02,11.312
1656,04/03/2023 07:55:32,11.344
1657,04/03/2023 07:56:02,11.355
1658,04/03/2023 07:56:32,11.409
1659,04/03/2023 07:57:02,11.430
1660,04/03/2023 07:57:32,11.484
1661,04/03/2023 07:58:02,11.516
1662,04/03/2023 07:58:32,11.548
1663,04/03/2023 07:59:02,11.570
1664,04/03/2023 07:59:32,11.623
1665,04/03/2023 08:00:02,11.655
1666,04/03/2023 08:00:32,11.688
1667,04/03/2023 08:01:02,11.730
1668,04/03/2023 08:01:32,11.752
1669,04/03/2023 08:02:02,11.816
1670,04/03/2023 08:02:32,11.848
1671,04/03/2023 08:03:02,11.881
1672,04/03/2023 08:03:32,11.902
1673,04/03/2023 08:04:02,11.966
1674,04/03/2023 08:04:32,11.977
1675,04/03/2023 08:05:02,12.031
1676,04/03/2023 08:05:32,12.074
1677,04/03/2023 08:06:02,12.117
1678,04/03/2023 08:06:32,12.138
1679,04/03/2023 08:07:02,12.149
1680,04/03/2023 08:07:32,12.170
1681,04/03/2023 08:08:02,12.159
1682,04/03/2023 08:08:32,12.117
1683,04/03/2023 08:09:02,12.084
1684,04/03/2023 08:09:32,12.020
1685,04/03/2023 08:10:02,11.956
1686,04/03/2023 08:10:32,11.859
1687,04/03/2023 08:11:02,11.741
1688,04/03/2023 08:11:32,11.655
1689,04/03/2023 08:12:02,11.537
1690,04/03/2023 08:12:32,11.452
1691,04/03/2023 08:13:02,11.377
1692,04/03/2023 08:13:32,11.280
1693,04/03/2023 08:14:02,11.216
1694,04/03/2023 08:14:32,11.130
1695,04/03/2023 08:15:02,11.087
1696,04/03/2023 08:15:32,11.001
1697,04/03/2023 08:16:02,10.937
1698,04/03/2023 08:16:32,10.883
1699,04/03/2023 08:17:02,10.851
1700,04/03/2023 08:17:32,10.787
1701,04/03/2023 08:18:02,10.754
1702,04/03/2023 08:18:32,10.722
1703,04/03/2023 08:19:02,10.701
1704,04/03/2023 08:19:32,10.647
1705,04/03/2023 08:20:02,10.626
1706,04/03/2023 08:20:32,10.604
1707,04/03/2023 08:21:02,10.583
1708,04/03/2023 08:21:32,10.572
1709,04/03/2023 08:22:02,10.551
1710,04/03/2023 08:22:32,10.551
1711,04/03/2023 08:23:02,10.551
1712,04/03/2023 08:23:32,10.551
1713,04/03/2023 08:24:02,10.561
1714,04/03/2023 08:24:32,10.540
1715,04/03/2023 08:25:02,10.540
1716,04/03/2023 08:25:32,10.551
1717,04/03/2023 08:26:02,10.572
1718,04/03/2023 08:26:32,10.583
1719,04/03/2023 08:27:02,10.583
1720,04/03/2023 08:27:32,10.594
1721,04/03/2023 08:28:02,10.583
1722,04/03/2023 08:28:32,10.604
1723,04/03/2023 08:29:02,10.637
1724,04/03/2023 08:29:32,10.647
1725,04/03/2023 08:30:02,10.679
1726,04/03/2023 08:30:32,10.690
1727,04/03/2023 08:31:02,10.722
1728,04/03/2023 08:31:32,10.733
1729,04/03/2023 08:32:02,10.765
1730,04/03/2023 08:32:32,10.776
1731,04/03/2023 08:33:02,10.787
1732,04/03/2023 08:33:32,10.819
1733,04/03/2023 08:34:02,10.851
1734,04/03/2023 08:34:32,10.894
1735,04/03/2023 08:35:02,10.915
1736,04/03/2023 08:35:32,10.937
1737,04/03/2023 08:36:02,10.969
1738,04/03/2023 08:36:32,11.012
1739,04/03/2023 08:37:02,11.023
1740,04/03/2023 08:37:32,11.066
1741,04/03/2023 08:38:02,11.098
1742,04/03/2023 08:38:32,11.119
1743,04/03/2023 08:39:02,11.162
1744,04/03/2023 08:39:32,11.184
1745,04/03/2023 08:40:02,11.216
1746,04/03/2023 08:40:32,11.259
1747,04/03/2023 08:41:02,11.312
1748,04/03/2023 08:41:32,11.323
1749,04/03/2023 08:42:02,11.366
1750,04/03/2023 08:42:32,11.387
1751,04/03/2023 08:43:02,11.419
1752,04/03/2023 08:43:32,11.452
1753,04/03/2023 08:44:02,11.505
1754,04/03/2023 08:44:32,11.548
1755,04/03/2023 08:45:02,11.548
1756,04/03/2023 08:45:32,11.591
1757,04/03/2023 08:46:02,11.634
1758,04/03/2023 08:46:32,11.677
1759,04/03/2023 08:47:02,11.709
1760,04/03/2023 08:47:32,11.730
1761,04/03/2023 08:48:02,11.773
1762,04/03/2023 08:48:32,11.816
1763,04/03/2023 08:49:02,11.848
1764,04/03/2023 08:49:32,11.881
1765,04/03/2023 08:50:02,11.945
1766,04/03/2023 08:50:32,11.977
1767,04/03/2023 08:51:02,12.009
1768,04/03/2023 08:51:32,12.020
1769,04/03/2023 08:52:02,12.084
1770,04/03/2023 08:52:32,12.127
1771,04/03/2023 08:53:02,12.159
1772,04/03/2023 08:53:32,12.159
1773,04/03/2023 08:54:02,12.192
1774,04/03/2023 08:54:32,12.170
1775,04/03/2023 08:55:02,12.138
1776,04/03/2023 08:55:32,12.106
1777,04/03/2023 08:56:02,12.042
1778,04/03/2023 08:56:32,11.966
1779,04/03/2023 08:57:02,11.881
1780,04/03/2023 08:57:32,11.752
1781,04/03/2023 08:58:02,11.677
1782,04/03/2023 08:58:32,11.602
1783,04/03/2023 08:59:02,11.495
1784,04/03/2023 08:59:32,11.409
1785,04/03/2023 09:00:02,11.312
1786,04/03/2023 09:00:32,11.216
1787,04/03/2023 09:01:02,11.141
1788,04/03/2023 09:01:32,11.076
1789,04/03/2023 09:02:02,11.012
1790,04/03/2023 09:02:32,10.958
1791,04/03/2023 09:03:02,10.883
1792,04/03/2023 09:03:32,10.862
1793,04/03/2023 09:04:02,10.797
1794,04/03/2023 09:04:32,10.765
1795,04/03/2023 09:05:02,10.712
1796,04/03/2023 09:05:32,10.679
1797,04/03/2023 09:06:02,10.647
1798,04/03/2023 09:06:32,10.647
1799,04/03/2023 09:07:02,10.604
1800,04/03/2023 09:07:32,10.604
1801,04/03/2023 09:08:02,10.572
1802,04/03/2023 09:08:32,10.572
1803,04/03/2023 09:09:02,10.551
1804,04/03/2023 09:09:32,10.551
1805,04/03/2023 09:10:02,10.540
1806,04/03/2023 09:10:32,10.529
1807,04/03/2023 09:11:02,10.540
1808,04/03/2023 09:11:32,10.529
1809,04/03/2023 09:12:02,10.561
1810,04/03/2023 09:12:32,10.561
1811,04/03/2023 09:13:02,10.551
1812,04/03/2023 09:13:32,10.572
1813,04/03/2023 09:14:02,10.594
1814,04/03/2023 09:14:32,10.604
1815,04/03/2023 09:15:02,10.626
1816,04/03/2023 09:15:32,10.615
1817,04/03/2023 09:16:02,10.658
1818,04/03/2023 09:16:32,10.658
1819,04/03/2023 09:17:02,10.658
1820,04/03/2023 09:17:32,10.690
1821,04/03/2023 09:18:02,10.712
1822,04/03/2023 09:18:32,10.733
1823,04/03/2023 09:19:02,10.776
1824,04/03/2023 09:19:32,10.808
1825,04/03/2023 09:20:02,10.819
1826,04/03/2023 09:20:32,10.851
1827,04/03/2023 09:21:02,10.894
1828,04/03/2023 09:21:32,10.894
1829,04/03/2023 09:22:02,10.937
1830,04/03/2023 09:22:32,10.958
1831,04/03/2023 09:23:02,11.001
1832,04/03/2023 09:23:32,11.033
1833,04/03/2023 09:24:02,11.066
1834,04/03/2023 09:24:32,11.087
1835,04/03/2023 09:25:02,11.130
1836,04/03/2023 09:25:32,11.162
1837,04/03/2023 09:26:02,11.162
1838,04/03/2023 09:26:32,11.216
1839,04/03/2023 09:27:02,11.248
1840,04/03/2023 09:27:32,11.291
1841,04/03/2023 09:28:02,11.312
1842,04/03/2023 09:28:32,11.355
1843,04/03/2023 09:29:02,11.409
1844,04/03/2023 09:29:32,11.419
1845,04/03/2023 09:30:02,11.462
1846,04/03/2023 09:30:32,11.484
1847,04/03/2023 09:31:02,11.537
1848,04/03/2023 09:31:32,11.580
1849,04/03/2023 09:32:02,11.602
1850,04/03/2023 09:32:32,11.634
1851,04/03/2023 09:33:02,11.688
1852,04/03/2023 09:33:32,11.720
1853,04/03/2023 09:34:02,11.752
1854,04/03/2023 09:34:32,11.773
1855,04/03/2023 09:35:02,11.806
1856,04/03/2023 09:35:32,11.859
1857,04/03/2023 09:36:02,11.891
1858,04/03/2023 09:36:32,11.934
1859,04/03/2023 09:37:02,11.988
1860,04/03/2023 09:37:32,12.020
1861,04/03/2023 09:38:02,12.063
1862,04/03/2023 09:38:32,12.084
1863,04/03/2023 09:39:02,12.127
1864,04/03/2023 09:39:32,12.138
1865,04/03/2023 09:40:02,12.170
1866,04/03/2023 09:40:32,12.192
1867,04/03/2023 09:41:02,12.170
1868,04/03/2023 09:41:32,12.138
1869,04/03/2023 09:42:02,12.074
1870,04/03/2023 09:42:32,11.999
1871,04/03/2023 09:43:02,11.902
1872,04/03/2023 09:43:32,11.838
1873,04/03/2023 09:44:02,11.730
1874,04/03/2023 09:44:32,11.634
1875,04/03/2023 09:45:02,11.527
1876,04/03/2023 09:45:32,11.430
1877,04/03/2023 09:46:02,11.334
1878,04/03/2023 09:46:32,11.259
1879,04/03/2023 09:47:02,11.205
1880,04/03/2023 09:47:32,11.130
1881,04/03/2023 09:48:02,11.055
1882,04/03/2023 09:48:32,11.001
1883,04/03/2023 09:49:02,10.937
1884,04/03/2023 09:49:32,10.894
1885,04/03/2023 09:50:02,10.851
1886,04/03/2023 09:50:32,10.776
1887,04/03/2023 09:51:02,10.765
1888,04/03/2023 09:51:32,10.712
1889,04/03/2023 09:52:02,10.701
1890,04/03/2023 09:52:32,10.647
1891,04/03/2023 09:53:02,10.637
1892,04/03/2023 09:53:32,10.626
1893,04/03/2023 09:54:02,10.604
1894,04/03/2023 09:54:32,10.594
1895,04/03/2023 09:55:02,10.583
1896,04/03/2023 09:55:32,10.583
1897,04/03/2023 09:56:02,10.572
1898,04/03/2023 09:56:32,10.561
1899,04/03/2023 09:57:02,10.551
1900,04/03/2023 09:57:32,10.561
1901,04/03/2023 09:58:02,10.561
1902,04/03/2023 09:58:32,10.561
1903,04/03/2023 09:59:02,10.583
1904,04/03/2023 09:59:32,10.594
1905,04/03/2023 10:00:02,10.594
1906,04/03/2023 10:00:32,10.626
1907,04/03/2023 10:01:02,10.637
1908,04/03/2023 10:01:32,10.637
1909,04/03/2023 10:02:02,10.647
1910,04/03/2023 10:02:32,10.679
1911,04/03/2023 10:03:02,10.712
1912,04/03/2023 10:03:32,10.733
1913,04/03/2023 10:04:02,10.733
1914,04/03/2023 10:04:32,10.765
1915,04/03/2023 10:05:02,10.797
1916,04/03/2023 10:05:32,10.830
1917,04/03/2023 10:06:02,10.851
1918,04/03/2023 10:06:32,10.905
1919,04/03/2023 10:07:02,10.905
1920,04/03/2023 10:07:32,10.948
1921,04/03/2023 10:08:02,10.958
1922,04/03/2023 10:08:32,10.990
1923,04/03/2023 10:09:02,11.044
1924,04/03/2023 10:09:32,11.066
1925,04/03/2023 10:10:02,11.098
1926,04/03/2023 10:10:32,11.141
1927,04/03/2023 10:11:02,11.173
1928,04/03/2023 10:11:32,11.194
1929,04/03/2023 10:12:02,11.226
1930,04/03/2023 10:12:32,11.259
1931,04/03/2023 10:13:02,11.312
1932,04/03/2023 10:13:32,11.334
1933,04/03/2023 10:14:02,11.387
1934,04/03/2023 10:14:32,11.419
1935,04/03/2023 10:15:02,11.441
1936,04/03/2023 10:15:32,11.484
1937,04/03/2023 10:16:02,11.516
1938,04/03/2023 10:16:32,11.548
1939,04/03/2023 10:17:02,11.580
1940,04/03/2023 10:17:32,11.634
1941,04/03/2023 10:18:02,11.677
1942,04/03/2023 10:18:32,11.709
1943,04/03/2023 10:19:02,11.752
1944,04/03/2023 10:19:32,11.795
1945,04/03/2023 10:20:02,11.816
1946,04/03/2023 10:20:32,11.859
1947,04/03/2023 10:21:02,11.913
1948,04/03/2023 10:21:32,11.945
1949,04/03/2023 10:22:02,11.977
1950,04/03/2023 10:22:32,11.999
1951,04/03/2023 10:23:02,12.063
1952,04/03/2023 10:23:32,12.084
1953,04/03/2023 10:24:02,12.138
1954,04/03/2023 10:24:32,12.127
1955,04/03/2023 10:25:02,12.138
1956,04/03/2023 10:25:32,12.095
1957,04/03/2023 10:26:02,12.074
1958,04/03/2023 10:26:32,12.009
1959,04/03/2023 10:27:02,11.966
1960,04/03/2023 10:27:32,11.870
1961,04/03/2023 10:28:02,11.763
1962,04/03/2023 10:28:32,11.655
1963,04/03/2023 10:29:02,11.570
1964,04/03/2023 10:29:32,11.462
1965,04/03/2023 10:30:02,11.366
1966,04/03/2023 10:30:32,11.301
1967,04/03/2023 10:31:02,11.226
1968,04/03/2023 10:31:32,11.119
1969,04/03/2023 10:32:02,11.076
1970,04/03/2023 10:32:32,11.001
1971,04/03/2023 10:33:02,10.958
1972,04/03/2023 10:33:32,10.883
1973,04/03/2023 10:34:02,10.851
1974,04/03/2023 10:34:32,10.808
1975,04/03/2023 10:35:02,10.744
1976,04/03/2023 10:35:32,10.722
1977,04/03/2023 10:36:02,10.690
1978,04/03/2023 10:36:32,10.647
1979,04/03/2023 10:37:02,10.637
1980,04/03/2023 10:37:32,10.594
1981,04/03/2023 10:38:02,10.604
1982,04/03/2023 10:38:32,10.594
1983,04/03/2023 10:39:02,10.594
1984,04/03/2023 10:39:32,10.583
1985,04/03/2023 10:40:02,10.572
1986,04/03/2023 10:40:32,10.594
1987,04/03/2023 10:41:02,10.561
1988,04/03/2023 10:41:32,10.583
1989,04/03/2023 10:42:02,10.594
1990,04/03/2023 10:42:32,10.594
1991,04/03/2023 10:43:02,10.604
1992,04/03/2023 10:43:32,10.626
1993,04/03/2023 10:44:02,10.637
1994,04/03/2023 10:44:32,10.637
1995,04/03/2023 10:45:02,10.637
1996,04/03/2023 10:45:32,10.690
1997,04/03/2023 10:46:02,10.690
1998,04/03/2023 10:46:32,10.712
1999,04/03/2023 10:47:02,10.744
2000,04/03/2023 10:47:32,10.776
2001,04/03/2023 10:48:02,10.797
2002,04/03/2023 10:48:32,10.851
2003,04/03/2023 10:49:02,10.840
2004,04/03/2023 10:49:32,10.862
2005,04/03/2023 10:50:02,10.905
2006,04/03/2023 10:50:32,10.926
2007,04/03/2023 10:51:02,10.980
2008,04/03/2023 10:51:32,11.001
2009,04/03/2023 10:52:02,11.033
2010,04/03/2023 10:52:32,11.087
2011,04/03/2023 10:53:02,11.087
2012,04/03/2023 10:53:32,11.130
2013,04/03/2023 10:54:02,11.194
2014,04/03/2023 10:54:32,11.216
2015,04/03/2023 10:55:02,11.237
2016,04/03/2023 10:55:32,11.291
2017,04/03/2023 10:56:02,11.312
2018,04/03/2023 10:56:32,11.366
2019,04/03/2023 10:57:02,11.387
2020,04/03/2023 10:57:32,11.441
2021,04/03/2023 10:58:02,11.473
2022,04/03/2023 10:58:32,11.516
2023,04/03/2023 10:59:02,11.548
2024,04/03/2023 10:59:32,11.570
2025,04/03/2023 11:00:02,11.623
2026,04/03/2023 11:00:32,11.666
2027,04/03/2023 11:01:02,11.698
2028,04/03/2023 11:01:32,11.730
2029,04/03/2023 11:02:02,11.784
2030,04/03/2023 11:02:32,11.816
2031,04/03/2023 11:03:02,11.859
2032,04/03/2023 11:03:32,11.902
2033,04/03/2023 11:04:02,11.934
2034,04/03/2023 11:04:32,11.988
2035,04/03/2023 11:05:02,12.042
2036,04/03/2023 11:05:32,12.063
2037,04/03/2023 11:06:02,12.074
2038,04/03/2023 11:06:32,12.084
2039,04/03/2023 11:07:02,12.063
2040,04/03/2023 11:07:32,12.052
2041,04/03/2023 11:08:02,12.009
2042,04/03/2023 11:08:32,11.966
2043,04/03/2023 11:09:02,11.859
2044,04/03/2023 11:09:32,11.784
2045,04/03/2023 11:10:02,11.720
2046,04/03/2023 11:10:32,11.602
2047,04/03/2023 11:11:02,11.516
2048,04/03/2023 11:11:32,11.419
2049,04/03/2023 11:12:02,11.334
2050,04/03/2023 11:12:32,11.269
2051,04/03/2023 11:13:02,11.151
2052,04/03/2023 11:13:32,11.098
2053,04/03/2023 11:14:02,11.023
2054,04/03/2023 11:14:32,10.958
2055,04/03/2023 11:15:02,10.905
2056,04/03/2023 11:15:32,10.851
2057,04/03/2023 11:16:02,10.808
2058,04/03/2023 11:16:32,10.765
2059,04/03/2023 11:17:02,10.733
2060,04/03/2023 11:17:32,10.712
2061,04/03/2023 11:18:02,10.669
2062,04/03/2023 11:18:32,10.658
2063,04/03/2023 11:19:02,10.647
2064,04/03/2023 11:19:32,10.615
2065,04/03/2023 11:20:02,10.594
2066,04/03/2023 11:20:32,10.583
2067,04/03/2023 11:21:02,10.604
2068,04/03/2023 11:21:32,10.594
2069,04/03/2023 11:22:02,10.594
2070,04/03/2023 11:22:32,10.594
2071,04/03/2023 11:23:02,10.604
2072,04/03/2023 11:23:32,10.604
2073,04/03/2023 11:24:02,10.637
2074,04/03/2023 11:24:32,10.637
2075,04/03/2023 11:25:02,10.647
2076,04/03/2023 11:25:32,10.647
2077,04/03/2023 11:26:02,10.669
2078,04/03/2023 11:26:32,10.690
2079,04/03/2023 11:27:02,10.722
2080,04/03/2023 11:27:32,10.722
2081,04/03/2023 11:28:02,10.765
2082,04/03/2023 11:28:32,10.776
2083,04/03/2023 11:29:02,10.819
2084,04/03/2023 11:29:32,10.830
2085,04/03/2023 11:30:02,10.862
2086,04/03/2023 11:30:32,10.905
2087,04/03/2023 11:31:02,10.937
2088,04/03/2023 11:31:32,10.948
2089,04/03/2023 11:32:02,10.990
2090,04/03/2023 11:32:32,11.044
2091,04/03/2023 11:33:02,11.066
2092,04/03/2023 11:33:32,11.098
2093,04/03/2023 11:34:02,11.151
2094,04/03/2023 11:34:32,11.173
2095,04/03/2023 11:35:02,11.216
2096,04/03/2023 11:35:32,11.259
2097,04/03/2023 11:36:02,11.291
2098,04/03/2023 11:36:32,11.312
2099,04/03/2023 11:37:02,11.377
2100,04/03/2023 11:37:32,11.398
2101,04/03/2023 11:38:02,11.452
2102,04/03/2023 11:38:32,11.495
2103,04/03/2023 11:39:02,11.505
2104,04/03/2023 11:39:32,11.548
2105,04/03/2023 11:40:02,11.602
2106,04/03/2023 11:40:32,11.645
2107,04/03/2023 11:41:02,11.698
2108,04/03/2023 11:41:32,11.741
2109,04/03/2023 11:42:02,11.773
2110,04/03/2023 11:42:32,11.806
2111,04/03/2023 11:43:02,11.848
2112,04/03/2023 11:43:32,11.891
2113,04/03/2023 11:44:02,11.913
2114,04/03/2023 11:44:32,11.977
2115,04/03/2023 11:45:02,12.009
2116,04/03/2023 11:45:32,12.020
2117,04/03/2023 11:46:02,12.042
2118,04/03/2023 11:46:32,12.042
2119,04/03/2023 11:47:02,12.042
2120,04/03/2023 11:47:32,11.966
2121,04/03/2023 11:48:02,11.924
2122,04/03/2023 11:48:32,11.848
2123,04/03/2023 11:49:02,11.784
2124,04/03/2023 11:49:32,11.677
2125,04/03/2023 11:50:02,11.570
2126,04/03/2023 11:50:32,11.473
2127,04/03/2023 11:51:02,11.387
2128,04/03/2023 11:51:32,11.312
2129,04/03/2023 11:52:02,11.216
2130,04/03/2023 11:52:32,11.119
2131,04/03/2023 11:53:02,11.055
2132,04/03/2023 11:53:32,11.012
2133,04/03/2023 11:54:02,10.948
2134,04/03/2023 11:54:32,10.872
2135,04/03/2023 11:55:02,10.830
2136,04/03/2023 11:55:32,10.776
2137,04/03/2023 11:56:02,10.765
2138,04/03/2023 11:56:32,10.733
2139,04/03/2023 11:57:02,10.679
2140,04/03/2023 11:57:32,10.658
2141,04/03/2023 11:58:02,10.637
2142,04/03/2023 11:58:32,10.626
2143,04/03/2023 11:59:02,10.604
2144,04/03/2023 11:59:32,10.594
2145,04/03/2023 12:00:02,10.583
2146,04/03/2023 12:00:32,10.572
2147,04/03/2023 12:01:02,10.604
2148,04/03/2023 12:01:32,10.583
2149,04/03/2023 12:02:02,10.594
2150,04/03/2023 12:02:32,10.626
2151,04/03/2023 12:03:02,10.615
2152,04/03/2023 12:03:32,10.637
2153,04/03/2023 12:04:02,10.637
2154,04/03/2023 12:04:32,10.637
2155,04/03/2023 12:05:02,10.679
2156,04/03/2023 12:05:32,10.701
2157,04/03/2023 12:06:02,10.712
2158,04/03/2023 12:06:32,10.754
2159,04/03/2023 12:07:02,10.754
2160,04/03/2023 12:07:32,10.797
2161,04/03/2023 12:08:02,10.819
2162,04/03/2023 12:08:32,10.851
2163,04/03/2023 12:09:02,10.883
2164,04/03/2023 12:09:32,10.905
2165,04/03/2023 12:10:02,10.937
2166,04/03/2023 12:10:32,11.001
2167,04/03/2023 12:11:02,11.012
2168,04/03/2023 12:11:32,11.044
2169,04/03/2023 12:12:02,11.108
2170,04/03/2023 12:12:32,11.119
2171,04/03/2023 12:13:02,11.173
2172,04/03/2023 12:13:32,11.194
2173,04/03/2023 12:14:02,11.226
2174,04/03/2023 12:14:32,11.269
2175,04/03/2023 12:15:02,11.312
2176,04/03/2023 12:15:32,11.355
2177,04/03/2023 12:16:02,11.387
2178,04/03/2023 12:16:32,11.441
2179,04/03/2023 12:17:02,11.473
2180,04/03/2023 12:17:32,11.505
2181,04/03/2023 12:18:02,11.548
2182,04/03/2023 12:18:32,11.602
2183,04/03/2023 12:19:02,11.613
2184,04/03/2023 12:19:32,11.688
2185,04/03/2023 12:20:02,11.709
2186,04/03/2023 12:20:32,11.752
2187,04/03/2023 12:21:02,11.806
2188,04/03/2023 12:21:32,11.838
2189,04/03/2023 12:22:02,11.891
2190,04/03/2023 12:22:32,11.924
2191,04/03/2023 12:23:02,11.945
2192,04/03/2023 12:23:32,11.988
2193,04/03/2023 12:24:02,12.009
2194,04/03/2023 12:24:32,12.042
2195,04/03/2023 12:25:02,12.042
2196,04/03/2023 12:25:32,12.020
2197,04/03/2023 12:26:02,11.966
2198,04/03/2023 12:26:32,11.913
2199,04/03/2023 12:27:02,11.859
2200,04/03/2023 12:27:32,11.763
2201,04/03/2023 12:28:02,11.688
2202,04/03/2023 12:28:32,11.602
2203,04/03/2023 12:29:02,11.462
2204,04/03/2023 12:29:32,11.377
2205,04/03/2023 12:30:02,11.280
2206,04/03/2023 12:30:32,11.205
2207,04/03/2023 12:31:02,11.151
2208,04/03/2023 12:31:32,11.055
2209,04/03/2023 12:32:02,11.001
2210,04/03/2023 12:32:32,10.926
2211,04/03/2023 12:33:02,10.851
2212,04/03/2023 12:33:32,10.797
2213,04/03/2023 12:34:02,10.776
2214,04/03/2023 12:34:32,10.733
2215,04/03/2023 12:35:02,10.690
2216,04/03/2023 12:35:32,10.679
2217,04/03/2023 12:36:02,10.637
2218,04/03/2023 12:36:32,10.626
2219,04/03/2023 12:37:02,10.615
2220,04/03/2023 12:37:32,10.594
2221,04/03/2023 12:38:02,10.572
2222,04/03/2023 12:38:32,10.551
2223,04/03/2023 12:39:02,10.572
2224,04/03/2023 12:39:32,10.551
2225,04/03/2023 12:40:02,10.561
2226,04/03/2023 12:40:32,10.583
2227,04/03/2023 12:41:02,10.583
2228,04/03/2023 12:41:32,10.615
2229,04/03/2023 12:42:02,10.604
2230,04/03/2023 12:42:32,10.626
2231,04/03/2023 12:43:02,10.637
2232,04/03/2023 12:43:32,10.658
2233,04/03/2023 12:44:02,10.658
2234,04/03/2023 12:44:32,10.712
2235,04/03/2023 12:45:02,10.744
2236,04/03/2023 12:45:32,10.765
2237,04/03/2023 12:46:02,10.787
2238,04/03/2023 12:46:32,10.819
2239,04/03/2023 12:47:02,10.840
2240,04/03/2023 12:47:32,10.862
2241,04/03/2023 12:48:02,10.894
2242,04/03/2023 12:48:32,10.948
2243,04/03/2023 12:49:02,10.969
2244,04/03/2023 12:49:32,11.012
2245,04/03/2023 12:50:02,11.033
2246,04/03/2023 12:50:32,11.076
2247,04/03/2023 12:51:02,11.119
2248,04/03/2023 12:51:32,11.173
2249,04/03/2023 12:52:02,11.226
2250,04/03/2023 12:52:32,11.237
2251,04/03/2023 12:53:02,11.269
2252,04/03/2023 12:53:32,11.323
2253,04/03/2023 12:54:02,11.377
2254,04/03/2023 12:54:32,11.419
2255,04/03/2023 12:55:02,11.441
2256,04/03/2023 12:55:32,11.505
2257,04/03/2023 12:56:02,11.527
2258,04/03/2023 12:56:32,11.591
2259,04/03/2023 12:57:02,11.623
2260,04/03/2023 12:57:32,11.655
2261,04/03/2023 12:58:02,11.698
2262,04/03/2023 12:58:32,11.730
2263,04/03/2023 12:59:02,11.773
2264,04/03/2023 12:59:32,11.827
2265,04/03/2023 13:00:02,11.859
2266,04/03/2023 13:00:32,11.924
2267,04/03/2023 13:01:02,11.934
2268,04/03/2023 13:01:32,11.977
2269,04/03/2023 13:02:02,11.999
2270,04/03/2023 13:02:32,12.042
2271,04/03/2023 13:03:02,11.999
2272,04/03/2023 13:03:32,11.988
2273,04/03/2023 13:04:02,11.934
2274,04/03/2023 13:04:32,11.902
2275,04/03/2023 13:05:02,11.838
2276,04/03/2023 13:05:32,11.752
2277,04/03/2023 13:06:02,11.666
2278,04/03/2023 13:06:32,11.548
2279,04/03/2023 13:07:02,11.462
2280,04/03/2023 13:07:32,11.355
2281,04/03/2023 13:08:02,11.259
2282,04/03/2023 13:08:32,11.162
2283,04/03/2023 13:09:02,11.098
2284,04/03/2023 13:09:32,11.044
2285,04/03/2023 13:10:02,10.937
2286,04/03/2023 13:10:32,10.894
2287,04/03/2023 13:11:02,10.862
2288,04/03/2023 13:11:32,10.797
2289,04/03/2023 13:12:02,10.754
2290,04/03/2023 13:12:32,10.744
2291,04/03/2023 13:13:02,10.679
2292,04/03/2023 13:13:32,10.647
2293,04/03/2023 13:14:02,10.637
2294,04/03/2023 13:14:32,10.615
2295,04/03/2023 13:15:02,10.572
2296,04/03/2023 13:15:32,10.604
2297,04/03/2023 13:16:02,10.561
2298,04/03/2023 13:16:32,10.561
2299,04/03/2023 13:17:02,10.561
2300,04/03/2023 13:17:32,10.529
2301,04/03/2023 13:18:02,10.561
2302,04/03/2023 13:18:32,10.572
2303,04/03/2023 13:19:02,10.572
2304,04/03/2023 13:19:32,10.594
2305,04/03/2023 13:20:02,10.594
2306,04/03/2023 13:20:32,10.615
2307,04/03/2023 13:21:02,10.615
2308,04/03/2023 13:21:32,10.647
2309,04/03/2023 13:22:02,10.658
2310,04/03/2023 13:22:32,10.690
2311,04/03/2023 13:23:02,10.701
2312,04/03/2023 13:23:32,10.744
2313,04/03/2023 13:24:02,10.765
2314,04/03/2023 13:24:32,10.776
2315,04/03/2023 13:25:02,10.819
2316,04/03/2023 13:25:32,10.872
2317,04/03/2023 13:26:02,10.883
2318,04/03/2023 13:26:32,10.905
2319,04/03/2023 13:27:02,10.937
2320,04/03/2023 13:27:32,10.990
2321,04/03/2023 13:28:02,11.033
2322,04/03/2023 13:28:32,11.055
2323,04/03/2023 13:29:02,11.076
2324,04/03/2023 13:29:32,11.130
2325,04/03/2023 13:30:02,11.173
2326,04/03/2023 13:30:32,11.205
2327,04/03/2023 13:31:02,11.226
2328,04/03/2023 13:31:32,11.291
2329,04/03/2023 13:32:02,11.323
2330,04/03/2023 13:32:32,11.355
2331,04/03/2023 13:33:02,11.398
2332,04/03/2023 13:33:32,11.452
2333,04/03/2023 13:34:02,11.473
2334,04/03/2023 13:34:32,11.527
2335,04/03/2023 13:35:02,11.548
2336,04/03/2023 13:35:32,11.602
2337,04/03/2023 13:36:02,11.655
2338,04/03/2023 13:36:32,11.677
2339,04/03/2023 13:37:02,11.709
2340,04/03/2023 13:37:32,11.773
2341,04/03/2023 13:38:02,11.795
2342,04/03/2023 13:38:32,11.859
2343,04/03/2023 13:39:02,11.902
2344,04/03/2023 13:39:32,11.913
2345,04/03/2023 13:40:02,11.977
2346,04/03/2023 13:40:32,11.999
2347,04/03/2023 13:41:02,12.031
2348,04/03/2023 13:41:32,12.042
2349,04/03/2023 13:42:02,12.074
2350,04/03/2023 13:42:32,12.084
2351,04/03/2023 13:43:02,12.052
2352,04/03/2023 13:43:32,12.009
2353,04/03/2023 13:44:02,11.945
2354,04/03/2023 13:44:32,11.902
2355,04/03/2023 13:45:02,11.806
2356,04/03/2023 13:45:32,11.709
2357,04/03/2023 13:46:02,11.623
2358,04/03/2023 13:46:32,11.527
2359,04/03/2023 13:47:02,11.452
2360,04/03/2023 13:47:32,11.323
2361,04/03/2023 13:48:02,11.237
2362,04/03/2023 13:48:32,11.173
2363,04/03/2023 13:49:02,11.098
2364,04/03/2023 13:49:32,11.023
2365,04/03/2023 13:50:02,10.948
2366,04/03/2023 13:50:32,10.894
2367,04/03/2023 13:51:02,10.862
2368,04/03/2023 13:51:32,10.797
2369,04/03/2023 13:52:02,10.754
2370,04/03/2023 13:52:32,10.744
2371,04/03/2023 13:53:02,10.690
2372,04/03/2023 13:53:32,10.658
2373,04/03/2023 13:54:02,10.647
2374,04/03/2023 13:54:32,10.615
2375,04/03/2023 13:55:02,10.594
2376,04/03/2023 13:55:32,10.583
2377,04/03/2023 13:56:02,10.594
2378,04/03/2023 13:56:32,10.583
2379,04/03/2023 13:57:02,10.572
2380,04/03/2023 13:57:32,10.583
2381,04/03/2023 13:58:02,10.594
2382,04/03/2023 13:58:32,10.583
2383,04/03/2023 13:59:02,10.604
2384,04/03/2023 13:59:32,10.604
2385,04/03/2023 14:00:02,10.615
2386,04/03/2023 14:00:32,10.637
2387,04/03/2023 14:01:02,10.647
2388,04/03/2023 14:01:32,10.658
2389,04/03/2023 14:02:02,10.701
2390,04/03/2023 14:02:32,10.701
2391,04/03/2023 14:03:02,10.733
2392,04/03/2023 14:03:32,10.765
2393,04/03/2023 14:04:02,10.787
2394,04/03/2023 14:04:32,10.819
2395,04/03/2023 14:05:02,10.851
2396,04/03/2023 14:05:32,10.872
2397,04/03/2023 14:06:02,10.905
2398,04/03/2023 14:06:32,10.937
2399,04/03/2023 14:07:02,10.969
2400,04/03/2023 14:07:32,11.012
2401,04/03/2023 14:08:02,11.055
2402,04/03/2023 14:08:32,11.066
2403,04/03/2023 14:09:02,11.119
2404,04/03/2023 14:09:32,11.151
2405,04/03/2023 14:10:02,11.173
2406,04/03/2023 14:10:32,11.216
2407,04/03/2023 14:11:02,11.280
2408,04/03/2023 14:11:32,11.312
2409,04/03/2023 14:12:02,11.323
2410,04/03/2023 14:12:32,11.387
2411,04/03/2023 14:13:02,11.441
2412,04/03/2023 14:13:32,11.484
2413,04/03/2023 14:14:02,11.505
2414,04/03/2023 14:14:32,11.548
2415,04/03/2023 14:15:02,11.580
2416,04/03/2023 14:15:32,11.634
2417,04/03/2023 14:16:02,11.666
2418,04/03/2023 14:16:32,11.698
2419,04/03/2023 14:17:02,11.730
2420,04/03/2023 14:17:32,11.773
2421,04/03/2023 14:18:02,11.816
2422,04/03/2023 14:18:32,11.859
2423,04/03/2023 14:19:02,11.902
2424,04/03/2023 14:19:32,11.934
2425,04/03/2023 14:20:02,11.988
2426,04/03/2023 14:20:32,11.999
2427,04/03/2023 14:21:02,12.074
2428,04/03/2023 14:21:32,12.095
2429,04/03/2023 14:22:02,12.106
2430,04/03/2023 14:22:32,12.117
2431,04/03/2023 14:23:02,12.095
2432,04/03/2023 14:23:32,12.052
2433,04/03/2023 14:24:02,12.042
2434,04/03/2023 14:24:32,11.977
2435,04/03/2023 14:25:02,11.891
2436,04/03/2023 14:25:32,11.806
2437,04/03/2023 14:26:02,11.698
2438,04/03/2023 14:26:32,11.613
2439,04/03/2023 14:27:02,11.495
2440,04/03/2023 14:27:32,11.398
2441,04/03/2023 14:28:02,11.291
2442,04/03/2023 14:28:32,11.237
2443,04/03/2023 14:29:02,11.130
2444,04/03/2023 14:29:32,11.055
2445,04/03/2023 14:30:02,11.001
2446,04/03/2023 14:30:32,10.926
2447,04/03/2023 14:31:02,10.883
2448,04/03/2023 14:31:32,10.830
2449,04/03/2023 14:32:02,10.787
2450,04/03/2023 14:32:32,10.754
2451,04/03/2023 14:33:02,10.722
2452,04/03/2023 14:33:32,10.690
2453,04/03/2023 14:34:02,10.626
2454,04/03/2023 14:34:32,10.637
2455,04/03/2023 14:35:02,10.626
2456,04/03/2023 14:35:32,10.626
2457,04/03/2023 14:36:02,10.626
2458,04/03/2023 14:36:32,10.626
2459,04/03/2023 14:37:02,10.637
2460,04/03/2023 14:37:32,10.637
2461,04/03/2023 14:38:02,10.615
2462,04/03/2023 14:38:32,10.647
2463,04/03/2023 14:39:02,10.637
2464,04/03/2023 14:39:32,10.637
2465,04/03/2023 14:40:02,10.669
2466,04/03/2023 14:40:32,10.701
2467,04/03/2023 14:41:02,10.690
2468,04/03/2023 14:41:32,10.722
2469,04/03/2023 14:42:02,10.744
2470,04/03/2023 14:42:32,10.776
2471,04/03/2023 14:43:02,10.797
2472,04/03/2023 14:43:32,10.830
2473,04/03/2023 14:44:02,10.851
2474,04/03/2023 14:44:32,10.894
2475,04/03/2023 14:45:02,10.894
2476,04/03/2023 14:45:32,10.926
2477,04/03/2023 14:46:02,10.969
2478,04/03/2023 14:46:32,11.023
2479,04/03/2023 14:47:02,11.044
2480,04/03/2023 14:47:32,11.044
2481,04/03/2023 14:48:02,11.087
2482,04/03/2023 14:48:32,11.119
2483,04/03/2023 14:49:02,11.173
2484,04/03/2023 14:49:32,11.216
2485,04/03/2023 14:50:02,11.237
2486,04/03/2023 14:50:32,11.280
2487,04/03/2023 14:51:02,11.323
2488,04/03/2023 14:51:32,11.344
2489,04/03/2023 14:52:02,11.377
2490,04/03/2023 14:52:32,11.430
2491,04/03/2023 14:53:02,11.452
2492,04/03/2023 14:53:32,11.505
2493,04/03/2023 14:54:02,11.537
2494,04/03/2023 14:54:32,11.602
2495,04/03/2023 14:55:02,11.613
2496,04/03/2023 14:55:32,11.666
2497,04/03/2023 14:56:02,11.698
2498,04/03/2023 14:56:32,11.730
2499,04/03/2023 14:57:02,11.763
2500,04/03/2023 14:57:32,11.816
2501,04/03/2023 14:58:02,11.848
2502,04/03/2023 14:58:32,11.891
2503,04/03/2023 14:59:02,11.913
2504,04/03/2023 14:59:32,11.977
2505,04/03/2023 15:00:02,12.020
2506,04/03/2023 15:00:32,12.042
2507,04/03/2023 15:01:02,12.074
2508,04/03/2023 15:01:32,12.117
2509,04/03/2023 15:02:02,12.127
2510,04/03/2023 15:02:32,12.138
2511,04/03/2023 15:03:02,12.170
2512,04/03/2023 15:03:32,12.138
2513,04/03/2023 15:04:02,12.074
2514,04/03/2023 15:04:32,12.031
2515,04/03/2023 15:05:02,11.956
2516,04/03/2023 15:05:32,11.870
2517,04/03/2023 15:06:02,11.773
2518,04/03/2023 15:06:32,11.666
2519,04/03/2023 15:07:02,11.548
2520,04/03/2023 15:07:32,11.462
2521,04/03/2023 15:08:02,11.344
2522,04/03/2023 15:08:32,11.259
2523,04/03/2023 15:09:02,11.173
2524,04/03/2023 15:09:32,11.108
2525,04/03/2023 15:10:02,11.044
2526,04/03/2023 15:10:32,10.969
2527,04/03/2023 15:11:02,10.915
2528,04/03/2023 15:11:32,10.862
2529,04/03/2023 15:12:02,10.787
2530,04/03/2023 15:12:32,10.765
2531,04/03/2023 15:13:02,10.712
2532,04/03/2023 15:13:32,10.690
2533,04/03/2023 15:14:02,10.658
2534,04/03/2023 15:14:32,10.637
2535,04/03/2023 15:15:02,10.604
2536,04/03/2023 15:15:32,10.604
2537,04/03/2023 15:16:02,10.572
2538,04/03/2023 15:16:32,10.561
2539,04/03/2023 15:17:02,10.561
2540,04/03/2023 15:17:32,10.540
2541,04/03/2023 15:18:02,10.561
2542,04/03/2023 15:18:32,10.551
2543,04/03/2023 15:19:02,10.561
2544,04/03/2023 15:19:32,10.551
2545,04/03/2023 15:20:02,10.561
2546,04/03/2023 15:20:32,10.583
2547,04/03/2023 15:21:02,10.583
2548,04/03/2023 15:21:32,10.615
2549,04/03/2023 15:22:02,10.615
2550,04/03/2023 15:22:32,10.615
2551,04/03/2023 15:23:02,10.658
2552,04/03/2023 15:23:32,10.712
2553,04/03/2023 15:24:02,10.701
2554,04/03/2023 15:24:32,10.733
2555,04/03/2023 15:25:02,10.744
2556,04/03/2023 15:25:32,10.776
2557,04/03/2023 15:26:02,10.819
2558,04/03/2023 15:26:32,10.851
2559,04/03/2023 15:27:02,10.894
2560,04/03/2023 15:27:32,10.905
2561,04/03/2023 15:28:02,10.926
2562,04/03/2023 15:28:32,10.958
2563,04/03/2023 15:29:02,11.012
2564,04/03/2023 15:29:32,11.055
2565,04/03/2023 15:30:02,11.066
2566,04/03/2023 15:30:32,11.087
2567,04/03/2023 15:31:02,11.151
2568,04/03/2023 15:31:32,11.173
2569,04/03/2023 15:32:02,11.226
2570,04/03/2023 15:32:32,11.259
2571,04/03/2023 15:33:02,11.312
2572,04/03/2023 15:33:32,11.344
2573,04/03/2023 15:34:02,11.387
2574,04/03/2023 15:34:32,11.387
2575,04/03/2023 15:35:02,11.462
2576,04/03/2023 15:35:32,11.495
2577,04/03/2023 15:36:02,11.505
2578,04/03/2023 15:36:32,11.548
2579,04/03/2023 15:37:02,11.613
2580,04/03/2023 15:37:32,11.634
2581,04/03/2023 15:38:02,11.677
2582,04/03/2023 15:38:32,11.709
2583,04/03/2023 15:39:02,11.741
2584,04/03/2023 15:39:32,11.795
2585,04/03/2023 15:40:02,11.838
2586,04/03/2023 15:40:32,11.881
2587,04/03/2023 15:41:02,11.881
2588,04/03/2023 15:41:32,11.945
2589,04/03/2023 15:42:02,11.966
2590,04/03/2023 15:42:32,12.009
2591,04/03/2023 15:43:02,12.042
2592,04/03/2023 15:43:32,12.084
2593,04/03/2023 15:44:02,12.117
2594,04/03/2023 15:44:32,12.138
2595,04/03/2023 15:45:02,12.127
2596,04/03/2023 15:45:32,12.149
2597,04/03/2023 15:46:02,12.095
2598,04/03/2023 15:46:32,12.042
2599,04/03/2023 15:47:02,11.956
2600,04/03/2023 15:47:32,11.881
2601,04/03/2023 15:48:02,11.784
2602,04/03/2023 15:48:32,11.677
2603,04/03/2023 15:49:02,11.548
2604,04/03/2023 15:49:32,11.473
2605,04/03/2023 15:50:02,11.377
2606,04/03/2023 15:50:32,11.269
2607,04/03/2023 15:51:02,11.173
2608,04/03/2023 15:51:32,11.098
2609,04/03/2023 15:52:02,11.023
2610,04/03/2023 15:52:32,10.948
2611,04/03/2023 15:53:02,10.883
2612,04/03/2023 15:53:32,10.830
2613,04/03/2023 15:54:02,10.765
2614,04/03/2023 15:54:32,10.744
2615,04/03/2023 15:55:02,10.712
2616,04/03/2023 15:55:32,10.647
2617,04/03/2023 15:56:02,10.615
2618,04/03/2023 15:56:32,10.594
2619,04/03/2023 15:57:02,10.583
2620,04/03/2023 15:57:32,10.561
2621,04/03/2023 15:58:02,10.540
2622,04/03/2023 15:58:32,10.519
2623,04/03/2023 15:59:02,10.519
2624,04/03/2023 15:59:32,10.540
2625,04/03/2023 16:00:02,10.519
2626,04/03/2023 16:00:32,10.529
2627,04/03/2023 16:01:02,10.497
2628,04/03/2023 16:01:32,10.519
2629,04/03/2023 16:02:02,10.540
2630,04/03/2023 16:02:32,10.540
2631,04/03/2023 16:03:02,10.551
2632,04/03/2023 16:03:32,10.551
2633,04/03/2023 16:04:02,10.594
2634,04/03/2023 16:04:32,10.594
2635,04/03/2023 16:05:02,10.604
2636,04/03/2023 16:05:32,10.647
2637,04/03/2023 16:06:02,10.658
2638,04/03/2023 16:06:32,10.679
2639,04/03/2023 16:07:02,10.733
2640,04/03/2023 16:07:32,10.765
2641,04/03/2023 16:08:02,10.776
2642,04/03/2023 16:08:32,10.819
2643,04/03/2023 16:09:02,10.840
2644,04/03/2023 16:09:32,10.872
2645,04/03/2023 16:10:02,10.883
2646,04/03/2023 16:10:32,10.937
2647,04/03/2023 16:11:02,10.969
2648,04/03/2023 16:11:32,11.001
2649,04/03/2023 16:12:02,11.033
2650,04/03/2023 16:12:32,11.066
2651,04/03/2023 16:13:02,11.130
2652,04/03/2023 16:13:32,11.151
2653,04/03/2023 16:14:02,11.205
2654,04/03/2023 16:14:32,11.216
2655,04/03/2023 16:15:02,11.259
2656,04/03/2023 16:15:32,11.301
2657,04/03/2023 16:16:02,11.344
2658,04/03/2023 16:16:32,11.366
2659,04/03/2023 16:17:02,11.419
2660,04/03/2023 16:17:32,11.441
2661,04/03/2023 16:18:02,11.484
2662,04/03/2023 16:18:32,11.516
2663,04/03/2023 16:19:02,11.570
2664,04/03/2023 16:19:32,11.613
2665,04/03/2023 16:20:02,11.634
2666,04/03/2023 16:20:32,11.677
2667,04/03/2023 16:21:02,11.730
2668,04/03/2023 16:21:32,11.763
2669,04/03/2023 16:22:02,11.795
2670,04/03/2023 16:22:32,11.827
2671,04/03/2023 16:23:02,11.902
2672,04/03/2023 16:23:32,11.913
2673,04/03/2023 16:24:02,11.945
2674,04/03/2023 16:24:32,11.988
2675,04/03/2023 16:25:02,12.031
2676,04/03/2023 16:25:32,12.052
2677,04/03/2023 16:26:02,12.095
2678,04/03/2023 16:26:32,12.106
2679,04/03/2023 16:27:02,12.127
2680,04/03/2023 16:27:32,12.127
2681,04/03/2023 16:28:02,12.117
2682,04/03/2023 16:28:32,12.074
2683,04/03/2023 16:29:02,11.999
2684,04/03/2023 16:29:32,11.924
2685,04/03/2023 16:30:02,11.838
2686,04/03/2023 16:30:32,11.741
2687,04/03/2023 16:31:02,11.634
2688,04/03/2023 16:31:32,11.516
2689,04/03/2023 16:32:02,11.409
2690,04/03/2023 16:32:32,11.312
2691,04/03/2023 16:33:02,11.237
2692,04/03/2023 16:33:32,11.162
2693,04/03/2023 16:34:02,11.076
2694,04/03/2023 16:34:32,10.980
2695,04/03/2023 16:35:02,10.948
2696,04/03/2023 16:35:32,10.883
2697,04/03/2023 16:36:02,10.819
2698,04/03/2023 16:36:32,10.754
2699,04/03/2023 16:37:02,10.733
2700,04/03/2023 16:37:32,10.690
2701,04/03/2023 16:38:02,10.669
2702,04/03/2023 16:38:32,10.615
2703,04/03/2023 16:39:02,10.604
2704,04/03/2023 16:39:32,10.561
2705,04/03/2023 16:40:02,10.572
2706,04/03/2023 16:40:32,10.551
2707,04/03/2023 16:41:02,10.551
2708,04/03/2023 16:41:32,10.551
2709,04/03/2023 16:42:02,10.529
2710,04/03/2023 16:42:32,10.551
2711,04/03/2023 16:43:02,10.529
2712,04/03/2023 16:43:32,10.551
2713,04/03/2023 16:44:02,10.540
2714,04/03/2023 16:44:32,10.551
2715,04/03/2023 16:45:02,10.561
2716,04/03/2023 16:45:32,10.572
2717,04/03/2023 16:46:02,10.594
2718,04/03/2023 16:46:32,10.615
2719,04/03/2023 16:47:02,10.637
2720,04/03/2023 16:47:32,10.637
2721,04/03/2023 16:48:02,10.679
2722,04/03/2023 16:48:32,10.669
2723,04/03/2023 16:49:02,10.733
2724,04/03/2023 16:49:32,10.765
2725,04/03/2023 16:50:02,10.776
2726,04/03/2023 16:50:32,10.830
2727,04/03/2023 16:51:02,10.862
2728,04/03/2023 16:51:32,10.883
2729,04/03/2023 16:52:02,10.926
2730,04/03/2023 16:52:32,11.012
2731,04/03/2023 16:53:02,11.291
2732,04/03/2023 16:53:32,12.546
2733,04/03/2023 16:54:02,13.768
2734,04/03/2023 16:54:32,14.691
2735,04/03/2023 16:55:02,15.474
2736,04/03/2023 16:55:32,16.096
2737,04/03/2023 16:56:02,16.653
2738,04/03/2023 16:56:32,17.136
2739,04/03/2023 16:57:02,17.543
2740,04/03/2023 16:57:32,17.940
2741,04/03/2023 16:58:02,18.284
2742,04/03/2023 16:58:32,18.573
2743,04/03/2023 16:59:02,18.863
2744,04/03/2023 16:59:32,19.131
2745,04/03/2023 17:00:02,19.377
2746,04/03/2023 17:00:32,19.592
2747,04/03/2023 17:01:02,19.796
2748,04/03/2023 17:01:32,20.000
2749,04/03/2023 17:02:02,20.193
2750,04/03/2023 17:02:32,20.353
2751,04/03/2023 17:03:02,20.504
2752,04/03/2023 17:03:32,20.643
2753,04/03/2023 17:04:02,20.815
2754,04/03/2023 17:04:32,20.933
2755,04/03/2023 17:05:02,21.051
2756,04/03/2023 17:05:32,21.169
2757,04/03/2023 17:06:02,21.287
2758,04/03/2023 17:06:32,21.394
2759,04/03/2023 17:07:02,21.512
2760,04/03/2023 17:07:32,21.608
2761,04/03/2023 17:08:02,21.694
2762,04/03/2023 17:08:32,21.769
2763,04/03/2023 17:09:02,21.866
2764,04/03/2023 17:09:32,21.930
2765,04/03/2023 17:10:02,22.027
2766,04/03/2023 17:10:32,22.080
2767,04/03/2023 17:11:02,22.155
2768,04/03/2023 17:11:32,22.220
2769,04/03/2023 17:12:02,22.284
2770,04/03/2023 17:12:32,22.370
2771,04/03/2023 17:13:02,22.423
2772,04/03/2023 17:13:32,22.456
2773,04/03/2023 17:14:02,22.531
2774,04/03/2023 17:14:32,22.552
2775,04/03/2023 17:15:02,22.616
2776,04/03/2023 17:15:32,22.670
2777,04/03/2023 17:16:02,22.734
2778,04/03/2023 17:16:32,22.767
2779,04/03/2023 17:17:02,22.810
2780,04/03/2023 17:17:32,22.863
2781,04/03/2023 17:18:02,22.874
2782,04/03/2023 17:18:32,22.906
2783,04/03/2023 17:19:02,22.970
2784,04/03/2023 17:19:32,22.981
2785,04/03/2023 17:20:02,23.045
2786,04/03/2023 17:20:32,23.056
2787,04/03/2023 17:21:02,23.088
2788,04/03/2023 17:21:32,23.121
2789,04/03/2023 17:22:02,23.142
2790,04/03/2023 17:22:32,23.174
2791,04/03/2023 17:23:02,23.196
2792,04/03/2023 17:23:32,23.217
2793,04/03/2023 17:24:02,23.249
2794,04/03/2023 17:24:32,23.271
2795,04/03/2023 17:25:02,23.281
2796,04/03/2023 17:25:32,23.324
2797,04/03/2023 17:26:02,23.324
2798,04/03/2023 17:26:32,23.356
2799,04/03/2023 17:27:02,23.378
2800,04/03/2023 17:27:32,23.399
2801,04/03/2023 17:28:02,23.389
2802,04/03/2023 17:28:32,23.399
2803,04/03/2023 17:29:02,23.453
2804,04/03/2023 17:29:32,23.453
2805,04/03/2023 17:30:02,23.464
2806,04/03/2023 17:30:32,23.485
2807,04/03/2023 17:31:02,23.496
2808,04/03/2023 17:31:32,23.496
2809,04/03/2023 17:32:02,23.539
2810,04/03/2023 17:32:32,23.539
2811,04/03/2023 17:33:02,23.550
2812,04/03/2023 17:33:32,23.560
2813,04/03/2023 17:34:02,23.560
2814,04/03/2023 17:34:32,23.592
2815,04/03/2023 17:35:02,23.592
2816,04/03/2023 17:35:32,23.592
2817,04/03/2023 17:36:02,23.614
2818,04/03/2023 17:36:32,23.635
2819,04/03/2023 17:37:02,23.635
2820,04/03/2023 17:37:32,23.668
2821,04/03/2023 17:38:02,23.485